player_id,activity_date,activity_date_key
P00001,2025-07-12,20250712
P00001,2025-01-26,20250126
P00002,2025-01-07,20250107
P00002,2025-05-21,20250521
P00002,2025-04-09,20250409
P00003,2025-07-15,20250715
P00004,2024-06-16,20240616
P00005,2024-04-19,20240419
P00005,2024-08-17,20240817
P00005,2024-05-08,20240508
P00006,2024-10-03,20241003
P00006,2025-09-01,20250901
P00006,2025-05-03,20250503
P00006,2024-09-05,20240905
P00007,2024-06-07,20240607
P00007,2024-02-27,20240227
P00007,2025-05-19,20250519
P00007,2025-04-22,20250422
P00007,2025-10-28,20251028
P00007,2025-08-02,20250802
P00008,2024-05-03,20240503
P00008,2025-08-07,20250807
P00008,2024-08-06,20240806
P00008,2024-07-08,20240708
P00008,2024-11-27,20241127
P00008,2025-11-09,20251109
P00008,2024-06-30,20240630
P00008,2025-04-05,20250405
P00008,2025-06-01,20250601
P00009,2025-05-02,20250502
P00010,2025-07-31,20250731
P00010,2025-09-06,20250906
P00011,2025-08-19,20250819
P00011,2025-12-26,20251226
P00011,2025-06-03,20250603
P00012,2025-04-16,20250416
P00012,2024-07-26,20240726
P00012,2024-06-16,20240616
P00012,2024-05-25,20240525
P00012,2024-12-20,20241220
P00012,2024-08-28,20240828
P00012,2025-05-17,20250517
P00013,2025-10-20,20251020
P00013,2025-02-03,20250203
P00013,2024-05-16,20240516
P00014,2025-06-01,20250601
P00015,2025-07-27,20250727
P00015,2024-08-27,20240827
P00015,2024-06-02,20240602
P00016,2025-01-31,20250131
P00016,2024-12-03,20241203
P00017,2025-01-08,20250108
P00017,2025-12-01,20251201
P00017,2024-08-09,20240809
P00017,2024-09-11,20240911
P00017,2025-03-22,20250322
P00017,2025-05-16,20250516
P00017,2025-06-07,20250607
P00018,2025-04-14,20250414
P00018,2025-11-12,20251112
P00019,2025-01-15,20250115
P00019,2025-07-22,20250722
P00019,2025-09-11,20250911
P00019,2024-12-28,20241228
P00019,2024-09-05,20240905
P00019,2025-06-01,20250601
P00019,2025-04-08,20250408
P00019,2025-10-21,20251021
P00019,2025-12-28,20251228
P00019,2025-05-12,20250512
P00020,2024-12-19,20241219
P00020,2025-09-17,20250917
P00020,2025-11-24,20251124
P00020,2025-08-31,20250831
P00020,2025-01-19,20250119
P00020,2025-04-28,20250428
P00020,2025-10-26,20251026
P00020,2025-07-23,20250723
P00020,2025-06-26,20250626
P00020,2025-02-05,20250205
P00021,2025-05-01,20250501
P00022,2025-09-16,20250916
P00022,2025-08-21,20250821
P00022,2024-08-07,20240807
P00022,2025-05-04,20250504
P00022,2024-10-01,20241001
P00022,2025-01-30,20250130
P00022,2025-02-05,20250205
P00022,2025-10-23,20251023
P00022,2024-07-26,20240726
P00022,2025-07-10,20250710
P00023,2025-06-17,20250617
P00023,2025-12-28,20251228
P00023,2025-08-27,20250827
P00023,2025-03-20,20250320
P00023,2025-11-24,20251124
P00023,2025-04-12,20250412
P00023,2025-02-18,20250218
P00024,2024-12-10,20241210
P00024,2025-10-26,20251026
P00024,2024-11-30,20241130
P00024,2024-09-02,20240902
P00025,2025-01-09,20250109
P00025,2025-04-24,20250424
P00026,2025-02-19,20250219
P00026,2024-11-17,20241117
P00026,2025-09-04,20250904
P00026,2024-02-12,20240212
P00027,2024-10-04,20241004
P00027,2025-04-21,20250421
P00027,2025-10-23,20251023
P00027,2025-02-16,20250216
P00027,2024-09-25,20240925
P00027,2025-09-07,20250907
P00028,2025-03-06,20250306
P00029,2025-11-19,20251119
P00030,2025-05-30,20250530
P00030,2024-09-26,20240926
P00030,2024-03-20,20240320
P00030,2025-12-28,20251228
P00030,2024-06-08,20240608
P00030,2024-10-29,20241029
P00030,2024-12-31,20241231
P00030,2024-11-09,20241109
P00031,2025-07-17,20250717
P00031,2024-11-14,20241114
P00031,2024-08-15,20240815
P00031,2024-03-31,20240331
P00031,2025-10-01,20251001
P00031,2024-10-21,20241021
P00032,2025-11-04,20251104
P00032,2024-08-27,20240827
P00032,2024-06-22,20240622
P00032,2025-07-31,20250731
P00032,2024-12-17,20241217
P00032,2025-02-09,20250209
P00033,2025-02-27,20250227
P00033,2025-04-13,20250413
P00033,2025-03-05,20250305
P00034,2025-04-09,20250409
P00035,2024-10-21,20241021
P00035,2025-09-14,20250914
P00036,2025-10-01,20251001
P00036,2025-09-22,20250922
P00037,2024-02-20,20240220
P00037,2025-07-25,20250725
P00037,2024-05-06,20240506
P00037,2025-08-01,20250801
P00037,2025-09-24,20250924
P00037,2024-11-15,20241115
P00037,2024-09-28,20240928
P00037,2024-10-30,20241030
P00037,2025-11-23,20251123
P00038,2025-02-06,20250206
P00038,2025-10-21,20251021
P00039,2024-06-26,20240626
P00039,2024-11-19,20241119
P00039,2024-03-19,20240319
P00040,2024-11-25,20241125
P00040,2025-02-15,20250215
P00040,2025-03-25,20250325
P00040,2024-10-22,20241022
P00040,2025-06-15,20250615
P00041,2024-12-24,20241224
P00041,2025-07-22,20250722
P00042,2025-08-25,20250825
P00042,2025-01-17,20250117
P00042,2025-02-07,20250207
P00043,2025-04-04,20250404
P00044,2025-05-22,20250522
P00044,2024-11-21,20241121
P00044,2025-06-06,20250606
P00045,2025-06-15,20250615
P00045,2024-10-11,20241011
P00045,2024-07-08,20240708
P00046,2024-12-26,20241226
P00046,2025-11-14,20251114
P00047,2025-10-01,20251001
P00047,2025-08-31,20250831
P00048,2025-11-11,20251111
P00048,2025-10-09,20251009
P00048,2025-06-02,20250602
P00048,2025-12-12,20251212
P00049,2024-09-14,20240914
P00049,2025-09-19,20250919
P00050,2025-08-06,20250806
P00050,2025-06-03,20250603
P00050,2025-02-07,20250207
P00050,2025-10-19,20251019
P00051,2025-04-22,20250422
P00051,2024-10-06,20241006
P00051,2024-08-13,20240813
P00052,2025-06-27,20250627
P00053,2025-01-12,20250112
P00053,2025-11-04,20251104
P00054,2025-10-14,20251014
P00054,2025-11-08,20251108
P00054,2025-02-09,20250209
P00054,2025-05-22,20250522
P00054,2025-08-11,20250811
P00054,2025-01-23,20250123
P00054,2025-06-01,20250601
P00054,2025-03-14,20250314
P00055,2025-02-02,20250202
P00055,2024-07-07,20240707
P00055,2025-09-18,20250918
P00056,2025-01-29,20250129
P00056,2025-09-11,20250911
P00057,2025-02-17,20250217
P00057,2024-05-13,20240513
P00057,2025-06-29,20250629
P00057,2025-12-30,20251230
P00057,2024-06-16,20240616
P00057,2025-04-08,20250408
P00057,2024-08-19,20240819
P00058,2025-06-07,20250607
P00059,2025-09-19,20250919
P00059,2024-05-01,20240501
P00059,2024-07-28,20240728
P00059,2025-12-15,20251215
P00059,2025-10-08,20251008
P00060,2025-02-04,20250204
P00061,2025-08-26,20250826
P00061,2024-11-22,20241122
P00061,2025-04-12,20250412
P00061,2025-02-24,20250224
P00061,2025-06-17,20250617
P00062,2025-01-02,20250102
P00062,2025-05-23,20250523
P00062,2024-02-05,20240205
P00062,2024-06-11,20240611
P00062,2025-04-06,20250406
P00062,2024-05-18,20240518
P00063,2025-07-10,20250710
P00063,2025-06-22,20250622
P00063,2025-02-21,20250221
P00064,2025-05-11,20250511
P00064,2025-07-08,20250708
P00065,2024-10-09,20241009
P00065,2025-08-26,20250826
P00065,2025-12-02,20251202
P00066,2025-05-12,20250512
P00067,2024-12-16,20241216
P00067,2024-10-06,20241006
P00067,2025-02-08,20250208
P00067,2025-12-25,20251225
P00068,2025-01-14,20250114
P00068,2025-06-15,20250615
P00068,2025-02-21,20250221
P00068,2025-04-07,20250407
P00068,2025-03-09,20250309
P00068,2024-12-19,20241219
P00068,2025-10-16,20251016
P00069,2024-12-08,20241208
P00070,2024-10-03,20241003
P00070,2025-09-10,20250910
P00071,2025-08-17,20250817
P00071,2024-11-03,20241103
P00071,2025-01-13,20250113
P00071,2025-09-14,20250914
P00071,2025-05-24,20250524
P00071,2025-04-30,20250430
P00072,2025-06-14,20250614
P00072,2024-12-24,20241224
P00072,2024-11-11,20241111
P00072,2024-07-30,20240730
P00072,2025-03-13,20250313
P00073,2025-10-05,20251005
P00073,2025-08-22,20250822
P00073,2025-09-15,20250915
P00073,2025-06-23,20250623
P00073,2025-11-17,20251117
P00073,2025-01-09,20250109
P00073,2024-07-03,20240703
P00073,2025-05-20,20250520
P00073,2025-03-26,20250326
P00073,2024-08-17,20240817
P00074,2025-05-02,20250502
P00075,2025-05-11,20250511
P00075,2025-06-27,20250627
P00075,2025-04-02,20250402
P00076,2025-10-18,20251018
P00076,2024-12-08,20241208
P00077,2025-02-08,20250208
P00077,2024-12-28,20241228
P00077,2025-05-01,20250501
P00077,2025-10-27,20251027
P00077,2024-09-27,20240927
P00077,2025-03-16,20250316
P00077,2025-01-09,20250109
P00077,2025-12-13,20251213
P00077,2025-07-11,20250711
P00078,2025-12-30,20251230
P00078,2024-08-07,20240807
P00079,2025-02-16,20250216
P00080,2025-07-22,20250722
P00081,2025-06-20,20250620
P00081,2025-12-29,20251229
P00081,2024-12-12,20241212
P00081,2025-09-07,20250907
P00081,2025-01-29,20250129
P00081,2025-02-11,20250211
P00081,2025-04-01,20250401
P00081,2025-11-06,20251106
P00081,2025-10-15,20251015
P00082,2025-10-14,20251014
P00082,2025-06-20,20250620
P00083,2025-04-28,20250428
P00083,2024-08-06,20240806
P00083,2025-01-15,20250115
P00083,2025-03-02,20250302
P00083,2025-10-29,20251029
P00083,2025-05-03,20250503
P00084,2025-08-29,20250829
P00085,2025-10-16,20251016
P00086,2024-08-09,20240809
P00086,2025-04-17,20250417
P00087,2025-10-09,20251009
P00088,2025-06-03,20250603
P00088,2024-12-27,20241227
P00089,2025-09-20,20250920
P00090,2024-07-13,20240713
P00090,2024-10-08,20241008
P00090,2025-07-29,20250729
P00090,2025-02-23,20250223
P00090,2025-09-21,20250921
P00090,2025-10-23,20251023
P00090,2025-12-19,20251219
P00090,2024-11-12,20241112
P00090,2025-11-18,20251118
P00091,2024-12-28,20241228
P00092,2025-08-12,20250812
P00093,2024-11-24,20241124
P00093,2025-01-07,20250107
P00093,2025-08-25,20250825
P00094,2025-07-15,20250715
P00094,2025-10-31,20251031
P00094,2025-12-11,20251211
P00094,2025-04-10,20250410
P00094,2025-01-03,20250103
P00094,2025-11-22,20251122
P00094,2025-05-14,20250514
P00094,2025-02-16,20250216
P00094,2024-12-10,20241210
P00094,2024-11-29,20241129
P00095,2024-04-06,20240406
P00095,2024-09-12,20240912
P00095,2024-05-27,20240527
P00096,2025-10-27,20251027
P00097,2025-04-25,20250425
P00097,2025-09-07,20250907
P00098,2025-05-26,20250526
P00098,2024-04-11,20240411
P00099,2025-06-19,20250619
P00099,2025-05-31,20250531
P00099,2025-04-16,20250416
P00099,2025-12-14,20251214
P00099,2025-08-21,20250821
P00100,2025-08-02,20250802
P00100,2024-11-18,20241118
P00100,2024-07-13,20240713
P00100,2024-12-09,20241209
P00101,2024-10-03,20241003
P00101,2025-05-08,20250508
P00102,2024-03-23,20240323
P00102,2025-01-06,20250106
P00102,2024-09-14,20240914
P00102,2025-09-18,20250918
P00102,2025-05-12,20250512
P00103,2025-11-14,20251114
P00103,2024-12-27,20241227
P00103,2024-05-29,20240529
P00103,2024-11-15,20241115
P00103,2025-04-28,20250428
P00103,2025-06-03,20250603
P00103,2025-02-08,20250208
P00103,2024-06-16,20240616
P00104,2024-05-22,20240522
P00105,2024-09-24,20240924
P00105,2024-08-16,20240816
P00105,2025-05-17,20250517
P00105,2025-10-26,20251026
P00105,2024-06-27,20240627
P00105,2025-01-05,20250105
P00105,2024-07-04,20240704
P00105,2025-09-18,20250918
P00106,2025-03-12,20250312
P00106,2025-12-02,20251202
P00106,2025-11-01,20251101
P00106,2025-10-23,20251023
P00106,2025-02-21,20250221
P00106,2025-05-17,20250517
P00106,2024-10-22,20241022
P00107,2024-12-03,20241203
P00108,2025-07-04,20250704
P00108,2025-09-03,20250903
P00109,2025-10-22,20251022
P00109,2025-03-06,20250306
P00110,2025-10-30,20251030
P00111,2025-05-02,20250502
P00111,2024-07-29,20240729
P00111,2025-08-14,20250814
P00112,2025-01-06,20250106
P00113,2025-07-10,20250710
P00113,2025-09-30,20250930
P00113,2025-05-14,20250514
P00113,2025-01-06,20250106
P00113,2025-11-03,20251103
P00113,2025-06-16,20250616
P00114,2025-12-02,20251202
P00114,2024-09-25,20240925
P00114,2025-10-29,20251029
P00115,2024-11-14,20241114
P00115,2025-06-20,20250620
P00115,2025-08-18,20250818
P00115,2025-04-29,20250429
P00115,2024-08-28,20240828
P00115,2025-11-06,20251106
P00115,2024-05-29,20240529
P00116,2024-05-19,20240519
P00117,2025-12-29,20251229
P00118,2024-08-07,20240807
P00118,2024-11-05,20241105
P00119,2025-12-21,20251221
P00119,2025-04-20,20250420
P00120,2025-05-16,20250516
P00120,2025-10-29,20251029
P00121,2025-10-08,20251008
P00121,2025-07-13,20250713
P00121,2025-03-08,20250308
P00122,2025-08-14,20250814
P00123,2024-08-16,20240816
P00123,2024-11-28,20241128
P00123,2025-08-17,20250817
P00123,2025-03-31,20250331
P00123,2024-09-08,20240908
P00123,2025-12-08,20251208
P00123,2025-01-25,20250125
P00124,2024-09-28,20240928
P00124,2024-07-02,20240702
P00124,2025-02-11,20250211
P00124,2024-02-10,20240210
P00124,2024-12-15,20241215
P00124,2025-01-17,20250117
P00124,2025-11-08,20251108
P00124,2025-04-18,20250418
P00124,2025-08-23,20250823
P00124,2024-06-09,20240609
P00125,2025-08-26,20250826
P00125,2025-02-23,20250223
P00126,2025-11-02,20251102
P00126,2024-05-29,20240529
P00126,2024-08-21,20240821
P00126,2025-03-15,20250315
P00126,2024-07-20,20240720
P00126,2025-12-27,20251227
P00126,2024-04-18,20240418
P00127,2025-12-16,20251216
P00127,2025-06-08,20250608
P00128,2025-10-16,20251016
P00128,2025-11-13,20251113
P00129,2025-01-20,20250120
P00129,2025-11-10,20251110
P00129,2024-01-24,20240124
P00130,2024-09-07,20240907
P00130,2024-10-04,20241004
P00130,2025-08-29,20250829
P00131,2025-10-31,20251031
P00131,2024-09-14,20240914
P00131,2025-11-19,20251119
P00131,2025-01-22,20250122
P00131,2025-08-24,20250824
P00131,2024-11-13,20241113
P00131,2025-05-12,20250512
P00131,2025-02-26,20250226
P00132,2025-04-27,20250427
P00132,2025-05-15,20250515
P00132,2025-11-11,20251111
P00132,2025-07-25,20250725
P00132,2025-10-28,20251028
P00132,2025-01-22,20250122
P00132,2025-08-13,20250813
P00132,2025-09-01,20250901
P00132,2024-12-17,20241217
P00132,2025-06-06,20250606
P00133,2025-10-11,20251011
P00133,2025-05-17,20250517
P00133,2024-12-30,20241230
P00133,2025-11-30,20251130
P00133,2024-11-22,20241122
P00133,2025-07-13,20250713
P00133,2025-01-06,20250106
P00133,2024-10-17,20241017
P00133,2025-02-27,20250227
P00133,2025-06-13,20250613
P00134,2025-10-07,20251007
P00134,2025-09-18,20250918
P00134,2025-01-03,20250103
P00134,2024-12-01,20241201
P00134,2025-02-24,20250224
P00134,2025-05-25,20250525
P00135,2025-07-04,20250704
P00136,2025-07-15,20250715
P00137,2024-07-19,20240719
P00138,2024-08-09,20240809
P00138,2025-07-07,20250707
P00138,2025-05-22,20250522
P00138,2025-10-17,20251017
P00138,2024-07-17,20240717
P00138,2025-04-02,20250402
P00138,2024-10-06,20241006
P00139,2025-10-17,20251017
P00139,2025-12-07,20251207
P00139,2025-02-21,20250221
P00140,2025-02-09,20250209
P00141,2025-02-19,20250219
P00141,2024-12-05,20241205
P00141,2025-11-19,20251119
P00141,2025-06-11,20250611
P00141,2025-05-24,20250524
P00141,2025-09-12,20250912
P00141,2025-01-10,20250110
P00142,2024-08-03,20240803
P00143,2024-08-01,20240801
P00143,2024-11-13,20241113
P00144,2025-09-06,20250906
P00144,2024-11-19,20241119
P00144,2025-01-28,20250128
P00144,2025-05-12,20250512
P00144,2024-10-25,20241025
P00144,2025-02-11,20250211
P00144,2025-03-02,20250302
P00144,2025-06-15,20250615
P00145,2025-08-18,20250818
P00145,2025-11-26,20251126
P00145,2025-02-11,20250211
P00145,2025-04-25,20250425
P00146,2025-02-23,20250223
P00146,2025-03-23,20250323
P00146,2025-11-03,20251103
P00147,2024-09-28,20240928
P00147,2025-03-13,20250313
P00147,2025-05-15,20250515
P00147,2025-08-18,20250818
P00148,2025-02-03,20250203
P00148,2025-07-10,20250710
P00148,2024-11-19,20241119
P00148,2025-04-09,20250409
P00148,2025-09-28,20250928
P00148,2025-12-20,20251220
P00148,2025-10-13,20251013
P00148,2025-01-07,20250107
P00148,2024-05-14,20240514
P00149,2025-11-03,20251103
P00149,2025-10-09,20251009
P00149,2024-08-27,20240827
P00149,2024-07-14,20240714
P00149,2024-12-30,20241230
P00149,2025-05-09,20250509
P00150,2025-03-29,20250329
P00151,2024-12-19,20241219
P00151,2025-05-04,20250504
P00152,2025-12-27,20251227
P00152,2025-08-08,20250808
P00152,2025-07-19,20250719
P00152,2024-05-28,20240528
P00152,2025-04-10,20250410
P00152,2025-05-01,20250501
P00152,2025-09-25,20250925
P00153,2024-12-21,20241221
P00153,2024-10-21,20241021
P00154,2024-12-27,20241227
P00154,2025-01-07,20250107
P00154,2025-12-23,20251223
P00154,2025-02-09,20250209
P00154,2025-10-07,20251007
P00154,2025-05-13,20250513
P00154,2024-11-11,20241111
P00154,2025-03-14,20250314
P00154,2025-06-19,20250619
P00155,2025-11-28,20251128
P00155,2025-01-26,20250126
P00156,2025-10-19,20251019
P00156,2024-12-15,20241215
P00156,2025-03-28,20250328
P00156,2024-10-08,20241008
P00157,2024-07-06,20240706
P00157,2025-04-27,20250427
P00157,2024-06-21,20240621
P00157,2024-10-02,20241002
P00158,2025-07-31,20250731
P00158,2025-01-31,20250131
P00159,2025-06-11,20250611
P00159,2025-10-16,20251016
P00159,2025-02-26,20250226
P00160,2024-11-18,20241118
P00160,2025-03-28,20250328
P00160,2025-09-03,20250903
P00161,2024-08-04,20240804
P00161,2024-10-26,20241026
P00162,2024-11-29,20241129
P00163,2025-03-13,20250313
P00163,2024-12-19,20241219
P00164,2024-11-02,20241102
P00165,2025-04-22,20250422
P00165,2025-02-11,20250211
P00166,2025-10-23,20251023
P00166,2024-08-15,20240815
P00167,2024-03-06,20240306
P00167,2024-12-03,20241203
P00167,2025-01-27,20250127
P00167,2024-11-05,20241105
P00168,2025-11-16,20251116
P00168,2024-12-12,20241212
P00168,2025-03-02,20250302
P00169,2025-10-01,20251001
P00169,2025-02-15,20250215
P00170,2025-04-04,20250404
P00171,2024-11-02,20241102
P00171,2025-12-02,20251202
P00171,2024-09-26,20240926
P00172,2025-03-21,20250321
P00172,2025-04-07,20250407
P00173,2025-06-20,20250620
P00173,2025-12-18,20251218
P00174,2024-09-11,20240911
P00174,2024-07-09,20240709
P00174,2025-04-12,20250412
P00175,2024-10-29,20241029
P00175,2025-04-28,20250428
P00176,2025-05-16,20250516
P00177,2024-05-12,20240512
P00177,2025-09-05,20250905
P00177,2024-06-10,20240610
P00177,2025-03-17,20250317
P00177,2024-09-05,20240905
P00177,2024-12-22,20241222
P00178,2025-09-22,20250922
P00178,2025-04-24,20250424
P00178,2024-09-22,20240922
P00178,2024-11-01,20241101
P00178,2024-04-04,20240404
P00178,2025-01-13,20250113
P00178,2024-07-23,20240723
P00179,2025-06-11,20250611
P00179,2025-07-03,20250703
P00179,2025-12-13,20251213
P00179,2025-10-25,20251025
P00179,2024-08-17,20240817
P00180,2024-11-25,20241125
P00181,2025-10-01,20251001
P00181,2025-06-20,20250620
P00181,2025-08-23,20250823
P00181,2025-01-28,20250128
P00181,2025-09-16,20250916
P00181,2025-12-15,20251215
P00181,2025-02-17,20250217
P00181,2025-04-08,20250408
P00181,2025-07-28,20250728
P00182,2025-12-16,20251216
P00182,2024-09-16,20240916
P00182,2025-06-11,20250611
P00182,2025-02-21,20250221
P00182,2024-10-04,20241004
P00182,2025-10-13,20251013
P00183,2025-10-13,20251013
P00183,2025-06-15,20250615
P00183,2025-02-28,20250228
P00183,2024-06-23,20240623
P00183,2025-07-12,20250712
P00183,2025-08-26,20250826
P00183,2024-09-04,20240904
P00183,2024-07-26,20240726
P00183,2025-04-08,20250408
P00183,2024-08-09,20240809
P00184,2025-06-10,20250610
P00184,2025-10-27,20251027
P00184,2025-03-13,20250313
P00185,2024-07-14,20240714
P00185,2024-10-18,20241018
P00186,2025-02-05,20250205
P00186,2025-10-06,20251006
P00186,2025-05-06,20250506
P00186,2025-07-30,20250730
P00186,2025-12-22,20251222
P00187,2025-12-12,20251212
P00187,2025-09-06,20250906
P00187,2025-02-09,20250209
P00187,2025-05-16,20250516
P00187,2024-12-04,20241204
P00187,2025-03-03,20250303
P00187,2025-10-28,20251028
P00187,2025-07-16,20250716
P00187,2024-11-24,20241124
P00188,2025-03-27,20250327
P00188,2024-08-29,20240829
P00188,2025-12-02,20251202
P00188,2025-10-17,20251017
P00188,2024-11-11,20241111
P00189,2025-08-10,20250810
P00189,2025-07-04,20250704
P00189,2025-02-05,20250205
P00190,2025-10-24,20251024
P00190,2025-04-23,20250423
P00190,2024-05-27,20240527
P00191,2024-12-27,20241227
P00191,2025-06-26,20250626
P00191,2025-09-14,20250914
P00191,2025-10-17,20251017
P00192,2025-04-24,20250424
P00192,2024-08-13,20240813
P00192,2024-11-09,20241109
P00192,2025-06-29,20250629
P00192,2025-01-04,20250104
P00192,2025-09-05,20250905
P00192,2024-10-11,20241011
P00193,2025-09-08,20250908
P00193,2025-12-09,20251209
P00193,2024-04-16,20240416
P00193,2024-09-19,20240919
P00193,2025-11-16,20251116
P00193,2024-12-07,20241207
P00193,2024-05-14,20240514
P00193,2025-05-28,20250528
P00194,2025-01-03,20250103
P00194,2025-06-02,20250602
P00194,2025-04-25,20250425
P00194,2025-07-17,20250717
P00194,2024-09-23,20240923
P00194,2025-12-21,20251221
P00195,2024-09-19,20240919
P00195,2025-01-22,20250122
P00196,2025-09-22,20250922
P00196,2025-12-04,20251204
P00196,2025-11-07,20251107
P00196,2025-02-16,20250216
P00196,2024-04-24,20240424
P00196,2025-05-22,20250522
P00196,2024-06-21,20240621
P00197,2025-03-25,20250325
P00197,2025-02-17,20250217
P00197,2025-07-04,20250704
P00198,2025-07-02,20250702
P00198,2024-04-27,20240427
P00198,2025-05-09,20250509
P00198,2024-11-29,20241129
P00198,2025-11-09,20251109
P00198,2025-02-13,20250213
P00198,2025-01-06,20250106
P00198,2024-12-06,20241206
P00198,2025-08-20,20250820
P00198,2025-12-20,20251220
P00199,2025-01-11,20250111
P00200,2025-10-01,20251001
P00200,2025-02-05,20250205
P00200,2025-06-27,20250627
P00200,2025-08-16,20250816
P00200,2025-12-06,20251206
P00200,2025-09-08,20250908
P00200,2025-11-13,20251113
P00200,2025-03-16,20250316
P00200,2024-12-30,20241230
P00201,2025-10-19,20251019
P00201,2024-04-18,20240418
P00201,2025-11-20,20251120
P00201,2025-09-16,20250916
P00201,2025-06-08,20250608
P00201,2025-08-28,20250828
P00201,2025-04-01,20250401
P00202,2025-11-22,20251122
P00202,2025-04-05,20250405
P00202,2024-10-27,20241027
P00203,2025-02-26,20250226
P00204,2025-04-02,20250402
P00204,2025-12-28,20251228
P00204,2025-03-24,20250324
P00205,2024-07-21,20240721
P00205,2025-04-02,20250402
P00205,2024-08-22,20240822
P00205,2024-11-03,20241103
P00205,2025-11-06,20251106
P00205,2025-02-15,20250215
P00205,2024-09-27,20240927
P00205,2025-06-10,20250610
P00205,2025-09-09,20250909
P00206,2025-04-13,20250413
P00206,2025-08-28,20250828
P00206,2024-10-01,20241001
P00206,2025-10-17,20251017
P00206,2025-09-13,20250913
P00206,2025-05-04,20250504
P00206,2025-03-07,20250307
P00206,2024-11-17,20241117
P00206,2025-07-09,20250709
P00207,2025-08-04,20250804
P00207,2024-12-29,20241229
P00208,2024-07-11,20240711
P00208,2024-10-16,20241016
P00209,2025-04-24,20250424
P00209,2025-11-14,20251114
P00209,2024-12-03,20241203
P00209,2025-03-10,20250310
P00209,2024-11-06,20241106
P00209,2025-12-01,20251201
P00210,2025-11-26,20251126
P00210,2024-05-11,20240511
P00211,2024-12-11,20241211
P00211,2025-11-26,20251126
P00211,2025-08-25,20250825
P00211,2025-02-13,20250213
P00211,2025-05-04,20250504
P00211,2025-12-22,20251222
P00211,2025-10-07,20251007
P00211,2025-06-29,20250629
P00211,2025-04-11,20250411
P00212,2024-11-21,20241121
P00212,2025-09-18,20250918
P00212,2025-07-07,20250707
P00213,2025-01-23,20250123
P00213,2025-12-14,20251214
P00213,2025-05-23,20250523
P00213,2025-08-05,20250805
P00213,2024-09-04,20240904
P00213,2025-04-14,20250414
P00213,2025-10-10,20251010
P00213,2025-09-17,20250917
P00213,2025-02-10,20250210
P00213,2025-03-26,20250326
P00214,2025-12-29,20251229
P00214,2025-03-15,20250315
P00214,2024-06-05,20240605
P00214,2025-04-23,20250423
P00215,2024-07-11,20240711
P00216,2025-07-01,20250701
P00216,2024-06-30,20240630
P00216,2024-09-01,20240901
P00216,2024-02-19,20240219
P00216,2025-05-03,20250503
P00216,2025-09-10,20250910
P00217,2025-09-03,20250903
P00217,2024-09-07,20240907
P00217,2025-02-26,20250226
P00218,2025-03-24,20250324
P00218,2025-01-01,20250101
P00219,2024-09-25,20240925
P00219,2025-01-08,20250108
P00219,2025-03-18,20250318
P00220,2024-09-20,20240920
P00220,2025-05-29,20250529
P00220,2025-11-27,20251127
P00220,2025-04-10,20250410
P00220,2025-07-29,20250729
P00221,2025-01-24,20250124
P00221,2025-11-15,20251115
P00222,2025-05-05,20250505
P00223,2025-11-30,20251130
P00223,2025-02-10,20250210
P00223,2025-08-12,20250812
P00224,2024-11-18,20241118
P00224,2025-07-30,20250730
P00225,2025-11-23,20251123
P00225,2024-12-23,20241223
P00225,2025-01-06,20250106
P00225,2025-08-24,20250824
P00225,2025-03-20,20250320
P00225,2024-06-26,20240626
P00225,2025-09-05,20250905
P00225,2024-11-20,20241120
P00225,2024-08-12,20240812
P00226,2025-06-24,20250624
P00227,2025-12-27,20251227
P00227,2025-06-20,20250620
P00228,2025-04-11,20250411
P00228,2024-11-30,20241130
P00228,2025-02-28,20250228
P00228,2025-06-16,20250616
P00228,2025-03-21,20250321
P00228,2025-05-03,20250503
P00228,2025-01-22,20250122
P00228,2025-09-06,20250906
P00229,2025-09-04,20250904
P00230,2025-03-18,20250318
P00230,2025-09-04,20250904
P00230,2024-04-22,20240422
P00230,2024-09-17,20240917
P00230,2025-07-10,20250710
P00230,2025-05-20,20250520
P00230,2024-08-06,20240806
P00230,2025-06-25,20250625
P00230,2025-04-14,20250414
P00230,2025-12-11,20251211
P00231,2024-10-01,20241001
P00231,2025-07-15,20250715
P00231,2025-08-08,20250808
P00231,2024-07-12,20240712
P00231,2024-09-22,20240922
P00231,2025-02-22,20250222
P00231,2024-08-18,20240818
P00231,2024-12-15,20241215
P00232,2025-08-13,20250813
P00232,2024-12-13,20241213
P00232,2025-12-02,20251202
P00233,2025-12-15,20251215
P00233,2025-05-24,20250524
P00233,2025-01-16,20250116
P00233,2024-09-27,20240927
P00233,2024-07-21,20240721
P00233,2024-11-23,20241123
P00233,2025-08-24,20250824
P00233,2025-02-09,20250209
P00233,2024-05-03,20240503
P00234,2025-09-14,20250914
P00234,2024-06-11,20240611
P00235,2025-07-11,20250711
P00235,2025-08-14,20250814
P00235,2025-01-08,20250108
P00235,2025-12-29,20251229
P00235,2024-07-30,20240730
P00235,2025-03-24,20250324
P00235,2024-09-28,20240928
P00235,2025-10-10,20251010
P00235,2024-11-07,20241107
P00235,2025-09-28,20250928
P00236,2025-02-06,20250206
P00236,2024-05-10,20240510
P00237,2025-12-25,20251225
P00237,2024-10-16,20241016
P00237,2024-12-18,20241218
P00238,2025-04-09,20250409
P00238,2025-12-31,20251231
P00238,2025-09-12,20250912
P00238,2025-10-12,20251012
P00239,2025-04-13,20250413
P00239,2025-05-13,20250513
P00239,2025-09-17,20250917
P00239,2025-07-17,20250717
P00239,2024-12-05,20241205
P00239,2025-10-06,20251006
P00239,2025-03-19,20250319
P00240,2025-07-28,20250728
P00240,2025-12-03,20251203
P00240,2024-10-13,20241013
P00240,2024-09-22,20240922
P00240,2025-09-02,20250902
P00240,2025-11-16,20251116
P00240,2024-11-22,20241122
P00241,2025-01-22,20250122
P00241,2025-10-04,20251004
P00241,2025-05-13,20250513
P00241,2024-06-13,20240613
P00241,2025-09-10,20250910
P00241,2025-11-18,20251118
P00241,2024-11-17,20241117
P00241,2025-04-20,20250420
P00241,2024-08-20,20240820
P00242,2025-12-13,20251213
P00242,2025-08-07,20250807
P00242,2025-02-05,20250205
P00242,2025-05-17,20250517
P00242,2025-03-28,20250328
P00242,2025-01-25,20250125
P00242,2024-11-29,20241129
P00242,2024-10-16,20241016
P00242,2025-07-23,20250723
P00243,2025-09-20,20250920
P00243,2025-07-10,20250710
P00243,2025-11-12,20251112
P00244,2024-09-10,20240910
P00244,2025-09-30,20250930
P00245,2024-08-08,20240808
P00246,2025-08-19,20250819
P00246,2025-06-24,20250624
P00246,2025-09-06,20250906
P00246,2025-05-28,20250528
P00246,2025-03-02,20250302
P00246,2025-11-06,20251106
P00247,2025-10-08,20251008
P00247,2024-12-24,20241224
P00247,2024-11-27,20241127
P00247,2024-08-28,20240828
P00247,2024-09-01,20240901
P00247,2025-02-10,20250210
P00248,2025-03-23,20250323
P00248,2025-08-14,20250814
P00248,2025-05-13,20250513
P00249,2025-05-02,20250502
P00249,2024-10-23,20241023
P00249,2024-06-18,20240618
P00250,2025-07-05,20250705
P00250,2025-08-06,20250806
P00250,2024-09-17,20240917
P00250,2024-10-11,20241011
P00250,2025-03-16,20250316
P00250,2025-01-12,20250112
P00250,2024-11-15,20241115
P00250,2024-08-23,20240823
P00250,2024-12-04,20241204
P00250,2025-04-27,20250427
P00251,2025-08-23,20250823
P00251,2025-11-11,20251111
P00251,2025-04-29,20250429
P00251,2025-03-05,20250305
P00251,2024-12-26,20241226
P00251,2025-09-13,20250913
P00251,2025-01-21,20250121
P00252,2025-07-13,20250713
P00252,2025-09-27,20250927
P00252,2025-12-08,20251208
P00253,2025-06-22,20250622
P00253,2025-09-10,20250910
P00254,2025-10-06,20251006
P00254,2025-03-03,20250303
P00254,2025-08-14,20250814
P00254,2024-12-14,20241214
P00255,2025-03-27,20250327
P00255,2025-10-18,20251018
P00256,2025-05-26,20250526
P00256,2024-11-16,20241116
P00256,2025-03-12,20250312
P00256,2025-02-08,20250208
P00257,2025-10-13,20251013
P00257,2024-12-02,20241202
P00258,2025-02-03,20250203
P00258,2025-01-30,20250130
P00258,2025-09-10,20250910
P00258,2024-09-06,20240906
P00258,2025-10-18,20251018
P00258,2024-11-18,20241118
P00258,2024-12-05,20241205
P00258,2025-06-21,20250621
P00258,2025-08-29,20250829
P00259,2024-09-26,20240926
P00259,2025-05-09,20250509
P00259,2024-11-05,20241105
P00260,2025-12-22,20251222
P00260,2025-05-16,20250516
P00260,2025-04-23,20250423
P00260,2024-06-11,20240611
P00260,2025-10-13,20251013
P00260,2024-11-27,20241127
P00260,2024-10-10,20241010
P00260,2024-12-03,20241203
P00260,2024-09-09,20240909
P00261,2025-07-20,20250720
P00261,2025-03-23,20250323
P00261,2025-10-30,20251030
P00261,2025-05-25,20250525
P00261,2025-04-28,20250428
P00261,2025-02-02,20250202
P00261,2025-11-13,20251113
P00261,2025-06-24,20250624
P00261,2025-09-16,20250916
P00261,2025-08-15,20250815
P00262,2025-04-18,20250418
P00262,2024-10-22,20241022
P00262,2024-11-27,20241127
P00262,2025-07-11,20250711
P00262,2025-06-16,20250616
P00262,2024-04-17,20240417
P00262,2025-10-19,20251019
P00262,2024-09-18,20240918
P00262,2025-09-03,20250903
P00263,2024-02-07,20240207
P00264,2024-01-14,20240114
P00265,2025-03-23,20250323
P00265,2025-05-20,20250520
P00265,2024-10-29,20241029
P00265,2025-06-20,20250620
P00265,2025-04-25,20250425
P00265,2024-11-06,20241106
P00265,2025-11-04,20251104
P00265,2025-08-02,20250802
P00266,2024-09-09,20240909
P00266,2025-06-07,20250607
P00266,2025-08-19,20250819
P00267,2024-07-10,20240710
P00267,2024-05-09,20240509
P00267,2025-02-10,20250210
P00268,2024-07-18,20240718
P00268,2024-10-12,20241012
P00268,2025-05-31,20250531
P00269,2025-12-27,20251227
P00269,2025-02-17,20250217
P00270,2024-03-27,20240327
P00270,2024-07-09,20240709
P00270,2025-11-16,20251116
P00270,2024-04-02,20240402
P00271,2025-01-04,20250104
P00272,2024-04-06,20240406
P00273,2025-11-23,20251123
P00273,2025-04-14,20250414
P00273,2025-09-29,20250929
P00273,2025-02-07,20250207
P00273,2024-12-14,20241214
P00273,2025-03-15,20250315
P00273,2025-01-12,20250112
P00274,2025-10-03,20251003
P00274,2025-11-17,20251117
P00274,2025-07-28,20250728
P00274,2024-10-19,20241019
P00274,2025-06-14,20250614
P00274,2025-03-22,20250322
P00274,2024-12-30,20241230
P00274,2025-05-23,20250523
P00274,2025-04-08,20250408
P00275,2025-06-11,20250611
P00275,2025-05-07,20250507
P00275,2025-12-15,20251215
P00275,2025-04-22,20250422
P00275,2024-10-24,20241024
P00275,2024-07-11,20240711
P00275,2025-01-29,20250129
P00276,2025-10-27,20251027
P00277,2025-09-08,20250908
P00278,2025-07-28,20250728
P00279,2024-05-22,20240522
P00279,2025-07-22,20250722
P00279,2025-12-25,20251225
P00279,2025-08-20,20250820
P00279,2024-04-22,20240422
P00279,2024-11-04,20241104
P00280,2025-09-03,20250903
P00280,2025-01-30,20250130
P00281,2025-03-17,20250317
P00281,2025-12-18,20251218
P00282,2025-09-30,20250930
P00283,2025-06-04,20250604
P00283,2025-11-30,20251130
P00284,2024-06-05,20240605
P00285,2025-07-21,20250721
P00285,2025-01-12,20250112
P00285,2025-10-23,20251023
P00286,2025-06-26,20250626
P00286,2024-09-01,20240901
P00287,2024-12-21,20241221
P00287,2025-02-23,20250223
P00287,2024-10-27,20241027
P00287,2025-07-16,20250716
P00287,2025-05-31,20250531
P00287,2025-04-14,20250414
P00287,2025-08-07,20250807
P00287,2025-10-28,20251028
P00287,2025-01-28,20250128
P00287,2025-03-19,20250319
P00288,2024-05-08,20240508
P00288,2025-12-08,20251208
P00288,2024-12-23,20241223
P00288,2024-04-26,20240426
P00289,2025-12-17,20251217
P00290,2024-12-11,20241211
P00290,2024-08-06,20240806
P00290,2024-10-15,20241015
P00290,2025-10-05,20251005
P00291,2025-06-14,20250614
P00291,2025-11-25,20251125
P00291,2025-05-02,20250502
P00291,2025-04-16,20250416
P00291,2025-03-03,20250303
P00292,2025-09-18,20250918
P00292,2024-12-15,20241215
P00292,2025-02-12,20250212
P00292,2025-10-15,20251015
P00292,2025-12-13,20251213
P00292,2025-11-18,20251118
P00292,2025-01-15,20250115
P00292,2025-05-25,20250525
P00292,2025-03-23,20250323
P00293,2025-04-28,20250428
P00293,2024-10-28,20241028
P00293,2024-11-27,20241127
P00293,2024-08-01,20240801
P00293,2025-10-19,20251019
P00293,2025-09-28,20250928
P00294,2025-11-22,20251122
P00294,2025-02-22,20250222
P00294,2025-06-16,20250616
P00294,2025-07-28,20250728
P00294,2025-10-16,20251016
P00294,2025-04-03,20250403
P00294,2025-09-28,20250928
P00294,2025-05-13,20250513
P00295,2025-10-27,20251027
P00296,2025-06-17,20250617
P00296,2025-10-23,20251023
P00296,2025-12-20,20251220
P00296,2025-07-05,20250705
P00296,2025-08-22,20250822
P00297,2024-09-17,20240917
P00297,2025-03-20,20250320
P00298,2024-11-09,20241109
P00298,2025-01-01,20250101
P00299,2024-09-18,20240918
P00299,2024-06-28,20240628
P00300,2024-11-05,20241105
P00301,2025-09-03,20250903
P00301,2025-04-05,20250405
P00301,2025-02-10,20250210
P00301,2025-11-13,20251113
P00301,2024-10-04,20241004
P00302,2025-08-26,20250826
P00302,2025-10-19,20251019
P00302,2024-10-05,20241005
P00303,2024-05-05,20240505
P00303,2024-08-19,20240819
P00303,2024-09-22,20240922
P00303,2025-07-27,20250727
P00304,2024-11-17,20241117
P00305,2025-10-30,20251030
P00306,2025-05-07,20250507
P00306,2024-02-09,20240209
P00307,2025-05-01,20250501
P00307,2025-02-18,20250218
P00307,2024-07-31,20240731
P00307,2024-10-04,20241004
P00307,2025-08-05,20250805
P00307,2025-03-09,20250309
P00307,2025-11-27,20251127
P00307,2025-09-17,20250917
P00308,2024-01-23,20240123
P00308,2025-07-08,20250708
P00309,2025-02-22,20250222
P00309,2024-10-07,20241007
P00309,2025-07-29,20250729
P00309,2024-12-23,20241223
P00309,2025-12-31,20251231
P00309,2025-06-29,20250629
P00309,2025-01-25,20250125
P00309,2025-09-06,20250906
P00309,2025-05-14,20250514
P00310,2024-12-17,20241217
P00310,2025-09-16,20250916
P00310,2024-06-26,20240626
P00310,2025-05-23,20250523
P00310,2025-08-02,20250802
P00310,2025-12-04,20251204
P00310,2025-03-21,20250321
P00310,2024-08-07,20240807
P00310,2024-11-02,20241102
P00311,2025-02-27,20250227
P00311,2025-03-14,20250314
P00311,2024-02-01,20240201
P00311,2024-04-18,20240418
P00312,2025-05-24,20250524
P00312,2025-01-24,20250124
P00312,2024-12-17,20241217
P00312,2024-10-13,20241013
P00312,2025-07-24,20250724
P00312,2025-10-18,20251018
P00312,2025-08-22,20250822
P00312,2025-02-13,20250213
P00312,2025-04-17,20250417
P00312,2025-11-05,20251105
P00313,2025-03-24,20250324
P00313,2025-11-18,20251118
P00313,2025-07-10,20250710
P00313,2025-04-07,20250407
P00313,2025-12-08,20251208
P00313,2025-10-06,20251006
P00313,2025-08-22,20250822
P00313,2025-02-26,20250226
P00314,2024-03-19,20240319
P00314,2025-12-22,20251222
P00314,2025-10-31,20251031
P00315,2025-01-18,20250118
P00316,2025-07-18,20250718
P00316,2025-02-01,20250201
P00317,2025-03-14,20250314
P00317,2024-02-13,20240213
P00317,2025-12-04,20251204
P00317,2025-05-14,20250514
P00317,2025-11-14,20251114
P00317,2025-01-16,20250116
P00317,2024-07-07,20240707
P00317,2024-03-19,20240319
P00318,2025-03-01,20250301
P00318,2025-05-23,20250523
P00318,2025-06-23,20250623
P00318,2025-10-26,20251026
P00318,2024-10-13,20241013
P00319,2025-05-23,20250523
P00319,2025-03-16,20250316
P00319,2024-12-14,20241214
P00319,2025-09-29,20250929
P00319,2025-10-26,20251026
P00319,2025-12-03,20251203
P00319,2024-11-15,20241115
P00320,2025-03-29,20250329
P00320,2025-01-14,20250114
P00320,2025-11-20,20251120
P00320,2025-02-06,20250206
P00320,2025-09-07,20250907
P00320,2025-05-10,20250510
P00320,2025-07-07,20250707
P00320,2025-12-26,20251226
P00321,2024-08-25,20240825
P00321,2024-09-23,20240923
P00321,2025-07-28,20250728
P00321,2025-11-22,20251122
P00321,2024-10-31,20241031
P00321,2024-07-26,20240726
P00321,2025-04-01,20250401
P00322,2025-01-25,20250125
P00322,2024-12-28,20241228
P00322,2024-11-30,20241130
P00322,2025-11-24,20251124
P00323,2025-01-10,20250110
P00323,2025-04-16,20250416
P00324,2025-07-27,20250727
P00324,2025-03-15,20250315
P00325,2024-08-08,20240808
P00325,2024-09-20,20240920
P00326,2024-09-01,20240901
P00326,2025-10-26,20251026
P00326,2025-03-25,20250325
P00326,2024-05-13,20240513
P00326,2024-02-20,20240220
P00326,2024-03-31,20240331
P00326,2024-11-03,20241103
P00326,2025-07-20,20250720
P00326,2024-12-04,20241204
P00327,2024-07-23,20240723
P00327,2024-12-17,20241217
P00327,2024-10-30,20241030
P00327,2024-04-16,20240416
P00327,2025-09-28,20250928
P00327,2024-08-02,20240802
P00328,2024-07-30,20240730
P00329,2024-10-26,20241026
P00329,2024-05-21,20240521
P00329,2024-03-08,20240308
P00330,2024-04-10,20240410
P00330,2025-01-13,20250113
P00331,2025-12-08,20251208
P00331,2025-04-26,20250426
P00331,2025-02-11,20250211
P00331,2025-07-28,20250728
P00331,2025-06-21,20250621
P00331,2024-12-04,20241204
P00331,2025-09-10,20250910
P00331,2025-10-21,20251021
P00332,2025-02-09,20250209
P00332,2024-08-01,20240801
P00332,2024-10-26,20241026
P00332,2025-04-06,20250406
P00332,2025-03-06,20250306
P00332,2025-12-22,20251222
P00332,2025-11-29,20251129
P00333,2024-12-01,20241201
P00333,2024-09-27,20240927
P00333,2025-05-18,20250518
P00334,2024-09-15,20240915
P00335,2025-11-18,20251118
P00335,2024-06-05,20240605
P00335,2025-03-30,20250330
P00336,2025-11-28,20251128
P00336,2025-05-18,20250518
P00337,2025-11-13,20251113
P00337,2025-09-05,20250905
P00337,2024-10-11,20241011
P00338,2024-12-21,20241221
P00338,2025-06-16,20250616
P00338,2025-05-13,20250513
P00338,2025-09-13,20250913
P00338,2025-08-17,20250817
P00338,2024-03-27,20240327
P00338,2025-12-07,20251207
P00338,2025-11-08,20251108
P00339,2024-12-09,20241209
P00339,2025-03-12,20250312
P00340,2025-03-16,20250316
P00340,2024-12-26,20241226
P00340,2025-06-14,20250614
P00341,2025-08-06,20250806
P00342,2025-09-11,20250911
P00342,2025-04-03,20250403
P00343,2024-09-24,20240924
P00343,2025-07-03,20250703
P00344,2025-05-24,20250524
P00344,2025-01-17,20250117
P00344,2025-07-28,20250728
P00344,2024-08-26,20240826
P00344,2024-06-16,20240616
P00344,2025-10-25,20251025
P00344,2025-03-15,20250315
P00344,2025-06-13,20250613
P00344,2024-11-15,20241115
P00345,2025-05-31,20250531
P00345,2025-04-26,20250426
P00345,2025-10-23,20251023
P00346,2025-02-12,20250212
P00347,2025-06-17,20250617
P00348,2024-11-19,20241119
P00348,2025-08-04,20250804
P00349,2025-06-24,20250624
P00349,2025-01-14,20250114
P00349,2025-10-23,20251023
P00349,2025-08-20,20250820
P00349,2024-10-20,20241020
P00349,2024-08-06,20240806
P00349,2024-07-22,20240722
P00349,2024-12-25,20241225
P00350,2025-04-13,20250413
P00350,2025-03-06,20250306
P00350,2025-10-13,20251013
P00350,2024-12-23,20241223
P00350,2025-06-20,20250620
P00350,2025-09-20,20250920
P00350,2025-01-12,20250112
P00350,2025-12-13,20251213
P00351,2025-07-07,20250707
P00351,2025-11-22,20251122
P00351,2025-02-10,20250210
P00351,2025-10-10,20251010
P00351,2024-12-27,20241227
P00351,2025-09-20,20250920
P00351,2025-06-09,20250609
P00351,2025-08-17,20250817
P00351,2025-12-27,20251227
P00351,2024-11-15,20241115
P00352,2025-05-04,20250504
P00352,2024-07-24,20240724
P00352,2025-07-29,20250729
P00353,2024-06-19,20240619
P00353,2025-08-13,20250813
P00354,2025-12-17,20251217
P00354,2025-09-29,20250929
P00354,2025-08-18,20250818
P00354,2025-05-12,20250512
P00355,2024-12-28,20241228
P00355,2025-10-30,20251030
P00356,2025-02-02,20250202
P00356,2025-07-10,20250710
P00356,2024-04-15,20240415
P00356,2025-10-30,20251030
P00356,2025-08-12,20250812
P00356,2025-12-26,20251226
P00356,2025-11-17,20251117
P00357,2025-12-12,20251212
P00357,2024-02-29,20240229
P00357,2024-05-16,20240516
P00358,2025-03-27,20250327
P00358,2025-09-13,20250913
P00359,2025-10-13,20251013
P00359,2025-01-04,20250104
P00359,2025-06-14,20250614
P00360,2025-06-15,20250615
P00360,2025-12-11,20251211
P00360,2025-09-23,20250923
P00360,2024-10-03,20241003
P00360,2025-07-03,20250703
P00360,2024-12-28,20241228
P00361,2024-12-22,20241222
P00361,2025-03-16,20250316
P00361,2025-09-13,20250913
P00362,2025-12-25,20251225
P00363,2025-05-08,20250508
P00363,2025-11-05,20251105
P00363,2025-02-17,20250217
P00363,2024-12-20,20241220
P00363,2025-12-01,20251201
P00363,2025-01-22,20250122
P00363,2025-06-18,20250618
P00363,2024-11-15,20241115
P00363,2025-07-05,20250705
P00363,2025-09-07,20250907
P00364,2025-07-13,20250713
P00364,2025-11-09,20251109
P00364,2025-03-16,20250316
P00364,2025-08-27,20250827
P00364,2025-10-05,20251005
P00364,2025-05-23,20250523
P00364,2024-12-28,20241228
P00364,2025-06-21,20250621
P00364,2025-01-07,20250107
P00365,2024-08-04,20240804
P00365,2024-12-30,20241230
P00365,2025-01-03,20250103
P00365,2025-09-24,20250924
P00365,2025-04-29,20250429
P00365,2025-06-20,20250620
P00365,2025-10-11,20251011
P00365,2024-05-01,20240501
P00366,2025-10-20,20251020
P00366,2025-04-03,20250403
P00366,2024-12-31,20241231
P00366,2024-09-19,20240919
P00366,2025-02-02,20250202
P00366,2025-09-18,20250918
P00367,2025-07-14,20250714
P00368,2024-10-24,20241024
P00368,2025-05-16,20250516
P00368,2025-03-23,20250323
P00368,2025-10-11,20251011
P00368,2024-12-21,20241221
P00368,2024-11-02,20241102
P00368,2025-12-22,20251222
P00368,2025-07-27,20250727
P00369,2025-07-25,20250725
P00369,2024-12-29,20241229
P00369,2025-01-16,20250116
P00369,2025-10-09,20251009
P00369,2024-05-15,20240515
P00370,2025-06-16,20250616
P00370,2024-12-06,20241206
P00370,2024-11-14,20241114
P00370,2025-09-21,20250921
P00370,2025-07-01,20250701
P00371,2025-08-09,20250809
P00371,2024-12-27,20241227
P00372,2025-11-12,20251112
P00372,2025-08-22,20250822
P00372,2025-05-05,20250505
P00372,2025-01-20,20250120
P00372,2025-07-07,20250707
P00373,2025-08-19,20250819
P00373,2025-07-22,20250722
P00373,2024-06-15,20240615
P00373,2024-05-16,20240516
P00373,2025-05-15,20250515
P00373,2024-03-25,20240325
P00373,2025-10-02,20251002
P00374,2025-01-07,20250107
P00374,2024-11-17,20241117
P00374,2025-11-26,20251126
P00374,2025-09-01,20250901
P00374,2025-08-05,20250805
P00374,2025-02-16,20250216
P00374,2025-07-15,20250715
P00374,2024-06-02,20240602
P00374,2024-12-09,20241209
P00374,2025-05-31,20250531
P00375,2025-10-16,20251016
P00376,2024-07-07,20240707
P00376,2024-01-29,20240129
P00377,2025-05-07,20250507
P00378,2025-04-14,20250414
P00379,2024-03-15,20240315
P00379,2024-07-06,20240706
P00380,2025-08-10,20250810
P00380,2025-06-06,20250606
P00380,2025-09-13,20250913
P00380,2025-03-10,20250310
P00380,2025-04-18,20250418
P00380,2025-01-26,20250126
P00380,2025-05-31,20250531
P00380,2025-12-20,20251220
P00381,2025-01-31,20250131
P00381,2025-06-13,20250613
P00381,2025-11-09,20251109
P00381,2025-08-10,20250810
P00382,2024-07-15,20240715
P00383,2024-09-25,20240925
P00383,2025-12-30,20251230
P00383,2025-11-24,20251124
P00383,2024-06-21,20240621
P00383,2024-08-06,20240806
P00384,2025-06-28,20250628
P00384,2024-01-30,20240130
P00384,2025-03-08,20250308
P00384,2025-09-02,20250902
P00384,2025-02-25,20250225
P00385,2025-12-18,20251218
P00385,2024-11-10,20241110
P00385,2025-08-29,20250829
P00385,2025-04-07,20250407
P00385,2024-12-28,20241228
P00385,2025-10-09,20251009
P00386,2025-11-22,20251122
P00387,2025-06-06,20250606
P00387,2024-07-10,20240710
P00387,2024-08-24,20240824
P00387,2025-04-18,20250418
P00387,2024-12-27,20241227
P00387,2025-07-09,20250709
P00387,2024-10-08,20241008
P00388,2025-08-23,20250823
P00388,2024-08-27,20240827
P00388,2025-01-09,20250109
P00388,2025-02-15,20250215
P00389,2025-03-11,20250311
P00389,2025-05-25,20250525
P00390,2025-12-14,20251214
P00390,2025-09-29,20250929
P00390,2025-06-03,20250603
P00390,2025-05-16,20250516
P00390,2025-03-22,20250322
P00390,2025-02-15,20250215
P00390,2025-07-28,20250728
P00390,2025-04-10,20250410
P00391,2025-02-14,20250214
P00391,2025-03-25,20250325
P00391,2025-09-16,20250916
P00391,2025-12-01,20251201
P00391,2025-07-21,20250721
P00392,2025-07-12,20250712
P00392,2025-01-04,20250104
P00392,2025-05-28,20250528
P00392,2025-10-13,20251013
P00392,2025-09-17,20250917
P00393,2025-08-02,20250802
P00393,2025-09-24,20250924
P00393,2024-11-01,20241101
P00393,2025-06-07,20250607
P00393,2025-05-30,20250530
P00394,2025-03-21,20250321
P00394,2025-09-26,20250926
P00395,2024-09-02,20240902
P00396,2025-11-07,20251107
P00396,2024-12-25,20241225
P00396,2025-10-14,20251014
P00396,2025-06-30,20250630
P00396,2025-07-24,20250724
P00396,2025-04-16,20250416
P00396,2025-03-15,20250315
P00396,2025-02-12,20250212
P00397,2025-11-28,20251128
P00398,2024-12-14,20241214
P00398,2025-02-01,20250201
P00399,2025-01-24,20250124
P00399,2025-12-21,20251221
P00399,2025-04-11,20250411
P00399,2025-09-27,20250927
P00399,2024-10-16,20241016
P00400,2025-07-25,20250725
P00401,2025-05-29,20250529
P00401,2025-06-10,20250610
P00401,2024-08-17,20240817
P00402,2025-01-03,20250103
P00402,2025-12-08,20251208
P00402,2024-11-20,20241120
P00403,2024-02-15,20240215
P00403,2024-09-20,20240920
P00403,2025-04-04,20250404
P00403,2024-07-22,20240722
P00403,2025-01-18,20250118
P00403,2024-03-06,20240306
P00403,2024-10-23,20241023
P00403,2025-02-27,20250227
P00403,2024-11-26,20241126
P00404,2024-12-03,20241203
P00404,2025-02-09,20250209
P00404,2025-03-03,20250303
P00405,2025-07-22,20250722
P00406,2024-12-17,20241217
P00406,2025-08-11,20250811
P00406,2025-04-02,20250402
P00407,2024-10-18,20241018
P00407,2025-02-24,20250224
P00407,2025-08-05,20250805
P00407,2025-10-24,20251024
P00407,2025-12-24,20251224
P00407,2025-03-06,20250306
P00407,2024-11-02,20241102
P00407,2025-01-08,20250108
P00407,2025-04-15,20250415
P00408,2025-09-10,20250910
P00409,2024-09-05,20240905
P00410,2024-10-06,20241006
P00411,2024-09-25,20240925
P00411,2024-08-20,20240820
P00411,2024-07-14,20240714
P00411,2025-08-12,20250812
P00411,2025-09-25,20250925
P00411,2024-12-19,20241219
P00412,2025-10-30,20251030
P00412,2025-05-22,20250522
P00412,2024-10-03,20241003
P00412,2025-08-05,20250805
P00412,2024-09-09,20240909
P00412,2025-02-18,20250218
P00412,2025-03-11,20250311
P00412,2025-09-16,20250916
P00412,2025-01-02,20250102
P00412,2025-11-12,20251112
P00413,2025-08-11,20250811
P00413,2025-09-20,20250920
P00413,2025-03-01,20250301
P00413,2024-04-30,20240430
P00413,2024-12-08,20241208
P00413,2024-05-05,20240505
P00414,2024-12-03,20241203
P00415,2024-06-05,20240605
P00415,2025-10-10,20251010
P00415,2025-09-06,20250906
P00415,2024-10-24,20241024
P00415,2025-02-19,20250219
P00415,2025-11-25,20251125
P00415,2025-01-13,20250113
P00415,2025-07-01,20250701
P00415,2025-04-20,20250420
P00416,2025-12-29,20251229
P00416,2025-07-30,20250730
P00416,2025-04-12,20250412
P00417,2025-05-09,20250509
P00417,2025-06-09,20250609
P00418,2024-12-16,20241216
P00418,2025-01-14,20250114
P00418,2024-09-27,20240927
P00418,2025-03-25,20250325
P00418,2024-11-13,20241113
P00418,2025-04-23,20250423
P00418,2025-11-21,20251121
P00418,2025-12-13,20251213
P00419,2024-12-05,20241205
P00419,2025-10-23,20251023
P00419,2024-09-18,20240918
P00419,2024-10-22,20241022
P00419,2025-04-30,20250430
P00420,2025-08-29,20250829
P00420,2025-05-18,20250518
P00420,2025-02-20,20250220
P00420,2025-12-16,20251216
P00420,2025-04-17,20250417
P00420,2025-01-16,20250116
P00420,2025-03-19,20250319
P00421,2025-07-15,20250715
P00421,2024-12-09,20241209
P00421,2025-02-07,20250207
P00422,2025-11-10,20251110
P00422,2025-08-24,20250824
P00422,2025-06-25,20250625
P00423,2025-07-22,20250722
P00423,2025-12-08,20251208
P00423,2025-08-27,20250827
P00424,2025-08-26,20250826
P00424,2025-07-17,20250717
P00424,2025-11-22,20251122
P00424,2025-09-30,20250930
P00424,2025-02-23,20250223
P00424,2025-01-14,20250114
P00424,2025-12-24,20251224
P00424,2024-11-07,20241107
P00424,2025-06-22,20250622
P00425,2025-11-12,20251112
P00425,2025-07-27,20250727
P00425,2025-05-27,20250527
P00425,2025-03-30,20250330
P00425,2025-10-27,20251027
P00425,2025-06-17,20250617
P00426,2025-05-18,20250518
P00426,2025-12-21,20251221
P00426,2024-07-19,20240719
P00426,2024-11-19,20241119
P00426,2025-08-15,20250815
P00426,2025-04-06,20250406
P00426,2025-09-16,20250916
P00426,2025-07-08,20250708
P00426,2024-12-16,20241216
P00426,2024-05-18,20240518
P00427,2024-10-07,20241007
P00427,2025-04-10,20250410
P00428,2025-02-13,20250213
P00428,2024-10-31,20241031
P00428,2025-09-02,20250902
P00428,2024-12-07,20241207
P00428,2025-07-15,20250715
P00428,2025-11-25,20251125
P00428,2024-09-11,20240911
P00428,2024-06-02,20240602
P00428,2025-06-07,20250607
P00429,2025-02-06,20250206
P00429,2024-07-29,20240729
P00429,2025-09-26,20250926
P00429,2025-01-07,20250107
P00429,2025-11-25,20251125
P00429,2025-12-07,20251207
P00429,2024-12-19,20241219
P00429,2025-06-06,20250606
P00430,2025-08-28,20250828
P00430,2025-05-11,20250511
P00431,2025-04-05,20250405
P00431,2025-08-04,20250804
P00432,2025-04-22,20250422
P00432,2025-02-28,20250228
P00432,2024-06-10,20240610
P00433,2024-05-17,20240517
P00433,2025-06-08,20250608
P00433,2025-01-17,20250117
P00433,2025-09-21,20250921
P00433,2024-07-25,20240725
P00433,2024-09-23,20240923
P00433,2024-10-20,20241020
P00433,2025-12-11,20251211
P00433,2025-07-25,20250725
P00434,2025-03-06,20250306
P00434,2025-11-01,20251101
P00434,2025-07-06,20250706
P00435,2025-04-14,20250414
P00435,2025-01-04,20250104
P00436,2024-09-15,20240915
P00436,2024-06-03,20240603
P00436,2025-04-11,20250411
P00437,2025-07-06,20250706
P00437,2024-02-10,20240210
P00438,2025-10-22,20251022
P00438,2025-08-20,20250820
P00438,2025-09-18,20250918
P00438,2025-06-01,20250601
P00439,2025-12-01,20251201
P00440,2024-12-24,20241224
P00440,2025-05-07,20250507
P00441,2025-10-09,20251009
P00442,2025-12-19,20251219
P00442,2025-01-22,20250122
P00442,2025-11-05,20251105
P00443,2024-07-29,20240729
P00444,2024-10-22,20241022
P00444,2024-06-09,20240609
P00444,2024-12-23,20241223
P00445,2025-04-04,20250404
P00446,2024-08-10,20240810
P00446,2025-01-23,20250123
P00446,2025-09-09,20250909
P00446,2024-07-02,20240702
P00446,2025-10-28,20251028
P00446,2025-07-14,20250714
P00446,2025-03-16,20250316
P00446,2024-05-01,20240501
P00446,2025-06-02,20250602
P00447,2024-08-27,20240827
P00447,2024-10-31,20241031
P00447,2025-02-17,20250217
P00448,2025-04-25,20250425
P00448,2024-10-03,20241003
P00448,2025-09-09,20250909
P00448,2025-02-22,20250222
P00448,2025-07-23,20250723
P00449,2024-12-15,20241215
P00449,2025-09-21,20250921
P00449,2025-04-12,20250412
P00449,2025-02-08,20250208
P00449,2024-10-10,20241010
P00450,2025-11-04,20251104
P00450,2024-10-29,20241029
P00450,2024-11-29,20241129
P00450,2025-05-06,20250506
P00450,2024-06-14,20240614
P00451,2025-04-23,20250423
P00451,2024-08-15,20240815
P00451,2025-02-13,20250213
P00451,2024-09-25,20240925
P00451,2024-06-02,20240602
P00451,2024-07-02,20240702
P00451,2024-05-16,20240516
P00451,2025-12-09,20251209
P00451,2025-06-28,20250628
P00451,2025-11-13,20251113
P00452,2025-02-11,20250211
P00452,2025-04-14,20250414
P00453,2025-08-08,20250808
P00453,2025-03-28,20250328
P00454,2024-03-08,20240308
P00454,2024-04-06,20240406
P00454,2024-10-15,20241015
P00454,2024-12-30,20241230
P00454,2025-05-12,20250512
P00454,2024-08-16,20240816
P00455,2025-02-13,20250213
P00456,2025-04-13,20250413
P00457,2025-04-01,20250401
P00457,2025-11-30,20251130
P00457,2025-03-27,20250327
P00457,2025-07-12,20250712
P00457,2025-08-15,20250815
P00457,2024-12-18,20241218
P00457,2025-01-31,20250131
P00457,2025-09-28,20250928
P00457,2024-11-30,20241130
P00457,2025-06-23,20250623
P00458,2025-12-25,20251225
P00458,2025-10-19,20251019
P00458,2024-08-02,20240802
P00458,2025-05-22,20250522
P00459,2024-09-03,20240903
P00459,2025-09-10,20250910
P00459,2025-02-17,20250217
P00460,2024-11-12,20241112
P00460,2025-01-30,20250130
P00460,2025-11-20,20251120
P00460,2025-03-05,20250305
P00461,2025-10-20,20251020
P00461,2025-03-17,20250317
P00461,2025-07-06,20250706
P00462,2025-02-13,20250213
P00462,2025-01-12,20250112
P00462,2025-07-11,20250711
P00462,2024-10-12,20241012
P00462,2025-10-30,20251030
P00463,2025-05-19,20250519
P00463,2024-08-23,20240823
P00463,2025-08-09,20250809
P00464,2025-08-03,20250803
P00464,2024-09-23,20240923
P00464,2024-11-17,20241117
P00465,2025-03-13,20250313
P00466,2024-10-22,20241022
P00466,2025-08-20,20250820
P00466,2024-05-15,20240515
P00466,2025-01-31,20250131
P00466,2025-04-07,20250407
P00466,2024-06-26,20240626
P00467,2024-12-28,20241228
P00467,2025-02-23,20250223
P00467,2025-05-31,20250531
P00467,2025-12-13,20251213
P00467,2024-07-29,20240729
P00468,2025-12-26,20251226
P00468,2025-01-08,20250108
P00468,2025-02-06,20250206
P00469,2025-01-15,20250115
P00469,2025-03-24,20250324
P00470,2024-09-19,20240919
P00470,2025-12-09,20251209
P00470,2025-08-27,20250827
P00470,2024-10-21,20241021
P00470,2025-02-24,20250224
P00470,2025-07-27,20250727
P00470,2024-12-06,20241206
P00470,2024-07-14,20240714
P00470,2024-11-28,20241128
P00471,2024-06-06,20240606
P00471,2024-07-26,20240726
P00472,2025-02-09,20250209
P00472,2025-11-19,20251119
P00472,2025-06-30,20250630
P00472,2025-04-05,20250405
P00472,2025-01-23,20250123
P00472,2025-05-31,20250531
P00473,2025-05-07,20250507
P00473,2025-10-27,20251027
P00474,2025-01-07,20250107
P00474,2024-11-28,20241128
P00475,2025-11-07,20251107
P00475,2024-08-31,20240831
P00476,2025-11-04,20251104
P00476,2025-09-24,20250924
P00477,2025-12-05,20251205
P00478,2024-11-09,20241109
P00479,2025-08-03,20250803
P00479,2024-12-17,20241217
P00480,2025-01-25,20250125
P00480,2025-08-18,20250818
P00480,2024-11-04,20241104
P00480,2025-10-17,20251017
P00480,2025-02-18,20250218
P00480,2025-03-05,20250305
P00481,2024-10-28,20241028
P00481,2024-12-29,20241229
P00481,2025-04-15,20250415
P00481,2025-09-30,20250930
P00481,2025-08-19,20250819
P00481,2025-05-27,20250527
P00481,2025-10-22,20251022
P00481,2025-12-10,20251210
P00481,2024-09-29,20240929
P00481,2025-07-26,20250726
P00482,2025-07-31,20250731
P00482,2024-12-11,20241211
P00482,2025-12-16,20251216
P00483,2024-07-17,20240717
P00483,2025-04-13,20250413
P00483,2025-06-26,20250626
P00484,2025-05-29,20250529
P00485,2025-06-18,20250618
P00486,2025-11-17,20251117
P00486,2025-08-31,20250831
P00486,2024-12-12,20241212
P00486,2025-05-23,20250523
P00486,2025-04-22,20250422
P00486,2025-02-22,20250222
P00486,2024-10-30,20241030
P00486,2025-06-05,20250605
P00486,2025-09-11,20250911
P00486,2024-11-04,20241104
P00487,2025-11-21,20251121
P00487,2025-01-20,20250120
P00488,2025-11-10,20251110
P00488,2024-09-24,20240924
P00488,2024-05-23,20240523
P00489,2024-11-26,20241126
P00489,2025-04-26,20250426
P00490,2025-04-06,20250406
P00491,2024-12-16,20241216
P00491,2025-12-01,20251201
P00491,2024-09-13,20240913
P00491,2025-05-06,20250506
P00492,2025-10-10,20251010
P00492,2025-12-09,20251209
P00492,2024-10-31,20241031
P00492,2024-12-13,20241213
P00492,2025-07-03,20250703
P00492,2025-08-27,20250827
P00492,2025-06-18,20250618
P00492,2025-04-20,20250420
P00492,2025-05-02,20250502
P00492,2025-11-17,20251117
P00493,2025-03-01,20250301
P00493,2025-04-05,20250405
P00494,2024-06-20,20240620
P00494,2025-05-16,20250516
P00494,2025-12-21,20251221
P00494,2025-11-13,20251113
P00494,2025-03-23,20250323
P00494,2025-04-24,20250424
P00494,2024-10-31,20241031
P00494,2025-10-26,20251026
P00495,2025-01-24,20250124
P00495,2025-04-18,20250418
P00495,2025-03-14,20250314
P00495,2025-02-03,20250203
P00495,2025-09-02,20250902
P00495,2024-10-01,20241001
P00495,2025-07-18,20250718
P00495,2025-12-24,20251224
P00495,2024-11-09,20241109
P00496,2025-09-01,20250901
P00496,2025-11-02,20251102
P00496,2025-06-19,20250619
P00496,2025-08-14,20250814
P00496,2025-10-20,20251020
P00496,2024-12-10,20241210
P00496,2025-02-09,20250209
P00496,2025-05-10,20250510
P00496,2025-12-29,20251229
P00496,2024-11-06,20241106
P00497,2024-07-31,20240731
P00497,2024-10-23,20241023
P00498,2025-09-17,20250917
P00498,2024-07-12,20240712
P00499,2025-01-22,20250122
P00499,2025-07-29,20250729
P00499,2025-05-08,20250508
P00499,2025-11-03,20251103
P00499,2025-09-26,20250926
P00500,2025-11-16,20251116
P00500,2025-10-31,20251031
P00500,2025-03-16,20250316
P00500,2025-05-15,20250515
P00500,2025-08-06,20250806
P00500,2024-12-09,20241209
P00500,2025-12-07,20251207
P00500,2025-04-14,20250414
P00501,2025-03-09,20250309
P00501,2024-10-03,20241003
P00502,2025-12-02,20251202
P00502,2025-07-14,20250714
P00502,2025-10-03,20251003
P00502,2024-09-05,20240905
P00503,2025-09-17,20250917
P00503,2024-09-09,20240909
P00503,2025-05-20,20250520
P00503,2024-08-02,20240802
P00503,2024-06-24,20240624
P00503,2025-01-18,20250118
P00503,2024-10-21,20241021
P00503,2025-08-27,20250827
P00503,2024-07-22,20240722
P00503,2025-07-11,20250711
P00504,2025-07-06,20250706
P00504,2025-10-25,20251025
P00504,2025-01-19,20250119
P00504,2025-11-16,20251116
P00504,2025-06-21,20250621
P00504,2025-09-02,20250902
P00505,2025-04-07,20250407
P00505,2024-10-04,20241004
P00505,2025-02-03,20250203
P00505,2024-07-15,20240715
P00505,2025-01-08,20250108
P00505,2024-11-03,20241103
P00505,2025-09-29,20250929
P00505,2024-09-30,20240930
P00506,2024-07-26,20240726
P00506,2024-10-16,20241016
P00506,2025-09-04,20250904
P00506,2024-12-01,20241201
P00506,2025-11-20,20251120
P00506,2025-08-13,20250813
P00507,2024-06-16,20240616
P00507,2025-03-31,20250331
P00507,2025-08-05,20250805
P00507,2024-07-23,20240723
P00507,2025-04-27,20250427
P00507,2025-05-06,20250506
P00507,2025-10-26,20251026
P00507,2024-10-02,20241002
P00508,2024-06-06,20240606
P00508,2024-10-21,20241021
P00509,2025-08-10,20250810
P00509,2024-12-01,20241201
P00509,2024-11-04,20241104
P00509,2025-10-25,20251025
P00509,2024-09-12,20240912
P00509,2025-04-09,20250409
P00510,2025-10-23,20251023
P00510,2024-08-30,20240830
P00510,2025-06-22,20250622
P00510,2025-09-29,20250929
P00510,2024-06-22,20240622
P00510,2025-08-01,20250801
P00510,2025-07-29,20250729
P00510,2025-11-16,20251116
P00510,2025-03-05,20250305
P00510,2024-12-26,20241226
P00511,2025-10-23,20251023
P00511,2025-07-19,20250719
P00511,2025-11-14,20251114
P00512,2025-12-06,20251206
P00512,2025-06-06,20250606
P00512,2025-04-23,20250423
P00512,2025-08-25,20250825
P00512,2025-07-12,20250712
P00512,2025-05-23,20250523
P00512,2025-10-30,20251030
P00512,2024-12-01,20241201
P00513,2025-08-24,20250824
P00514,2024-09-29,20240929
P00514,2025-05-12,20250512
P00515,2025-10-17,20251017
P00515,2025-07-30,20250730
P00515,2025-11-14,20251114
P00515,2025-08-09,20250809
P00516,2024-09-16,20240916
P00516,2024-06-23,20240623
P00516,2025-06-13,20250613
P00516,2024-02-08,20240208
P00516,2024-07-09,20240709
P00517,2025-06-18,20250618
P00517,2025-09-16,20250916
P00517,2024-06-20,20240620
P00517,2025-07-22,20250722
P00517,2025-02-04,20250204
P00517,2024-02-25,20240225
P00517,2024-04-20,20240420
P00517,2025-08-06,20250806
P00517,2025-12-06,20251206
P00517,2025-03-26,20250326
P00518,2025-07-20,20250720
P00518,2025-06-13,20250613
P00519,2024-05-03,20240503
P00519,2025-01-15,20250115
P00519,2024-02-01,20240201
P00520,2025-12-01,20251201
P00520,2025-05-20,20250520
P00520,2024-08-14,20240814
P00520,2025-06-04,20250604
P00521,2025-06-17,20250617
P00521,2025-07-24,20250724
P00521,2025-01-12,20250112
P00521,2025-02-13,20250213
P00521,2025-12-30,20251230
P00521,2024-11-12,20241112
P00521,2025-11-14,20251114
P00521,2025-08-10,20250810
P00522,2025-01-26,20250126
P00522,2024-09-30,20240930
P00522,2025-07-07,20250707
P00522,2025-05-04,20250504
P00522,2025-11-29,20251129
P00522,2025-12-24,20251224
P00522,2025-09-20,20250920
P00522,2025-08-07,20250807
P00523,2024-11-26,20241126
P00523,2024-08-11,20240811
P00524,2025-11-12,20251112
P00524,2024-08-11,20240811
P00524,2025-05-02,20250502
P00524,2024-03-18,20240318
P00525,2024-12-24,20241224
P00526,2025-10-22,20251022
P00526,2025-09-23,20250923
P00526,2025-02-08,20250208
P00526,2025-06-02,20250602
P00526,2025-04-06,20250406
P00526,2024-12-31,20241231
P00526,2025-12-22,20251222
P00527,2025-01-14,20250114
P00527,2025-07-03,20250703
P00528,2025-12-15,20251215
P00528,2025-01-31,20250131
P00529,2025-05-27,20250527
P00530,2025-03-25,20250325
P00530,2025-04-23,20250423
P00530,2024-07-27,20240727
P00530,2024-05-17,20240517
P00531,2025-08-24,20250824
P00531,2025-06-29,20250629
P00531,2025-05-03,20250503
P00531,2024-05-20,20240520
P00531,2024-11-10,20241110
P00532,2025-07-14,20250714
P00533,2025-11-21,20251121
P00534,2025-05-05,20250505
P00534,2025-04-30,20250430
P00534,2025-06-05,20250605
P00534,2024-11-20,20241120
P00534,2024-12-22,20241222
P00534,2025-01-05,20250105
P00534,2025-11-27,20251127
P00534,2025-03-04,20250304
P00534,2025-10-29,20251029
P00534,2025-08-09,20250809
P00535,2025-06-24,20250624
P00535,2025-02-19,20250219
P00535,2024-10-20,20241020
P00535,2024-07-03,20240703
P00535,2025-04-10,20250410
P00535,2024-05-02,20240502
P00536,2025-02-08,20250208
P00536,2025-01-19,20250119
P00537,2024-09-10,20240910
P00537,2024-11-24,20241124
P00537,2025-12-12,20251212
P00538,2025-01-08,20250108
P00539,2025-08-01,20250801
P00539,2025-06-25,20250625
P00539,2024-12-02,20241202
P00539,2025-09-07,20250907
P00539,2025-03-10,20250310
P00539,2025-05-20,20250520
P00539,2025-11-07,20251107
P00539,2025-01-24,20250124
P00540,2025-11-03,20251103
P00540,2025-01-25,20250125
P00540,2024-06-10,20240610
P00540,2025-02-27,20250227
P00540,2025-07-27,20250727
P00540,2025-04-15,20250415
P00540,2024-12-22,20241222
P00540,2024-07-27,20240727
P00541,2025-12-17,20251217
P00541,2024-12-18,20241218
P00542,2024-07-20,20240720
P00542,2025-04-04,20250404
P00542,2025-06-01,20250601
P00542,2024-08-26,20240826
P00542,2024-12-16,20241216
P00543,2025-01-14,20250114
P00543,2025-11-11,20251111
P00543,2024-09-07,20240907
P00544,2024-10-12,20241012
P00545,2025-08-09,20250809
P00545,2024-12-30,20241230
P00545,2025-02-22,20250222
P00545,2025-12-15,20251215
P00545,2024-04-05,20240405
P00546,2024-06-27,20240627
P00547,2025-04-04,20250404
P00548,2025-06-11,20250611
P00548,2024-07-20,20240720
P00548,2025-01-09,20250109
P00548,2025-12-10,20251210
P00548,2024-12-17,20241217
P00548,2024-06-12,20240612
P00549,2025-05-31,20250531
P00549,2025-12-30,20251230
P00549,2024-12-25,20241225
P00549,2024-11-15,20241115
P00549,2024-07-18,20240718
P00549,2025-02-03,20250203
P00550,2024-11-22,20241122
P00550,2024-12-12,20241212
P00550,2025-03-28,20250328
P00551,2025-12-27,20251227
P00551,2024-12-29,20241229
P00552,2025-11-28,20251128
P00552,2025-08-08,20250808
P00552,2025-09-11,20250911
P00552,2025-01-16,20250116
P00552,2024-12-09,20241209
P00552,2024-09-03,20240903
P00552,2024-10-05,20241005
P00552,2024-04-20,20240420
P00552,2024-05-14,20240514
P00552,2024-02-28,20240228
P00553,2025-08-24,20250824
P00553,2024-10-28,20241028
P00554,2024-09-15,20240915
P00554,2025-07-24,20250724
P00555,2024-04-12,20240412
P00555,2024-12-18,20241218
P00555,2024-10-16,20241016
P00555,2024-02-12,20240212
P00555,2025-02-20,20250220
P00555,2025-08-13,20250813
P00556,2024-12-15,20241215
P00556,2024-11-04,20241104
P00556,2025-01-13,20250113
P00556,2025-08-27,20250827
P00556,2025-09-12,20250912
P00556,2025-06-05,20250605
P00557,2025-06-24,20250624
P00558,2025-12-29,20251229
P00558,2025-06-17,20250617
P00558,2025-03-21,20250321
P00558,2025-09-28,20250928
P00558,2025-04-22,20250422
P00558,2025-11-24,20251124
P00558,2025-01-29,20250129
P00558,2025-07-17,20250717
P00558,2025-05-21,20250521
P00558,2025-10-19,20251019
P00559,2025-05-30,20250530
P00559,2025-07-23,20250723
P00559,2025-11-21,20251121
P00559,2024-12-05,20241205
P00559,2025-12-06,20251206
P00559,2025-03-07,20250307
P00559,2025-02-26,20250226
P00559,2025-01-10,20250110
P00559,2025-10-16,20251016
P00559,2025-08-08,20250808
P00560,2025-08-28,20250828
P00560,2025-01-29,20250129
P00560,2024-11-14,20241114
P00561,2025-07-12,20250712
P00561,2025-10-29,20251029
P00561,2025-12-12,20251212
P00561,2025-05-16,20250516
P00561,2025-06-15,20250615
P00561,2025-11-29,20251129
P00561,2025-03-13,20250313
P00562,2024-04-07,20240407
P00562,2024-08-21,20240821
P00563,2024-12-19,20241219
P00563,2025-03-03,20250303
P00563,2024-10-09,20241009
P00563,2024-09-04,20240904
P00563,2024-03-31,20240331
P00563,2025-08-17,20250817
P00563,2025-07-17,20250717
P00563,2025-02-23,20250223
P00564,2024-09-05,20240905
P00564,2025-12-01,20251201
P00564,2025-05-09,20250509
P00564,2024-08-17,20240817
P00565,2025-11-20,20251120
P00565,2025-01-09,20250109
P00566,2025-05-20,20250520
P00566,2025-11-28,20251128
P00567,2024-02-02,20240202
P00567,2024-12-24,20241224
P00567,2025-06-05,20250605
P00567,2025-10-16,20251016
P00567,2025-12-07,20251207
P00567,2024-04-01,20240401
P00567,2024-09-28,20240928
P00567,2024-05-26,20240526
P00568,2025-04-19,20250419
P00568,2025-06-08,20250608
P00569,2025-12-13,20251213
P00569,2025-04-13,20250413
P00569,2024-08-11,20240811
P00569,2025-08-11,20250811
P00569,2024-12-16,20241216
P00569,2024-11-15,20241115
P00570,2025-04-17,20250417
P00570,2025-08-26,20250826
P00570,2025-10-03,20251003
P00571,2025-11-16,20251116
P00572,2025-10-12,20251012
P00572,2025-12-12,20251212
P00572,2025-02-19,20250219
P00573,2025-02-08,20250208
P00573,2024-12-13,20241213
P00573,2025-03-21,20250321
P00574,2025-02-22,20250222
P00574,2025-04-17,20250417
P00575,2025-08-21,20250821
P00576,2024-04-13,20240413
P00576,2024-02-29,20240229
P00576,2025-09-19,20250919
P00576,2024-12-15,20241215
P00576,2025-08-08,20250808
P00576,2024-03-23,20240323
P00576,2024-05-21,20240521
P00576,2025-11-10,20251110
P00577,2025-11-01,20251101
P00577,2025-10-26,20251026
P00577,2025-12-29,20251229
P00577,2025-08-29,20250829
P00577,2025-07-19,20250719
P00577,2025-06-12,20250612
P00577,2025-03-08,20250308
P00577,2025-01-06,20250106
P00578,2025-10-29,20251029
P00578,2025-08-24,20250824
P00578,2024-10-22,20241022
P00579,2025-08-17,20250817
P00579,2024-06-09,20240609
P00579,2024-09-20,20240920
P00580,2024-11-08,20241108
P00580,2024-06-23,20240623
P00580,2025-07-05,20250705
P00581,2025-05-26,20250526
P00582,2024-12-27,20241227
P00583,2025-05-08,20250508
P00583,2025-07-12,20250712
P00583,2025-09-09,20250909
P00583,2025-04-06,20250406
P00583,2024-10-26,20241026
P00583,2024-07-18,20240718
P00583,2025-02-02,20250202
P00584,2025-09-11,20250911
P00585,2025-12-14,20251214
P00585,2024-06-22,20240622
P00585,2025-06-23,20250623
P00585,2024-04-08,20240408
P00585,2025-09-13,20250913
P00585,2025-08-23,20250823
P00585,2024-02-19,20240219
P00585,2024-10-22,20241022
P00585,2024-11-05,20241105
P00585,2025-10-31,20251031
P00586,2024-10-25,20241025
P00586,2024-12-25,20241225
P00586,2025-10-29,20251029
P00586,2024-09-17,20240917
P00586,2025-11-21,20251121
P00587,2024-05-25,20240525
P00587,2024-10-24,20241024
P00587,2024-06-16,20240616
P00588,2025-08-08,20250808
P00588,2025-03-13,20250313
P00589,2025-12-01,20251201
P00589,2025-02-13,20250213
P00589,2024-04-14,20240414
P00589,2024-11-27,20241127
P00589,2024-09-06,20240906
P00589,2025-10-27,20251027
P00589,2025-09-06,20250906
P00589,2025-08-01,20250801
P00590,2024-07-22,20240722
P00590,2025-09-19,20250919
P00590,2025-01-09,20250109
P00590,2025-08-29,20250829
P00590,2025-07-20,20250720
P00590,2024-11-10,20241110
P00591,2025-10-21,20251021
P00591,2025-04-30,20250430
P00591,2025-02-28,20250228
P00591,2024-10-04,20241004
P00591,2025-09-26,20250926
P00591,2024-11-02,20241102
P00591,2025-06-08,20250608
P00591,2024-09-10,20240910
P00591,2025-11-16,20251116
P00592,2025-03-15,20250315
P00592,2025-12-27,20251227
P00592,2024-05-09,20240509
P00593,2025-02-22,20250222
P00593,2024-12-05,20241205
P00593,2024-08-28,20240828
P00593,2025-11-19,20251119
P00594,2025-12-10,20251210
P00594,2024-06-23,20240623
P00594,2025-09-06,20250906
P00594,2024-08-16,20240816
P00594,2025-10-02,20251002
P00594,2025-04-24,20250424
P00594,2024-07-17,20240717
P00595,2025-11-15,20251115
P00595,2025-09-02,20250902
P00595,2025-06-29,20250629
P00595,2025-12-30,20251230
P00595,2025-03-30,20250330
P00595,2024-11-17,20241117
P00595,2025-01-07,20250107
P00595,2025-05-13,20250513
P00595,2024-08-01,20240801
P00596,2025-04-01,20250401
P00596,2024-10-11,20241011
P00596,2025-07-26,20250726
P00596,2024-09-23,20240923
P00596,2025-01-18,20250118
P00596,2025-08-16,20250816
P00597,2025-02-02,20250202
P00597,2025-06-07,20250607
P00597,2024-11-17,20241117
P00598,2025-01-18,20250118
P00599,2025-01-03,20250103
P00599,2024-06-05,20240605
P00599,2025-05-26,20250526
P00599,2025-04-15,20250415
P00599,2025-10-19,20251019
P00599,2025-11-16,20251116
P00599,2025-06-08,20250608
P00599,2024-10-13,20241013
P00599,2024-11-16,20241116
P00600,2025-08-25,20250825
P00601,2025-03-19,20250319
P00601,2025-01-03,20250103
P00601,2025-08-12,20250812
P00601,2024-11-22,20241122
P00601,2024-04-05,20240405
P00601,2025-09-10,20250910
P00601,2024-07-09,20240709
P00602,2025-03-12,20250312
P00602,2024-02-27,20240227
P00602,2024-09-09,20240909
P00602,2024-05-25,20240525
P00602,2024-07-10,20240710
P00602,2025-02-03,20250203
P00603,2024-11-28,20241128
P00604,2025-06-06,20250606
P00605,2024-11-16,20241116
P00605,2025-11-23,20251123
P00606,2024-03-04,20240304
P00607,2024-07-21,20240721
P00607,2025-06-27,20250627
P00607,2025-05-27,20250527
P00607,2025-03-08,20250308
P00607,2025-10-24,20251024
P00607,2024-12-05,20241205
P00607,2024-09-30,20240930
P00607,2025-01-26,20250126
P00608,2024-06-27,20240627
P00608,2025-11-20,20251120
P00608,2025-06-18,20250618
P00609,2024-09-25,20240925
P00609,2025-03-05,20250305
P00609,2025-02-05,20250205
P00609,2025-12-29,20251229
P00609,2025-05-28,20250528
P00610,2025-03-21,20250321
P00610,2025-12-22,20251222
P00610,2024-06-16,20240616
P00610,2024-10-19,20241019
P00610,2025-09-16,20250916
P00611,2025-12-07,20251207
P00611,2025-03-19,20250319
P00611,2025-08-25,20250825
P00611,2025-11-06,20251106
P00611,2024-11-21,20241121
P00611,2025-05-24,20250524
P00611,2024-12-24,20241224
P00611,2025-01-28,20250128
P00611,2025-06-28,20250628
P00611,2025-10-19,20251019
P00612,2025-03-19,20250319
P00612,2024-05-27,20240527
P00612,2025-09-09,20250909
P00612,2024-08-23,20240823
P00612,2024-09-07,20240907
P00613,2025-05-25,20250525
P00613,2025-10-30,20251030
P00613,2025-06-27,20250627
P00614,2025-06-17,20250617
P00614,2024-08-17,20240817
P00614,2024-09-10,20240910
P00615,2025-07-07,20250707
P00615,2025-11-11,20251111
P00615,2024-11-25,20241125
P00616,2025-08-09,20250809
P00616,2025-02-26,20250226
P00616,2024-08-18,20240818
P00616,2024-06-21,20240621
P00616,2025-07-14,20250714
P00616,2025-01-20,20250120
P00616,2025-03-25,20250325
P00616,2024-12-04,20241204
P00616,2024-07-08,20240708
P00617,2025-11-04,20251104
P00617,2025-05-01,20250501
P00617,2025-03-04,20250304
P00617,2025-12-04,20251204
P00617,2025-01-26,20250126
P00617,2025-06-04,20250604
P00617,2024-12-17,20241217
P00617,2025-02-09,20250209
P00617,2025-04-30,20250430
P00618,2025-10-03,20251003
P00618,2024-08-24,20240824
P00618,2025-02-28,20250228
P00618,2025-03-10,20250310
P00618,2024-06-09,20240609
P00618,2025-01-13,20250113
P00618,2025-07-16,20250716
P00619,2025-05-27,20250527
P00619,2025-02-05,20250205
P00619,2025-01-17,20250117
P00619,2025-12-07,20251207
P00619,2025-09-06,20250906
P00619,2025-08-02,20250802
P00619,2025-11-11,20251111
P00619,2025-10-07,20251007
P00619,2025-07-22,20250722
P00619,2025-04-21,20250421
P00620,2025-01-05,20250105
P00620,2025-02-12,20250212
P00620,2025-08-31,20250831
P00620,2025-09-11,20250911
P00620,2025-12-13,20251213
P00620,2025-07-16,20250716
P00621,2025-02-15,20250215
P00622,2025-08-09,20250809
P00622,2025-03-07,20250307
P00622,2025-12-16,20251216
P00622,2025-10-03,20251003
P00622,2024-10-29,20241029
P00622,2024-12-19,20241219
P00623,2025-08-01,20250801
P00623,2024-11-03,20241103
P00624,2025-01-30,20250130
P00624,2025-02-27,20250227
P00624,2025-03-12,20250312
P00625,2025-02-10,20250210
P00626,2024-05-06,20240506
P00626,2025-07-16,20250716
P00626,2024-11-18,20241118
P00626,2025-04-17,20250417
P00627,2025-03-05,20250305
P00627,2025-08-15,20250815
P00627,2024-10-18,20241018
P00627,2024-12-04,20241204
P00627,2024-11-19,20241119
P00627,2025-09-20,20250920
P00627,2025-04-26,20250426
P00627,2025-01-07,20250107
P00627,2025-06-26,20250626
P00627,2025-05-08,20250508
P00628,2025-11-22,20251122
P00628,2024-06-17,20240617
P00628,2025-10-27,20251027
P00628,2025-03-04,20250304
P00628,2025-09-13,20250913
P00628,2025-06-08,20250608
P00628,2025-04-19,20250419
P00628,2025-12-05,20251205
P00629,2024-12-10,20241210
P00629,2025-04-02,20250402
P00629,2024-09-12,20240912
P00629,2025-05-23,20250523
P00629,2025-10-06,20251006
P00630,2025-03-26,20250326
P00631,2025-12-09,20251209
P00631,2025-07-24,20250724
P00632,2024-12-12,20241212
P00632,2025-08-30,20250830
P00632,2025-12-27,20251227
P00633,2025-08-14,20250814
P00633,2024-12-03,20241203
P00633,2024-10-13,20241013
P00634,2025-02-14,20250214
P00634,2024-08-12,20240812
P00634,2025-03-17,20250317
P00635,2025-07-29,20250729
P00635,2025-11-10,20251110
P00635,2025-06-18,20250618
P00635,2025-12-16,20251216
P00635,2025-10-05,20251005
P00635,2025-01-08,20250108
P00635,2024-10-14,20241014
P00635,2024-09-05,20240905
P00636,2025-07-03,20250703
P00636,2025-08-30,20250830
P00636,2025-10-31,20251031
P00636,2024-12-08,20241208
P00637,2025-03-17,20250317
P00637,2024-01-16,20240116
P00637,2025-05-09,20250509
P00638,2025-05-27,20250527
P00638,2025-10-24,20251024
P00638,2025-02-19,20250219
P00638,2024-11-07,20241107
P00639,2025-05-25,20250525
P00639,2024-10-09,20241009
P00639,2024-12-20,20241220
P00640,2025-04-04,20250404
P00640,2024-12-25,20241225
P00640,2025-07-10,20250710
P00641,2025-08-10,20250810
P00641,2024-10-04,20241004
P00642,2025-06-22,20250622
P00642,2025-10-21,20251021
P00642,2025-11-04,20251104
P00642,2025-02-14,20250214
P00642,2025-07-13,20250713
P00642,2025-12-01,20251201
P00642,2024-08-16,20240816
P00642,2025-03-23,20250323
P00643,2025-08-22,20250822
P00643,2025-04-26,20250426
P00643,2025-01-21,20250121
P00644,2024-07-09,20240709
P00644,2025-09-05,20250905
P00644,2025-02-14,20250214
P00644,2025-08-05,20250805
P00644,2024-08-08,20240808
P00644,2025-04-07,20250407
P00644,2025-11-13,20251113
P00644,2024-05-13,20240513
P00644,2025-01-08,20250108
P00645,2024-10-16,20241016
P00645,2025-11-23,20251123
P00645,2024-05-16,20240516
P00645,2024-08-29,20240829
P00645,2025-12-12,20251212
P00646,2024-12-06,20241206
P00647,2025-03-22,20250322
P00647,2025-08-12,20250812
P00647,2025-10-17,20251017
P00647,2024-12-28,20241228
P00648,2025-03-01,20250301
P00649,2025-02-18,20250218
P00649,2024-03-02,20240302
P00649,2024-06-25,20240625
P00649,2024-02-15,20240215
P00649,2025-07-30,20250730
P00649,2024-10-26,20241026
P00649,2024-09-19,20240919
P00649,2024-05-15,20240515
P00649,2025-12-26,20251226
P00649,2024-11-20,20241120
P00650,2025-12-06,20251206
P00650,2025-05-10,20250510
P00650,2025-07-02,20250702
P00650,2025-01-24,20250124
P00650,2025-08-06,20250806
P00650,2025-02-28,20250228
P00650,2025-03-28,20250328
P00651,2024-12-22,20241222
P00651,2025-02-23,20250223
P00651,2025-03-19,20250319
P00651,2024-09-04,20240904
P00651,2025-06-24,20250624
P00652,2025-02-08,20250208
P00652,2025-05-07,20250507
P00652,2024-11-23,20241123
P00652,2024-08-04,20240804
P00652,2025-06-18,20250618
P00652,2025-07-05,20250705
P00652,2025-04-16,20250416
P00653,2025-10-02,20251002
P00653,2025-03-11,20250311
P00653,2024-12-31,20241231
P00653,2025-05-11,20250511
P00653,2025-11-24,20251124
P00653,2025-08-22,20250822
P00654,2025-06-02,20250602
P00654,2025-10-13,20251013
P00654,2025-11-01,20251101
P00654,2024-08-26,20240826
P00654,2024-04-28,20240428
P00654,2024-09-19,20240919
P00654,2024-06-11,20240611
P00654,2024-07-05,20240705
P00655,2025-10-19,20251019
P00655,2024-06-05,20240605
P00655,2024-09-23,20240923
P00656,2025-10-19,20251019
P00656,2024-02-13,20240213
P00656,2025-09-05,20250905
P00657,2024-06-17,20240617
P00658,2024-12-22,20241222
P00658,2024-11-20,20241120
P00658,2025-11-22,20251122
P00658,2024-08-15,20240815
P00658,2024-10-20,20241020
P00658,2025-01-23,20250123
P00658,2025-10-09,20251009
P00658,2024-07-03,20240703
P00658,2025-04-03,20250403
P00658,2025-09-02,20250902
P00659,2025-05-07,20250507
P00660,2024-08-24,20240824
P00660,2025-03-20,20250320
P00660,2024-10-14,20241014
P00660,2025-09-24,20250924
P00660,2025-11-24,20251124
P00660,2024-09-07,20240907
P00661,2025-11-15,20251115
P00662,2024-11-18,20241118
P00662,2025-08-12,20250812
P00662,2025-07-19,20250719
P00663,2024-08-07,20240807
P00663,2025-04-26,20250426
P00664,2025-10-21,20251021
P00664,2025-11-16,20251116
P00664,2025-03-01,20250301
P00665,2024-07-16,20240716
P00666,2025-10-06,20251006
P00667,2025-07-17,20250717
P00667,2024-12-27,20241227
P00667,2025-10-18,20251018
P00668,2025-04-01,20250401
P00669,2024-10-09,20241009
P00670,2025-08-04,20250804
P00671,2025-07-20,20250720
P00671,2025-08-17,20250817
P00671,2024-11-10,20241110
P00672,2024-12-07,20241207
P00672,2024-09-15,20240915
P00672,2025-06-11,20250611
P00672,2025-07-24,20250724
P00672,2025-02-03,20250203
P00672,2024-03-30,20240330
P00672,2025-10-06,20251006
P00672,2024-02-26,20240226
P00672,2024-10-02,20241002
P00673,2024-08-21,20240821
P00673,2025-06-17,20250617
P00673,2024-07-14,20240714
P00673,2024-04-14,20240414
P00674,2025-06-14,20250614
P00674,2025-12-06,20251206
P00674,2025-09-12,20250912
P00675,2024-12-02,20241202
P00675,2025-04-16,20250416
P00675,2025-02-04,20250204
P00676,2025-04-06,20250406
P00676,2024-10-16,20241016
P00676,2025-09-28,20250928
P00677,2025-11-22,20251122
P00678,2024-10-17,20241017
P00678,2025-02-02,20250202
P00678,2025-05-11,20250511
P00678,2024-06-18,20240618
P00678,2024-11-23,20241123
P00678,2025-06-28,20250628
P00678,2025-01-22,20250122
P00678,2024-01-11,20240111
P00679,2025-03-04,20250304
P00679,2025-06-10,20250610
P00679,2024-12-30,20241230
P00679,2024-06-21,20240621
P00679,2024-07-09,20240709
P00679,2024-04-30,20240430
P00679,2025-01-06,20250106
P00679,2025-12-29,20251229
P00679,2025-10-20,20251020
P00679,2024-11-27,20241127
P00680,2025-04-16,20250416
P00680,2024-09-26,20240926
P00680,2025-11-06,20251106
P00680,2025-09-27,20250927
P00680,2025-03-06,20250306
P00681,2025-03-29,20250329
P00681,2024-08-06,20240806
P00681,2024-05-09,20240509
P00681,2024-09-13,20240913
P00681,2025-02-09,20250209
P00681,2024-12-31,20241231
P00681,2025-09-13,20250913
P00681,2025-11-05,20251105
P00681,2025-08-14,20250814
P00682,2024-04-16,20240416
P00683,2025-06-18,20250618
P00683,2025-08-10,20250810
P00684,2025-10-25,20251025
P00685,2025-06-09,20250609
P00685,2024-12-15,20241215
P00686,2025-12-30,20251230
P00686,2025-01-18,20250118
P00686,2024-12-03,20241203
P00686,2025-10-03,20251003
P00687,2025-05-11,20250511
P00687,2025-10-16,20251016
P00688,2024-08-18,20240818
P00688,2024-05-20,20240520
P00688,2024-06-08,20240608
P00688,2025-11-03,20251103
P00688,2024-02-26,20240226
P00688,2025-03-31,20250331
P00688,2024-10-06,20241006
P00689,2024-05-16,20240516
P00689,2024-11-06,20241106
P00690,2025-12-06,20251206
P00690,2025-02-03,20250203
P00690,2025-10-28,20251028
P00690,2025-09-15,20250915
P00691,2025-09-18,20250918
P00692,2025-12-03,20251203
P00692,2024-10-04,20241004
P00692,2025-09-14,20250914
P00692,2024-03-07,20240307
P00693,2025-05-22,20250522
P00694,2024-11-27,20241127
P00694,2025-10-05,20251005
P00694,2025-01-27,20250127
P00694,2024-09-02,20240902
P00695,2024-11-26,20241126
P00695,2025-01-10,20250110
P00695,2025-12-17,20251217
P00696,2024-07-08,20240708
P00696,2024-09-07,20240907
P00696,2025-04-28,20250428
P00696,2025-05-19,20250519
P00696,2024-10-31,20241031
P00697,2024-12-07,20241207
P00697,2024-10-21,20241021
P00697,2024-05-21,20240521
P00697,2024-03-24,20240324
P00697,2025-09-12,20250912
P00697,2025-07-28,20250728
P00697,2024-11-23,20241123
P00697,2024-04-28,20240428
P00697,2025-03-14,20250314
P00697,2025-08-25,20250825
P00698,2025-03-07,20250307
P00699,2025-11-18,20251118
P00699,2025-04-14,20250414
P00699,2025-02-26,20250226
P00700,2025-10-05,20251005
P00700,2025-08-13,20250813
P00701,2025-11-10,20251110
P00702,2024-08-19,20240819
P00702,2025-06-28,20250628
P00702,2025-02-07,20250207
P00702,2024-10-17,20241017
P00702,2025-03-01,20250301
P00702,2025-01-05,20250105
P00702,2025-09-25,20250925
P00702,2024-12-06,20241206
P00703,2025-10-14,20251014
P00703,2025-07-09,20250709
P00704,2025-10-22,20251022
P00705,2025-07-03,20250703
P00705,2025-12-22,20251222
P00705,2024-07-05,20240705
P00706,2025-02-26,20250226
P00706,2025-09-06,20250906
P00706,2024-08-25,20240825
P00706,2025-11-04,20251104
P00706,2025-01-09,20250109
P00706,2025-04-27,20250427
P00707,2025-02-01,20250201
P00708,2024-05-04,20240504
P00708,2024-07-15,20240715
P00708,2025-10-19,20251019
P00708,2024-02-22,20240222
P00709,2024-07-13,20240713
P00709,2025-04-12,20250412
P00709,2024-04-03,20240403
P00709,2025-12-06,20251206
P00710,2025-01-13,20250113
P00710,2025-11-30,20251130
P00710,2024-09-26,20240926
P00710,2025-03-29,20250329
P00710,2025-07-13,20250713
P00710,2025-05-30,20250530
P00710,2025-06-02,20250602
P00710,2025-10-30,20251030
P00711,2025-01-21,20250121
P00711,2024-04-05,20240405
P00711,2025-05-29,20250529
P00711,2025-12-11,20251211
P00711,2024-07-23,20240723
P00711,2025-04-11,20250411
P00711,2024-08-13,20240813
P00712,2024-09-12,20240912
P00712,2025-09-16,20250916
P00712,2025-02-13,20250213
P00712,2025-01-20,20250120
P00713,2025-06-16,20250616
P00713,2025-05-10,20250510
P00714,2025-10-15,20251015
P00714,2025-11-11,20251111
P00715,2025-09-23,20250923
P00715,2024-08-28,20240828
P00715,2025-06-10,20250610
P00715,2025-11-22,20251122
P00715,2024-09-23,20240923
P00715,2024-06-17,20240617
P00715,2024-12-22,20241222
P00716,2024-11-09,20241109
P00716,2025-01-21,20250121
P00717,2025-09-09,20250909
P00717,2024-11-15,20241115
P00717,2025-08-04,20250804
P00717,2024-12-25,20241225
P00717,2025-04-09,20250409
P00717,2025-03-07,20250307
P00717,2025-02-08,20250208
P00717,2024-10-15,20241015
P00718,2024-12-30,20241230
P00718,2025-10-03,20251003
P00718,2024-11-18,20241118
P00718,2025-11-25,20251125
P00718,2024-09-11,20240911
P00718,2025-08-20,20250820
P00718,2025-03-26,20250326
P00718,2025-12-29,20251229
P00719,2025-04-21,20250421
P00719,2025-09-02,20250902
P00719,2024-11-04,20241104
P00719,2024-09-01,20240901
P00720,2025-07-28,20250728
P00720,2025-09-14,20250914
P00721,2024-04-26,20240426
P00721,2024-03-10,20240310
P00721,2025-09-30,20250930
P00721,2024-11-04,20241104
P00721,2025-03-01,20250301
P00721,2025-05-23,20250523
P00721,2025-01-08,20250108
P00722,2024-11-12,20241112
P00723,2025-09-15,20250915
P00723,2024-10-14,20241014
P00723,2025-08-24,20250824
P00724,2025-06-20,20250620
P00724,2025-05-24,20250524
P00724,2025-08-06,20250806
P00724,2025-04-23,20250423
P00724,2024-12-25,20241225
P00724,2024-07-31,20240731
P00724,2024-08-06,20240806
P00724,2025-11-03,20251103
P00724,2025-07-15,20250715
P00724,2025-01-29,20250129
P00725,2024-06-24,20240624
P00725,2025-07-04,20250704
P00725,2024-11-21,20241121
P00725,2024-10-15,20241015
P00725,2025-05-12,20250512
P00725,2024-12-19,20241219
P00726,2025-08-06,20250806
P00726,2025-10-31,20251031
P00726,2024-11-20,20241120
P00726,2025-02-21,20250221
P00726,2025-03-02,20250302
P00726,2024-10-26,20241026
P00727,2025-03-15,20250315
P00727,2025-05-18,20250518
P00727,2025-10-19,20251019
P00727,2025-08-16,20250816
P00727,2025-06-15,20250615
P00728,2025-07-15,20250715
P00729,2025-05-19,20250519
P00730,2025-12-26,20251226
P00731,2025-08-20,20250820
P00731,2025-07-28,20250728
P00731,2025-04-13,20250413
P00731,2025-06-05,20250605
P00731,2024-11-30,20241130
P00731,2025-09-01,20250901
P00731,2024-12-22,20241222
P00732,2024-11-08,20241108
P00732,2024-06-23,20240623
P00732,2025-11-30,20251130
P00732,2024-12-26,20241226
P00732,2025-12-13,20251213
P00732,2024-09-08,20240908
P00732,2025-10-19,20251019
P00732,2025-07-06,20250706
P00733,2025-09-03,20250903
P00733,2025-04-30,20250430
P00734,2025-01-21,20250121
P00734,2025-07-17,20250717
P00734,2025-03-24,20250324
P00734,2025-06-07,20250607
P00734,2024-12-07,20241207
P00734,2025-09-30,20250930
P00734,2025-12-21,20251221
P00735,2025-04-04,20250404
P00736,2024-11-15,20241115
P00736,2025-01-28,20250128
P00736,2025-09-03,20250903
P00736,2024-10-07,20241007
P00736,2025-12-30,20251230
P00736,2024-12-18,20241218
P00737,2025-02-21,20250221
P00737,2025-06-11,20250611
P00738,2025-01-28,20250128
P00738,2025-09-14,20250914
P00738,2024-08-21,20240821
P00738,2025-10-23,20251023
P00738,2025-06-08,20250608
P00738,2025-03-31,20250331
P00738,2025-07-05,20250705
P00738,2024-06-16,20240616
P00739,2025-10-02,20251002
P00740,2024-08-16,20240816
P00740,2025-01-26,20250126
P00740,2025-03-10,20250310
P00740,2025-07-08,20250708
P00740,2024-10-12,20241012
P00740,2025-06-22,20250622
P00741,2025-08-04,20250804
P00741,2025-12-15,20251215
P00741,2024-12-19,20241219
P00741,2025-10-27,20251027
P00741,2025-05-08,20250508
P00741,2025-04-28,20250428
P00742,2025-01-28,20250128
P00743,2025-09-24,20250924
P00743,2024-11-29,20241129
P00743,2025-03-04,20250304
P00743,2025-01-25,20250125
P00744,2025-08-08,20250808
P00744,2025-07-25,20250725
P00744,2024-12-07,20241207
P00744,2025-10-24,20251024
P00744,2025-11-08,20251108
P00744,2025-12-18,20251218
P00744,2025-03-09,20250309
P00744,2025-06-06,20250606
P00744,2025-05-27,20250527
P00744,2025-09-04,20250904
P00745,2024-06-03,20240603
P00745,2025-04-26,20250426
P00745,2025-09-12,20250912
P00745,2025-03-21,20250321
P00745,2024-07-03,20240703
P00746,2025-09-29,20250929
P00746,2025-08-05,20250805
P00746,2025-02-28,20250228
P00746,2025-11-28,20251128
P00746,2025-07-20,20250720
P00747,2025-04-03,20250403
P00747,2025-06-17,20250617
P00747,2025-07-30,20250730
P00747,2025-09-24,20250924
P00747,2025-03-24,20250324
P00747,2025-10-03,20251003
P00747,2024-11-13,20241113
P00747,2025-01-07,20250107
P00748,2025-07-21,20250721
P00748,2024-06-23,20240623
P00749,2025-07-21,20250721
P00749,2024-03-11,20240311
P00749,2025-08-24,20250824
P00750,2024-11-19,20241119
P00751,2025-01-23,20250123
P00751,2025-03-02,20250302
P00751,2025-07-02,20250702
P00752,2025-02-24,20250224
P00752,2025-01-15,20250115
P00752,2025-12-16,20251216
P00752,2025-11-17,20251117
P00752,2024-08-17,20240817
P00752,2024-10-12,20241012
P00753,2024-09-26,20240926
P00754,2025-12-20,20251220
P00754,2025-03-08,20250308
P00755,2025-12-25,20251225
P00755,2025-10-29,20251029
P00756,2024-12-10,20241210
P00756,2024-02-17,20240217
P00756,2025-06-30,20250630
P00756,2024-06-15,20240615
P00756,2024-01-06,20240106
P00756,2025-08-23,20250823
P00756,2024-09-21,20240921
P00757,2025-07-08,20250708
P00757,2024-08-01,20240801
P00757,2024-09-25,20240925
P00758,2025-05-12,20250512
P00759,2024-09-25,20240925
P00759,2024-11-10,20241110
P00759,2025-04-19,20250419
P00759,2025-08-14,20250814
P00759,2025-10-13,20251013
P00759,2024-10-15,20241015
P00759,2024-08-16,20240816
P00760,2025-08-09,20250809
P00761,2024-11-01,20241101
P00761,2025-05-25,20250525
P00761,2025-08-17,20250817
P00762,2025-01-26,20250126
P00762,2024-08-25,20240825
P00762,2025-07-05,20250705
P00763,2025-01-30,20250130
P00763,2024-12-21,20241221
P00763,2025-12-12,20251212
P00763,2025-05-03,20250503
P00763,2025-10-17,20251017
P00763,2025-02-07,20250207
P00763,2025-04-22,20250422
P00764,2024-08-04,20240804
P00764,2025-10-12,20251012
P00764,2025-05-26,20250526
P00764,2024-11-26,20241126
P00764,2024-09-29,20240929
P00764,2025-02-28,20250228
P00764,2024-10-03,20241003
P00764,2025-01-20,20250120
P00764,2025-03-10,20250310
P00764,2024-12-20,20241220
P00765,2025-08-24,20250824
P00765,2024-10-13,20241013
P00765,2025-09-30,20250930
P00765,2025-05-31,20250531
P00765,2025-10-27,20251027
P00765,2024-11-28,20241128
P00765,2025-04-19,20250419
P00765,2024-05-17,20240517
P00765,2025-07-01,20250701
P00765,2025-06-06,20250606
P00766,2025-02-06,20250206
P00766,2024-07-02,20240702
P00766,2024-04-09,20240409
P00766,2024-12-04,20241204
P00767,2025-11-15,20251115
P00767,2025-07-10,20250710
P00767,2025-08-30,20250830
P00767,2024-09-05,20240905
P00767,2024-11-20,20241120
P00767,2025-03-16,20250316
P00767,2024-10-21,20241021
P00767,2025-05-26,20250526
P00767,2025-10-22,20251022
P00768,2025-03-09,20250309
P00768,2024-11-13,20241113
P00768,2024-10-17,20241017
P00768,2025-06-17,20250617
P00768,2025-02-04,20250204
P00768,2025-07-14,20250714
P00768,2025-10-19,20251019
P00768,2025-12-07,20251207
P00768,2025-04-27,20250427
P00769,2025-09-24,20250924
P00769,2025-11-04,20251104
P00769,2025-12-03,20251203
P00770,2025-06-21,20250621
P00771,2024-09-07,20240907
P00771,2024-12-07,20241207
P00771,2025-01-05,20250105
P00771,2024-11-01,20241101
P00771,2025-11-14,20251114
P00771,2025-12-18,20251218
P00771,2025-05-13,20250513
P00771,2025-08-25,20250825
P00771,2024-10-08,20241008
P00771,2025-07-08,20250708
P00772,2025-05-13,20250513
P00772,2025-08-24,20250824
P00772,2025-11-08,20251108
P00772,2024-12-14,20241214
P00773,2025-03-26,20250326
P00773,2025-02-20,20250220
P00773,2025-07-16,20250716
P00774,2025-10-10,20251010
P00774,2025-05-02,20250502
P00775,2025-07-05,20250705
P00775,2025-06-13,20250613
P00775,2025-01-29,20250129
P00775,2025-09-12,20250912
P00775,2024-09-10,20240910
P00775,2025-03-07,20250307
P00775,2025-05-19,20250519
P00775,2025-08-19,20250819
P00775,2024-11-19,20241119
P00775,2025-12-12,20251212
P00776,2024-08-23,20240823
P00776,2025-04-02,20250402
P00776,2025-01-30,20250130
P00776,2025-11-29,20251129
P00776,2025-05-06,20250506
P00776,2025-02-23,20250223
P00776,2024-10-21,20241021
P00776,2024-11-25,20241125
P00776,2024-09-30,20240930
P00776,2025-08-04,20250804
P00777,2025-02-05,20250205
P00778,2024-12-14,20241214
P00778,2025-07-12,20250712
P00778,2025-01-08,20250108
P00778,2025-06-21,20250621
P00778,2025-10-22,20251022
P00779,2024-11-12,20241112
P00779,2025-03-31,20250331
P00779,2025-10-12,20251012
P00779,2024-10-16,20241016
P00779,2025-12-24,20251224
P00779,2024-04-17,20240417
P00779,2025-11-21,20251121
P00779,2024-12-10,20241210
P00780,2025-10-28,20251028
P00780,2025-08-29,20250829
P00780,2025-04-23,20250423
P00781,2024-11-11,20241111
P00782,2025-04-01,20250401
P00783,2025-06-11,20250611
P00783,2025-09-09,20250909
P00783,2025-10-23,20251023
P00783,2025-07-11,20250711
P00783,2025-02-13,20250213
P00783,2025-08-26,20250826
P00784,2024-12-31,20241231
P00784,2025-06-01,20250601
P00784,2025-10-30,20251030
P00784,2025-12-24,20251224
P00784,2025-08-01,20250801
P00784,2025-11-12,20251112
P00784,2025-03-15,20250315
P00784,2025-09-05,20250905
P00784,2025-02-27,20250227
P00785,2025-05-08,20250508
P00786,2025-11-17,20251117
P00786,2025-08-18,20250818
P00787,2024-08-08,20240808
P00787,2025-01-22,20250122
P00787,2025-12-10,20251210
P00787,2025-05-17,20250517
P00787,2025-07-07,20250707
P00787,2024-11-17,20241117
P00788,2025-01-03,20250103
P00789,2024-11-15,20241115
P00789,2025-11-28,20251128
P00789,2025-03-02,20250302
P00789,2025-02-04,20250204
P00789,2025-08-30,20250830
P00789,2025-04-01,20250401
P00790,2025-12-27,20251227
P00790,2025-06-20,20250620
P00790,2025-08-22,20250822
P00791,2025-08-24,20250824
P00791,2025-07-30,20250730
P00792,2025-03-02,20250302
P00792,2025-05-03,20250503
P00792,2025-11-09,20251109
P00792,2025-10-05,20251005
P00792,2025-02-10,20250210
P00792,2025-12-10,20251210
P00792,2025-09-12,20250912
P00793,2025-01-15,20250115
P00793,2024-05-02,20240502
P00793,2025-03-07,20250307
P00793,2024-07-15,20240715
P00793,2025-10-18,20251018
P00793,2025-04-22,20250422
P00793,2025-02-18,20250218
P00793,2025-05-10,20250510
P00794,2025-12-31,20251231
P00794,2025-07-30,20250730
P00795,2025-11-21,20251121
P00795,2025-05-26,20250526
P00795,2025-03-05,20250305
P00795,2024-11-17,20241117
P00796,2025-01-17,20250117
P00796,2025-08-13,20250813
P00796,2025-04-12,20250412
P00796,2025-06-04,20250604
P00797,2025-02-17,20250217
P00797,2025-01-23,20250123
P00797,2025-08-23,20250823
P00798,2025-11-26,20251126
P00798,2025-09-15,20250915
P00798,2025-03-26,20250326
P00798,2025-04-01,20250401
P00798,2024-12-30,20241230
P00799,2025-06-12,20250612
P00799,2025-07-29,20250729
P00799,2025-09-25,20250925
P00800,2025-05-24,20250524
P00801,2025-08-22,20250822
P00802,2025-02-20,20250220
P00802,2025-08-31,20250831
P00802,2024-06-11,20240611
P00803,2025-11-07,20251107
P00804,2024-07-12,20240712
P00804,2025-11-24,20251124
P00804,2025-03-05,20250305
P00805,2025-08-03,20250803
P00805,2024-02-23,20240223
P00805,2024-04-29,20240429
P00805,2025-06-10,20250610
P00805,2025-11-05,20251105
P00805,2024-12-23,20241223
P00805,2025-02-15,20250215
P00805,2025-07-18,20250718
P00805,2025-09-25,20250925
P00806,2025-03-24,20250324
P00806,2025-10-05,20251005
P00806,2024-12-23,20241223
P00806,2024-07-19,20240719
P00806,2024-11-01,20241101
P00806,2025-04-01,20250401
P00806,2025-01-31,20250131
P00806,2025-06-27,20250627
P00807,2025-09-10,20250910
P00808,2025-03-31,20250331
P00809,2025-05-02,20250502
P00809,2025-07-24,20250724
P00809,2025-04-24,20250424
P00809,2025-06-17,20250617
P00809,2025-03-28,20250328
P00809,2024-06-01,20240601
P00809,2024-11-01,20241101
P00809,2024-12-28,20241228
P00810,2025-12-01,20251201
P00810,2024-10-27,20241027
P00810,2024-09-18,20240918
P00810,2025-09-18,20250918
P00811,2025-04-12,20250412
P00811,2024-11-18,20241118
P00811,2024-12-17,20241217
P00811,2025-06-19,20250619
P00811,2025-10-16,20251016
P00811,2025-07-11,20250711
P00811,2025-02-02,20250202
P00812,2025-07-30,20250730
P00812,2025-03-11,20250311
P00812,2024-11-24,20241124
P00812,2025-06-24,20250624
P00813,2025-02-02,20250202
P00814,2025-04-27,20250427
P00815,2024-03-30,20240330
P00816,2025-06-16,20250616
P00816,2025-07-02,20250702
P00816,2025-01-04,20250104
P00816,2025-04-20,20250420
P00816,2025-12-16,20251216
P00816,2025-08-03,20250803
P00816,2025-03-24,20250324
P00816,2025-09-30,20250930
P00817,2024-11-30,20241130
P00817,2024-05-19,20240519
P00818,2025-02-27,20250227
P00818,2025-03-05,20250305
P00819,2024-06-27,20240627
P00819,2024-07-05,20240705
P00820,2024-09-20,20240920
P00820,2025-12-15,20251215
P00820,2025-10-26,20251026
P00820,2024-10-22,20241022
P00820,2025-07-10,20250710
P00820,2024-08-11,20240811
P00820,2025-06-05,20250605
P00821,2025-11-13,20251113
P00821,2025-05-27,20250527
P00821,2025-04-24,20250424
P00821,2024-08-19,20240819
P00821,2025-01-26,20250126
P00821,2024-09-21,20240921
P00822,2025-08-19,20250819
P00823,2024-12-19,20241219
P00823,2024-08-17,20240817
P00823,2025-04-17,20250417
P00823,2024-05-01,20240501
P00823,2025-02-20,20250220
P00823,2025-06-14,20250614
P00823,2024-07-22,20240722
P00823,2025-08-20,20250820
P00824,2025-09-09,20250909
P00825,2025-09-04,20250904
P00825,2024-12-11,20241211
P00825,2025-04-12,20250412
P00825,2025-08-05,20250805
P00825,2024-11-30,20241130
P00825,2024-06-10,20240610
P00825,2025-11-25,20251125
P00825,2025-05-29,20250529
P00825,2025-03-24,20250324
P00826,2025-01-21,20250121
P00826,2024-12-01,20241201
P00827,2025-07-22,20250722
P00827,2024-12-20,20241220
P00827,2025-05-06,20250506
P00827,2025-09-29,20250929
P00827,2025-04-11,20250411
P00828,2024-10-15,20241015
P00828,2024-04-13,20240413
P00828,2025-12-06,20251206
P00828,2025-04-15,20250415
P00828,2025-01-17,20250117
P00829,2025-06-30,20250630
P00829,2024-05-18,20240518
P00829,2024-07-03,20240703
P00829,2025-09-30,20250930
P00829,2025-04-11,20250411
P00829,2024-11-18,20241118
P00830,2025-03-26,20250326
P00830,2025-01-12,20250112
P00831,2025-02-03,20250203
P00831,2025-10-23,20251023
P00831,2025-05-23,20250523
P00831,2025-01-02,20250102
P00832,2025-04-17,20250417
P00832,2025-01-14,20250114
P00832,2025-10-10,20251010
P00832,2024-10-30,20241030
P00832,2025-06-08,20250608
P00833,2025-11-29,20251129
P00834,2025-01-17,20250117
P00834,2025-07-31,20250731
P00834,2025-12-02,20251202
P00835,2024-10-20,20241020
P00835,2024-07-23,20240723
P00835,2025-12-04,20251204
P00835,2025-02-21,20250221
P00836,2025-12-07,20251207
P00836,2024-09-20,20240920
P00837,2025-03-23,20250323
P00837,2024-05-31,20240531
P00838,2024-07-12,20240712
P00838,2025-11-14,20251114
P00839,2024-10-09,20241009
P00839,2024-09-04,20240904
P00839,2024-11-15,20241115
P00839,2024-03-19,20240319
P00839,2024-12-16,20241216
P00840,2024-08-22,20240822
P00840,2024-06-29,20240629
P00841,2024-07-25,20240725
P00841,2025-07-15,20250715
P00841,2024-08-28,20240828
P00841,2025-05-09,20250509
P00841,2024-03-02,20240302
P00841,2025-06-17,20250617
P00841,2025-10-26,20251026
P00841,2024-05-31,20240531
P00842,2025-07-18,20250718
P00842,2025-02-01,20250201
P00843,2024-03-16,20240316
P00843,2025-05-10,20250510
P00843,2025-07-09,20250709
P00843,2025-01-30,20250130
P00843,2024-01-26,20240126
P00843,2024-04-03,20240403
P00843,2024-06-27,20240627
P00843,2024-02-28,20240228
P00843,2024-11-19,20241119
P00843,2025-04-11,20250411
P00844,2025-11-14,20251114
P00845,2025-08-28,20250828
P00845,2024-07-13,20240713
P00845,2025-12-13,20251213
P00845,2024-08-08,20240808
P00845,2024-06-27,20240627
P00845,2024-12-13,20241213
P00845,2024-09-04,20240904
P00845,2025-07-06,20250706
P00845,2025-09-06,20250906
P00845,2025-04-21,20250421
P00846,2025-01-20,20250120
P00846,2024-12-14,20241214
P00847,2024-08-02,20240802
P00848,2025-10-12,20251012
P00849,2025-07-16,20250716
P00849,2024-12-03,20241203
P00849,2024-11-11,20241111
P00849,2024-05-25,20240525
P00849,2024-06-10,20240610
P00849,2025-11-16,20251116
P00849,2024-08-08,20240808
P00849,2025-03-09,20250309
P00849,2025-12-15,20251215
P00850,2024-05-27,20240527
P00850,2025-02-12,20250212
P00851,2025-07-18,20250718
P00851,2025-12-31,20251231
P00851,2025-08-01,20250801
P00852,2025-06-07,20250607
P00852,2024-07-27,20240727
P00853,2025-12-17,20251217
P00853,2025-10-24,20251024
P00853,2024-12-25,20241225
P00853,2025-06-17,20250617
P00854,2025-02-20,20250220
P00855,2025-09-06,20250906
P00856,2025-11-15,20251115
P00856,2025-06-17,20250617
P00856,2024-07-30,20240730
P00856,2024-08-07,20240807
P00856,2025-01-20,20250120
P00856,2024-04-18,20240418
P00856,2025-10-15,20251015
P00856,2024-09-18,20240918
P00856,2025-05-24,20250524
P00856,2025-02-23,20250223
P00857,2025-11-01,20251101
P00857,2025-05-06,20250506
P00857,2025-12-07,20251207
P00857,2025-07-16,20250716
P00857,2025-04-30,20250430
P00857,2024-10-27,20241027
P00857,2025-08-15,20250815
P00857,2025-02-20,20250220
P00858,2025-08-10,20250810
P00858,2025-09-06,20250906
P00858,2025-07-24,20250724
P00858,2025-12-06,20251206
P00858,2024-11-20,20241120
P00859,2024-08-29,20240829
P00859,2025-01-24,20250124
P00859,2024-03-22,20240322
P00859,2024-06-05,20240605
P00860,2024-12-22,20241222
P00860,2025-04-17,20250417
P00860,2025-01-03,20250103
P00860,2025-07-28,20250728
P00860,2025-08-06,20250806
P00860,2025-11-14,20251114
P00860,2024-11-15,20241115
P00860,2025-05-14,20250514
P00860,2024-10-11,20241011
P00860,2025-06-11,20250611
P00861,2025-07-17,20250717
P00861,2025-06-20,20250620
P00861,2025-10-06,20251006
P00862,2024-06-02,20240602
P00862,2025-11-15,20251115
P00863,2025-07-10,20250710
P00863,2024-08-02,20240802
P00863,2025-06-30,20250630
P00864,2025-06-07,20250607
P00865,2025-12-18,20251218
P00865,2025-10-24,20251024
P00865,2024-12-31,20241231
P00866,2024-08-18,20240818
P00867,2025-02-08,20250208
P00867,2025-11-16,20251116
P00867,2024-12-13,20241213
P00867,2025-07-24,20250724
P00867,2025-06-15,20250615
P00867,2025-09-19,20250919
P00867,2025-03-01,20250301
P00867,2025-01-22,20250122
P00868,2024-07-14,20240714
P00868,2024-05-04,20240504
P00869,2025-05-09,20250509
P00869,2025-07-23,20250723
P00869,2025-01-25,20250125
P00870,2025-03-29,20250329
P00870,2025-08-26,20250826
P00870,2025-09-13,20250913
P00870,2024-02-24,20240224
P00871,2025-08-30,20250830
P00871,2024-09-02,20240902
P00871,2025-06-13,20250613
P00871,2024-06-27,20240627
P00872,2025-10-28,20251028
P00872,2025-09-18,20250918
P00872,2025-12-02,20251202
P00872,2025-05-20,20250520
P00872,2025-11-04,20251104
P00872,2025-07-13,20250713
P00872,2025-02-24,20250224
P00873,2024-03-12,20240312
P00874,2024-12-19,20241219
P00874,2025-06-09,20250609
P00875,2025-02-07,20250207
P00875,2025-01-06,20250106
P00875,2024-11-12,20241112
P00876,2024-08-04,20240804
P00876,2025-06-27,20250627
P00876,2025-04-27,20250427
P00877,2024-10-30,20241030
P00877,2024-07-30,20240730
P00877,2025-10-09,20251009
P00878,2024-12-26,20241226
P00878,2025-03-21,20250321
P00878,2025-02-12,20250212
P00879,2025-05-03,20250503
P00879,2025-12-15,20251215
P00879,2025-06-14,20250614
P00879,2025-01-21,20250121
P00879,2025-04-15,20250415
P00879,2024-09-24,20240924
P00879,2024-12-17,20241217
P00880,2024-11-02,20241102
P00880,2024-08-03,20240803
P00880,2025-10-14,20251014
P00881,2025-02-07,20250207
P00881,2024-10-09,20241009
P00881,2025-10-04,20251004
P00881,2025-04-25,20250425
P00881,2024-08-17,20240817
P00881,2024-11-12,20241112
P00882,2024-10-27,20241027
P00882,2025-07-28,20250728
P00882,2025-08-22,20250822
P00882,2025-03-07,20250307
P00882,2025-02-12,20250212
P00882,2025-10-06,20251006
P00882,2025-01-18,20250118
P00882,2025-11-04,20251104
P00883,2024-05-28,20240528
P00883,2024-09-19,20240919
P00883,2025-03-12,20250312
P00883,2025-10-30,20251030
P00883,2025-11-13,20251113
P00883,2025-05-25,20250525
P00883,2025-06-04,20250604
P00883,2024-11-25,20241125
P00884,2024-05-11,20240511
P00884,2025-01-20,20250120
P00884,2025-03-05,20250305
P00885,2025-04-28,20250428
P00886,2025-04-27,20250427
P00886,2025-03-12,20250312
P00886,2024-05-27,20240527
P00886,2025-07-08,20250708
P00886,2025-06-03,20250603
P00886,2025-01-02,20250102
P00886,2024-09-28,20240928
P00887,2024-05-01,20240501
P00887,2025-04-09,20250409
P00887,2024-10-20,20241020
P00888,2025-11-24,20251124
P00888,2024-09-13,20240913
P00889,2025-02-04,20250204
P00889,2024-09-22,20240922
P00889,2024-10-26,20241026
P00889,2025-04-07,20250407
P00889,2025-05-07,20250507
P00890,2025-09-04,20250904
P00890,2025-01-20,20250120
P00890,2025-03-29,20250329
P00891,2025-02-17,20250217
P00891,2025-01-13,20250113
P00891,2024-12-16,20241216
P00891,2025-11-09,20251109
P00891,2025-05-24,20250524
P00892,2025-06-09,20250609
P00892,2024-08-03,20240803
P00892,2024-03-14,20240314
P00892,2025-07-17,20250717
P00892,2024-06-18,20240618
P00892,2024-09-12,20240912
P00892,2024-05-22,20240522
P00892,2024-01-14,20240114
P00893,2025-06-24,20250624
P00894,2025-10-15,20251015
P00895,2025-12-18,20251218
P00895,2024-10-26,20241026
P00895,2025-06-17,20250617
P00895,2024-12-21,20241221
P00895,2025-04-16,20250416
P00895,2025-01-13,20250113
P00896,2024-11-01,20241101
P00896,2024-12-07,20241207
P00896,2025-01-07,20250107
P00897,2024-08-15,20240815
P00897,2024-11-29,20241129
P00897,2024-12-01,20241201
P00898,2024-10-18,20241018
P00898,2025-12-10,20251210
P00899,2025-06-06,20250606
P00899,2025-04-10,20250410
P00900,2024-11-25,20241125
P00900,2025-03-02,20250302
P00900,2025-01-23,20250123
P00901,2025-04-14,20250414
P00901,2025-03-29,20250329
P00901,2025-10-21,20251021
P00901,2025-05-16,20250516
P00901,2025-12-11,20251211
P00901,2024-09-06,20240906
P00901,2025-01-10,20250110
P00902,2024-10-09,20241009
P00902,2025-09-04,20250904
P00902,2025-08-29,20250829
P00903,2025-09-17,20250917
P00903,2025-12-01,20251201
P00903,2024-12-10,20241210
P00903,2025-11-23,20251123
P00903,2025-04-16,20250416
P00903,2024-08-27,20240827
P00903,2025-05-25,20250525
P00903,2025-08-19,20250819
P00904,2025-12-01,20251201
P00904,2024-06-20,20240620
P00905,2025-09-27,20250927
P00906,2025-01-31,20250131
P00906,2025-03-23,20250323
P00906,2024-05-08,20240508
P00906,2024-12-05,20241205
P00906,2024-10-10,20241010
P00906,2025-05-22,20250522
P00907,2025-11-18,20251118
P00908,2025-06-06,20250606
P00908,2025-09-04,20250904
P00908,2025-07-17,20250717
P00908,2025-05-30,20250530
P00908,2025-04-21,20250421
P00908,2024-10-21,20241021
P00908,2025-01-21,20250121
P00908,2024-11-16,20241116
P00909,2024-05-08,20240508
P00909,2025-03-11,20250311
P00909,2025-12-25,20251225
P00910,2024-12-11,20241211
P00910,2025-03-31,20250331
P00911,2025-02-01,20250201
P00911,2025-01-20,20250120
P00911,2025-05-25,20250525
P00911,2024-11-26,20241126
P00911,2024-09-08,20240908
P00911,2025-09-20,20250920
P00911,2025-06-12,20250612
P00912,2024-12-29,20241229
P00912,2024-10-11,20241011
P00912,2024-09-14,20240914
P00913,2025-09-03,20250903
P00913,2025-04-04,20250404
P00913,2025-02-05,20250205
P00914,2025-01-21,20250121
P00914,2025-11-13,20251113
P00914,2025-08-15,20250815
P00914,2025-10-10,20251010
P00915,2025-01-03,20250103
P00915,2025-05-05,20250505
P00915,2025-09-25,20250925
P00916,2024-08-30,20240830
P00917,2024-03-22,20240322
P00918,2025-10-18,20251018
P00919,2025-02-07,20250207
P00919,2024-02-16,20240216
P00919,2024-07-08,20240708
P00919,2025-03-12,20250312
P00919,2024-12-14,20241214
P00919,2024-05-19,20240519
P00919,2025-11-11,20251111
P00920,2025-05-28,20250528
P00920,2024-03-11,20240311
P00920,2025-01-28,20250128
P00920,2025-12-21,20251221
P00921,2025-05-25,20250525
P00922,2025-05-18,20250518
P00923,2025-09-19,20250919
P00923,2025-10-15,20251015
P00923,2025-08-19,20250819
P00923,2024-10-02,20241002
P00923,2024-07-10,20240710
P00923,2024-04-19,20240419
P00923,2024-05-17,20240517
P00923,2025-05-31,20250531
P00924,2025-06-19,20250619
P00924,2025-08-09,20250809
P00924,2025-04-12,20250412
P00924,2025-07-26,20250726
P00924,2024-10-15,20241015
P00924,2024-08-16,20240816
P00924,2024-11-13,20241113
P00924,2025-05-25,20250525
P00925,2024-05-17,20240517
P00925,2025-08-26,20250826
P00925,2025-06-26,20250626
P00925,2024-04-04,20240404
P00925,2025-07-11,20250711
P00925,2024-08-30,20240830
P00925,2025-10-03,20251003
P00925,2025-03-11,20250311
P00925,2025-09-03,20250903
P00925,2024-06-12,20240612
P00926,2025-06-19,20250619
P00927,2024-05-23,20240523
P00927,2025-04-03,20250403
P00927,2024-11-14,20241114
P00927,2025-01-27,20250127
P00928,2024-02-09,20240209
P00928,2025-02-03,20250203
P00928,2025-05-08,20250508
P00928,2024-08-07,20240807
P00928,2025-03-04,20250304
P00928,2024-12-26,20241226
P00929,2025-12-19,20251219
P00929,2025-04-23,20250423
P00929,2025-02-27,20250227
P00929,2024-12-11,20241211
P00929,2025-07-07,20250707
P00929,2024-04-27,20240427
P00929,2024-08-13,20240813
P00929,2025-05-19,20250519
P00929,2024-05-17,20240517
P00930,2025-05-26,20250526
P00930,2024-10-09,20241009
P00931,2025-06-22,20250622
P00931,2025-01-15,20250115
P00931,2025-05-07,20250507
P00932,2025-02-16,20250216
P00932,2024-06-08,20240608
P00933,2025-12-02,20251202
P00933,2025-04-29,20250429
P00933,2024-07-04,20240704
P00933,2025-11-07,20251107
P00933,2025-08-19,20250819
P00933,2025-02-17,20250217
P00933,2025-06-16,20250616
P00933,2025-07-13,20250713
P00933,2025-10-24,20251024
P00934,2024-12-24,20241224
P00934,2025-11-01,20251101
P00935,2025-02-26,20250226
P00935,2024-10-19,20241019
P00935,2024-09-09,20240909
P00935,2025-05-11,20250511
P00935,2025-07-17,20250717
P00936,2025-10-19,20251019
P00936,2025-02-11,20250211
P00936,2024-06-27,20240627
P00936,2024-09-20,20240920
P00936,2024-07-05,20240705
P00936,2025-12-09,20251209
P00936,2024-11-06,20241106
P00937,2025-10-19,20251019
P00937,2025-01-20,20250120
P00937,2024-11-16,20241116
P00937,2025-08-07,20250807
P00937,2025-03-28,20250328
P00937,2025-09-07,20250907
P00937,2024-10-20,20241020
P00937,2024-12-25,20241225
P00937,2025-11-13,20251113
P00937,2025-06-03,20250603
P00938,2025-01-21,20250121
P00939,2025-03-10,20250310
P00939,2025-10-07,20251007
P00939,2025-01-09,20250109
P00940,2024-11-07,20241107
P00941,2025-05-31,20250531
P00941,2025-04-30,20250430
P00941,2025-06-10,20250610
P00941,2025-07-29,20250729
P00941,2025-12-22,20251222
P00941,2025-03-05,20250305
P00941,2024-12-03,20241203
P00941,2025-09-16,20250916
P00941,2025-11-26,20251126
P00942,2025-07-29,20250729
P00942,2024-10-31,20241031
P00943,2024-10-25,20241025
P00943,2025-03-19,20250319
P00943,2025-01-03,20250103
P00943,2025-09-24,20250924
P00943,2024-12-10,20241210
P00944,2025-02-01,20250201
P00944,2024-10-25,20241025
P00944,2025-01-14,20250114
P00945,2025-10-16,20251016
P00945,2025-01-16,20250116
P00946,2024-08-11,20240811
P00946,2024-10-06,20241006
P00947,2025-04-13,20250413
P00948,2024-07-14,20240714
P00948,2025-08-30,20250830
P00949,2025-03-10,20250310
P00949,2024-11-15,20241115
P00949,2025-09-26,20250926
P00950,2025-09-15,20250915
P00950,2025-03-28,20250328
P00950,2025-04-22,20250422
P00950,2025-10-31,20251031
P00950,2025-08-08,20250808
P00950,2025-05-31,20250531
P00950,2025-12-01,20251201
P00950,2024-12-13,20241213
P00950,2025-06-27,20250627
P00951,2025-07-18,20250718
P00951,2025-08-25,20250825
P00952,2025-04-30,20250430
P00952,2025-10-08,20251008
P00952,2025-07-03,20250703
P00952,2024-11-01,20241101
P00952,2025-03-20,20250320
P00952,2025-11-25,20251125
P00952,2024-12-16,20241216
P00952,2025-02-09,20250209
P00953,2025-03-27,20250327
P00953,2025-04-26,20250426
P00954,2024-10-13,20241013
P00954,2025-08-21,20250821
P00954,2025-09-22,20250922
P00955,2024-08-13,20240813
P00955,2025-12-16,20251216
P00956,2025-08-12,20250812
P00956,2025-01-20,20250120
P00957,2025-05-15,20250515
P00957,2024-12-02,20241202
P00957,2024-11-20,20241120
P00958,2025-10-02,20251002
P00958,2024-10-07,20241007
P00959,2025-08-06,20250806
P00959,2024-08-30,20240830
P00959,2025-09-05,20250905
P00959,2025-10-01,20251001
P00959,2025-05-01,20250501
P00959,2025-11-25,20251125
P00960,2024-04-08,20240408
P00960,2025-10-29,20251029
P00961,2025-10-21,20251021
P00961,2024-12-10,20241210
P00961,2024-05-10,20240510
P00961,2025-02-04,20250204
P00962,2025-08-06,20250806
P00963,2025-12-25,20251225
P00964,2025-01-10,20250110
P00964,2025-09-17,20250917
P00965,2025-06-10,20250610
P00966,2025-08-28,20250828
P00966,2024-11-04,20241104
P00966,2025-11-28,20251128
P00966,2025-09-25,20250925
P00966,2025-07-28,20250728
P00966,2025-03-12,20250312
P00966,2025-10-16,20251016
P00966,2024-12-21,20241221
P00967,2024-10-31,20241031
P00967,2025-09-26,20250926
P00967,2025-01-03,20250103
P00968,2024-10-22,20241022
P00969,2025-10-28,20251028
P00969,2025-07-27,20250727
P00969,2024-11-07,20241107
P00969,2025-09-01,20250901
P00969,2025-12-08,20251208
P00969,2024-04-19,20240419
P00969,2024-12-29,20241229
P00969,2024-06-20,20240620
P00970,2025-05-26,20250526
P00970,2024-12-15,20241215
P00970,2025-01-26,20250126
P00971,2025-03-04,20250304
P00971,2025-07-01,20250701
P00971,2025-08-11,20250811
P00972,2025-08-17,20250817
P00972,2024-11-20,20241120
P00972,2025-10-29,20251029
P00972,2024-06-25,20240625
P00972,2025-04-13,20250413
P00973,2025-07-30,20250730
P00973,2024-06-18,20240618
P00973,2024-04-22,20240422
P00973,2025-12-04,20251204
P00973,2025-09-21,20250921
P00973,2025-10-21,20251021
P00973,2025-08-19,20250819
P00973,2024-05-16,20240516
P00973,2024-12-28,20241228
P00974,2024-10-31,20241031
P00974,2025-08-19,20250819
P00975,2024-10-21,20241021
P00975,2024-08-20,20240820
P00975,2025-07-01,20250701
P00975,2024-07-07,20240707
P00975,2025-05-15,20250515
P00975,2025-12-17,20251217
P00975,2025-01-29,20250129
P00976,2025-06-11,20250611
P00976,2025-02-04,20250204
P00976,2025-01-01,20250101
P00976,2025-11-15,20251115
P00976,2025-09-12,20250912
P00976,2025-07-09,20250709
P00976,2025-05-11,20250511
P00976,2024-11-05,20241105
P00976,2025-04-24,20250424
P00977,2025-09-28,20250928
P00977,2025-10-22,20251022
P00977,2025-03-13,20250313
P00977,2025-04-16,20250416
P00978,2024-02-09,20240209
P00978,2024-10-14,20241014
P00978,2025-06-15,20250615
P00978,2025-12-24,20251224
P00978,2024-07-29,20240729
P00978,2024-09-01,20240901
P00978,2024-12-02,20241202
P00979,2025-12-01,20251201
P00979,2025-11-27,20251127
P00979,2024-07-06,20240706
P00979,2025-10-08,20251008
P00979,2024-11-17,20241117
P00979,2024-12-24,20241224
P00979,2024-08-07,20240807
P00979,2025-06-01,20250601
P00979,2025-05-09,20250509
P00980,2025-01-11,20250111
P00980,2025-12-23,20251223
P00980,2025-05-06,20250506
P00981,2025-08-28,20250828
P00981,2025-12-18,20251218
P00981,2025-05-24,20250524
P00981,2024-09-26,20240926
P00981,2025-04-13,20250413
P00981,2024-10-01,20241001
P00982,2025-11-02,20251102
P00982,2025-08-24,20250824
P00982,2025-01-18,20250118
P00982,2025-07-16,20250716
P00983,2025-06-24,20250624
P00984,2025-02-28,20250228
P00984,2025-09-23,20250923
P00984,2024-11-04,20241104
P00985,2025-04-21,20250421
P00985,2025-08-09,20250809
P00985,2025-07-30,20250730
P00985,2025-09-21,20250921
P00985,2025-05-13,20250513
P00985,2025-06-10,20250610
P00986,2024-12-07,20241207
P00987,2025-02-18,20250218
P00988,2024-03-18,20240318
P00988,2025-06-03,20250603
P00989,2025-03-28,20250328
P00990,2025-04-25,20250425
P00990,2025-03-25,20250325
P00990,2025-12-03,20251203
P00990,2025-06-30,20250630
P00990,2025-02-24,20250224
P00990,2024-12-13,20241213
P00990,2024-08-04,20240804
P00991,2024-11-16,20241116
P00991,2024-09-24,20240924
P00991,2024-07-10,20240710
P00991,2025-04-04,20250404
P00991,2024-03-10,20240310
P00991,2025-03-26,20250326
P00991,2024-02-20,20240220
P00991,2025-01-29,20250129
P00991,2025-08-12,20250812
P00992,2025-03-16,20250316
P00992,2024-10-05,20241005
P00992,2024-06-21,20240621
P00992,2024-01-13,20240113
P00992,2025-09-19,20250919
P00992,2025-12-02,20251202
P00992,2025-10-06,20251006
P00992,2024-02-27,20240227
P00992,2025-05-01,20250501
P00992,2025-01-15,20250115
P00993,2025-04-04,20250404
P00993,2025-11-15,20251115
P00993,2024-12-05,20241205
P00993,2025-08-30,20250830
P00993,2024-10-20,20241020
P00993,2025-02-20,20250220
P00993,2025-09-05,20250905
P00993,2024-11-10,20241110
P00993,2024-04-16,20240416
P00993,2025-03-31,20250331
P00994,2024-09-10,20240910
P00994,2024-11-21,20241121
P00995,2024-12-22,20241222
P00995,2025-01-22,20250122
P00995,2025-06-04,20250604
P00995,2025-02-01,20250201
P00995,2025-05-19,20250519
P00995,2025-07-10,20250710
P00995,2025-04-15,20250415
P00995,2025-03-20,20250320
P00995,2025-08-04,20250804
P00995,2024-11-29,20241129
P00996,2024-12-10,20241210
P00997,2025-10-31,20251031
P00998,2024-08-16,20240816
P00998,2024-07-25,20240725
P00998,2024-12-24,20241224
P00998,2025-03-15,20250315
P00999,2025-10-07,20251007
P00999,2024-12-08,20241208
P01000,2025-12-10,20251210
P01000,2025-03-25,20250325
P01000,2025-01-14,20250114
P01000,2025-02-15,20250215
P01000,2025-11-28,20251128
P01000,2025-05-23,20250523
P01001,2025-12-18,20251218
P01002,2025-04-16,20250416
P01002,2024-12-09,20241209
P01002,2025-05-11,20250511
P01002,2025-01-06,20250106
P01002,2024-11-27,20241127
P01002,2025-11-17,20251117
P01002,2025-07-27,20250727
P01002,2025-10-29,20251029
P01002,2024-09-12,20240912
P01003,2025-05-03,20250503
P01004,2024-08-08,20240808
P01004,2024-04-24,20240424
P01004,2025-08-19,20250819
P01004,2025-12-03,20251203
P01004,2024-05-23,20240523
P01004,2025-10-15,20251015
P01004,2025-05-04,20250504
P01004,2024-09-06,20240906
P01004,2025-03-25,20250325
P01004,2024-12-10,20241210
P01005,2025-08-23,20250823
P01005,2025-12-13,20251213
P01005,2025-11-09,20251109
P01006,2024-12-24,20241224
P01006,2024-05-10,20240510
P01006,2025-03-08,20250308
P01006,2025-02-17,20250217
P01007,2025-12-26,20251226
P01007,2025-09-23,20250923
P01007,2024-10-31,20241031
P01007,2024-08-18,20240818
P01008,2025-02-02,20250202
P01008,2025-01-08,20250108
P01008,2025-12-10,20251210
P01008,2025-03-31,20250331
P01008,2024-07-09,20240709
P01008,2025-06-28,20250628
P01008,2024-01-24,20240124
P01008,2024-08-18,20240818
P01008,2025-04-08,20250408
P01008,2024-09-19,20240919
P01009,2024-12-18,20241218
P01009,2025-11-12,20251112
P01010,2025-05-28,20250528
P01010,2025-10-08,20251008
P01010,2025-06-03,20250603
P01011,2025-01-24,20250124
P01012,2025-04-23,20250423
P01012,2025-08-13,20250813
P01012,2025-12-01,20251201
P01012,2025-10-19,20251019
P01012,2024-12-15,20241215
P01012,2025-09-01,20250901
P01012,2025-07-10,20250710
P01012,2025-03-01,20250301
P01012,2024-11-28,20241128
P01013,2025-09-04,20250904
P01013,2025-01-03,20250103
P01013,2025-11-25,20251125
P01013,2025-06-23,20250623
P01013,2025-12-27,20251227
P01013,2025-07-14,20250714
P01013,2025-08-29,20250829
P01013,2024-12-06,20241206
P01014,2025-02-13,20250213
P01014,2024-07-22,20240722
P01014,2025-08-23,20250823
P01014,2025-11-04,20251104
P01014,2024-10-01,20241001
P01014,2024-09-21,20240921
P01014,2025-05-02,20250502
P01014,2025-01-24,20250124
P01014,2025-07-04,20250704
P01014,2024-12-17,20241217
P01015,2025-04-16,20250416
P01016,2025-02-21,20250221
P01016,2025-03-23,20250323
P01016,2024-12-24,20241224
P01016,2025-09-25,20250925
P01016,2024-09-18,20240918
P01017,2025-06-03,20250603
P01017,2025-12-21,20251221
P01017,2024-12-03,20241203
P01017,2025-05-05,20250505
P01017,2025-10-16,20251016
P01017,2025-09-20,20250920
P01017,2025-04-13,20250413
P01017,2025-11-11,20251111
P01018,2024-11-29,20241129
P01018,2025-07-17,20250717
P01019,2025-08-24,20250824
P01019,2025-01-13,20250113
P01019,2025-04-01,20250401
P01019,2025-05-03,20250503
P01019,2025-11-22,20251122
P01019,2024-07-08,20240708
P01019,2025-12-24,20251224
P01019,2025-06-18,20250618
P01019,2024-12-25,20241225
P01019,2024-05-16,20240516
P01020,2025-06-02,20250602
P01020,2025-11-10,20251110
P01020,2025-10-21,20251021
P01020,2025-04-24,20250424
P01020,2025-05-16,20250516
P01020,2024-08-16,20240816
P01020,2024-11-19,20241119
P01020,2025-03-27,20250327
P01020,2024-04-11,20240411
P01020,2024-09-06,20240906
P01021,2025-02-24,20250224
P01021,2025-01-06,20250106
P01021,2024-11-10,20241110
P01021,2025-07-11,20250711
P01021,2025-04-16,20250416
P01021,2024-10-27,20241027
P01021,2025-03-16,20250316
P01021,2025-12-24,20251224
P01021,2025-11-18,20251118
P01021,2025-06-27,20250627
P01022,2025-05-21,20250521
P01022,2025-12-28,20251228
P01022,2025-02-14,20250214
P01023,2025-05-14,20250514
P01023,2025-09-11,20250911
P01023,2025-03-09,20250309
P01023,2025-12-07,20251207
P01023,2025-06-15,20250615
P01023,2025-04-20,20250420
P01023,2025-07-17,20250717
P01024,2024-08-13,20240813
P01024,2025-11-30,20251130
P01024,2024-10-14,20241014
P01024,2025-07-10,20250710
P01024,2025-01-30,20250130
P01024,2024-12-04,20241204
P01024,2025-06-15,20250615
P01024,2025-08-08,20250808
P01024,2025-04-15,20250415
P01025,2024-12-14,20241214
P01025,2025-04-09,20250409
P01026,2025-01-26,20250126
P01026,2025-10-15,20251015
P01026,2024-06-26,20240626
P01026,2025-05-01,20250501
P01027,2025-10-02,20251002
P01027,2024-08-31,20240831
P01027,2024-07-25,20240725
P01027,2024-03-20,20240320
P01027,2024-10-26,20241026
P01027,2025-05-27,20250527
P01027,2025-11-25,20251125
P01027,2025-01-29,20250129
P01027,2025-02-03,20250203
P01028,2025-02-04,20250204
P01028,2025-07-12,20250712
P01028,2024-09-17,20240917
P01028,2024-02-01,20240201
P01028,2025-01-22,20250122
P01029,2024-03-10,20240310
P01029,2025-06-20,20250620
P01029,2025-11-01,20251101
P01029,2025-09-21,20250921
P01029,2024-09-08,20240908
P01029,2025-01-07,20250107
P01029,2025-10-05,20251005
P01029,2024-08-03,20240803
P01029,2025-03-15,20250315
P01030,2024-11-03,20241103
P01030,2025-03-30,20250330
P01030,2024-10-11,20241011
P01030,2025-09-10,20250910
P01031,2025-04-09,20250409
P01031,2025-06-24,20250624
P01031,2025-03-13,20250313
P01032,2025-04-26,20250426
P01033,2025-04-17,20250417
P01033,2024-12-13,20241213
P01033,2025-03-29,20250329
P01034,2025-09-02,20250902
P01034,2025-01-18,20250118
P01035,2025-03-16,20250316
P01036,2025-05-23,20250523
P01037,2025-01-13,20250113
P01037,2025-10-25,20251025
P01037,2025-11-10,20251110
P01037,2025-06-03,20250603
P01037,2025-09-23,20250923
P01037,2025-12-25,20251225
P01037,2025-02-27,20250227
P01037,2025-08-13,20250813
P01038,2025-08-28,20250828
P01039,2025-10-07,20251007
P01039,2025-12-13,20251213
P01039,2025-04-15,20250415
P01040,2025-08-13,20250813
P01041,2025-06-20,20250620
P01041,2025-08-26,20250826
P01041,2025-05-16,20250516
P01041,2025-07-06,20250706
P01041,2025-03-13,20250313
P01042,2024-11-29,20241129
P01042,2025-08-17,20250817
P01042,2024-12-29,20241229
P01043,2025-05-04,20250504
P01043,2024-10-17,20241017
P01044,2025-02-22,20250222
P01044,2025-11-14,20251114
P01044,2025-01-01,20250101
P01044,2025-06-25,20250625
P01044,2024-12-29,20241229
P01044,2024-08-09,20240809
P01044,2024-06-17,20240617
P01045,2024-12-06,20241206
P01045,2025-02-18,20250218
P01045,2025-03-28,20250328
P01045,2024-10-07,20241007
P01045,2025-04-02,20250402
P01045,2024-01-19,20240119
P01045,2024-09-09,20240909
P01045,2024-04-29,20240429
P01046,2024-12-06,20241206
P01047,2024-08-31,20240831
P01047,2024-06-23,20240623
P01047,2025-03-12,20250312
P01048,2025-12-14,20251214
P01049,2025-06-07,20250607
P01049,2024-08-12,20240812
P01049,2024-11-29,20241129
P01049,2025-07-15,20250715
P01049,2025-03-30,20250330
P01049,2025-01-08,20250108
P01049,2025-12-23,20251223
P01049,2024-05-17,20240517
P01050,2024-04-25,20240425
P01051,2025-09-10,20250910
P01051,2025-02-23,20250223
P01051,2025-04-19,20250419
P01052,2024-05-02,20240502
P01052,2025-09-09,20250909
P01053,2024-11-10,20241110
P01054,2024-12-26,20241226
P01054,2025-12-13,20251213
P01054,2024-10-09,20241009
P01054,2025-01-28,20250128
P01054,2025-09-06,20250906
P01054,2025-04-15,20250415
P01055,2025-05-03,20250503
P01055,2025-09-02,20250902
P01055,2025-03-08,20250308
P01055,2025-12-10,20251210
P01055,2025-11-15,20251115
P01055,2025-06-09,20250609
P01055,2024-12-10,20241210
P01056,2025-04-27,20250427
P01056,2025-07-11,20250711
P01056,2025-03-29,20250329
P01056,2025-09-07,20250907
P01057,2024-04-09,20240409
P01057,2025-02-23,20250223
P01057,2025-09-05,20250905
P01058,2024-05-26,20240526
P01058,2025-07-04,20250704
P01058,2025-08-26,20250826
P01058,2024-08-28,20240828
P01058,2024-10-05,20241005
P01058,2024-09-19,20240919
P01058,2024-11-10,20241110
P01058,2025-03-18,20250318
P01058,2025-09-15,20250915
P01059,2024-11-26,20241126
P01060,2025-09-20,20250920
P01060,2025-07-31,20250731
P01060,2025-06-17,20250617
P01061,2024-05-14,20240514
P01061,2025-04-13,20250413
P01061,2024-08-30,20240830
P01061,2025-07-08,20250708
P01061,2025-09-15,20250915
P01062,2025-12-11,20251211
P01062,2025-03-09,20250309
P01062,2025-02-06,20250206
P01062,2025-08-24,20250824
P01062,2025-09-02,20250902
P01062,2024-12-26,20241226
P01062,2025-10-15,20251015
P01062,2025-11-05,20251105
P01063,2024-08-16,20240816
P01063,2025-06-07,20250607
P01063,2024-12-23,20241223
P01063,2024-06-26,20240626
P01063,2025-12-05,20251205
P01063,2024-05-25,20240525
P01063,2025-11-23,20251123
P01064,2025-05-21,20250521
P01064,2025-10-22,20251022
P01064,2025-04-09,20250409
P01064,2025-02-02,20250202
P01064,2024-05-27,20240527
P01064,2024-08-25,20240825
P01064,2024-09-26,20240926
P01064,2024-07-01,20240701
P01064,2024-04-04,20240404
P01065,2025-01-13,20250113
P01065,2025-07-20,20250720
P01065,2024-07-20,20240720
P01065,2025-02-10,20250210
P01066,2024-10-17,20241017
P01067,2025-01-31,20250131
P01067,2025-02-01,20250201
P01067,2025-07-11,20250711
P01068,2025-11-10,20251110
P01068,2024-08-27,20240827
P01069,2025-09-22,20250922
P01069,2024-12-14,20241214
P01069,2025-01-20,20250120
P01069,2025-05-22,20250522
P01069,2025-08-29,20250829
P01070,2025-05-07,20250507
P01070,2024-07-27,20240727
P01070,2024-10-04,20241004
P01071,2025-12-13,20251213
P01071,2025-11-27,20251127
P01071,2025-10-10,20251010
P01071,2024-10-10,20241010
P01072,2024-10-17,20241017
P01072,2024-09-02,20240902
P01072,2025-07-20,20250720
P01072,2024-12-24,20241224
P01072,2025-12-10,20251210
P01072,2025-03-20,20250320
P01072,2025-10-30,20251030
P01073,2024-07-18,20240718
P01073,2024-08-24,20240824
P01073,2025-03-06,20250306
P01073,2024-12-26,20241226
P01073,2025-07-19,20250719
P01073,2025-11-04,20251104
P01073,2024-10-23,20241023
P01074,2025-01-21,20250121
P01075,2025-08-12,20250812
P01075,2024-03-18,20240318
P01075,2025-11-07,20251107
P01075,2025-09-12,20250912
P01075,2025-02-01,20250201
P01076,2025-03-12,20250312
P01076,2024-07-27,20240727
P01076,2025-04-13,20250413
P01076,2024-09-22,20240922
P01076,2025-10-12,20251012
P01076,2025-02-16,20250216
P01076,2024-10-06,20241006
P01077,2024-09-30,20240930
P01077,2024-12-20,20241220
P01077,2025-10-30,20251030
P01077,2025-12-29,20251229
P01077,2024-02-10,20240210
P01077,2025-04-25,20250425
P01078,2025-05-15,20250515
P01078,2024-01-06,20240106
P01078,2024-12-01,20241201
P01079,2025-12-14,20251214
P01079,2024-07-27,20240727
P01079,2025-04-16,20250416
P01079,2025-06-22,20250622
P01079,2024-08-16,20240816
P01079,2025-03-31,20250331
P01080,2025-05-21,20250521
P01081,2025-11-25,20251125
P01081,2025-04-17,20250417
P01081,2025-10-07,20251007
P01081,2025-07-13,20250713
P01081,2025-08-28,20250828
P01081,2025-03-11,20250311
P01081,2024-10-10,20241010
P01082,2025-02-13,20250213
P01082,2024-12-23,20241223
P01082,2025-06-19,20250619
P01083,2025-06-10,20250610
P01084,2024-03-16,20240316
P01085,2024-04-19,20240419
P01085,2024-08-14,20240814
P01085,2025-05-24,20250524
P01085,2025-09-11,20250911
P01085,2024-09-24,20240924
P01085,2025-08-02,20250802
P01085,2025-12-27,20251227
P01085,2024-06-02,20240602
P01086,2025-06-30,20250630
P01086,2025-11-07,20251107
P01086,2025-05-01,20250501
P01086,2025-02-04,20250204
P01086,2025-07-11,20250711
P01086,2024-12-20,20241220
P01086,2025-01-07,20250107
P01086,2025-04-18,20250418
P01086,2025-10-04,20251004
P01086,2024-11-17,20241117
P01087,2025-03-22,20250322
P01087,2025-01-01,20250101
P01088,2025-05-15,20250515
P01088,2025-04-16,20250416
P01089,2024-10-22,20241022
P01089,2025-02-06,20250206
P01089,2025-04-30,20250430
P01089,2025-05-25,20250525
P01089,2025-03-28,20250328
P01090,2025-01-15,20250115
P01090,2024-12-15,20241215
P01090,2025-08-18,20250818
P01090,2025-06-18,20250618
P01090,2025-12-02,20251202
P01090,2025-11-23,20251123
P01090,2025-03-11,20250311
P01090,2024-11-13,20241113
P01090,2025-05-11,20250511
P01091,2025-03-19,20250319
P01092,2025-07-10,20250710
P01092,2024-11-28,20241128
P01092,2025-03-02,20250302
P01093,2025-10-17,20251017
P01093,2024-12-28,20241228
P01093,2025-08-12,20250812
P01093,2025-04-04,20250404
P01093,2024-09-20,20240920
P01093,2025-07-16,20250716
P01094,2025-03-17,20250317
P01094,2025-06-04,20250604
P01094,2025-01-04,20250104
P01094,2025-04-14,20250414
P01094,2025-07-28,20250728
P01095,2025-04-29,20250429
P01095,2025-06-05,20250605
P01095,2025-08-12,20250812
P01096,2025-06-26,20250626
P01096,2024-10-31,20241031
P01096,2025-11-15,20251115
P01096,2025-12-04,20251204
P01097,2025-08-21,20250821
P01097,2025-11-12,20251112
P01097,2025-07-16,20250716
P01097,2024-11-05,20241105
P01097,2024-10-10,20241010
P01097,2025-05-28,20250528
P01098,2025-05-25,20250525
P01098,2024-09-19,20240919
P01098,2024-10-01,20241001
P01099,2025-01-07,20250107
P01099,2025-08-21,20250821
P01099,2025-12-19,20251219
P01099,2025-05-07,20250507
P01099,2024-12-23,20241223
P01099,2024-10-07,20241007
P01099,2025-10-16,20251016
P01099,2025-09-12,20250912
P01099,2024-11-15,20241115
P01099,2025-02-15,20250215
P01100,2025-04-26,20250426
P01100,2025-01-07,20250107
P01100,2025-09-28,20250928
P01100,2025-03-10,20250310
P01100,2024-09-05,20240905
P01100,2025-05-15,20250515
P01101,2025-08-29,20250829
P01101,2025-02-08,20250208
P01101,2025-12-11,20251211
P01102,2024-08-07,20240807
P01102,2025-04-05,20250405
P01102,2025-07-16,20250716
P01103,2025-11-02,20251102
P01104,2025-07-16,20250716
P01105,2025-09-15,20250915
P01105,2025-11-07,20251107
P01105,2025-03-03,20250303
P01105,2025-04-13,20250413
P01105,2025-12-10,20251210
P01105,2025-06-23,20250623
P01105,2024-11-02,20241102
P01105,2025-10-12,20251012
P01105,2024-08-28,20240828
P01106,2024-05-25,20240525
P01106,2025-06-16,20250616
P01106,2024-09-14,20240914
P01107,2025-04-16,20250416
P01107,2025-12-20,20251220
P01107,2025-11-18,20251118
P01107,2025-05-15,20250515
P01107,2025-01-23,20250123
P01108,2025-10-04,20251004
P01108,2025-06-07,20250607
P01108,2025-04-16,20250416
P01109,2024-04-12,20240412
P01109,2025-01-30,20250130
P01109,2025-07-25,20250725
P01109,2024-12-28,20241228
P01109,2024-11-11,20241111
P01109,2024-08-13,20240813
P01109,2024-10-15,20241015
P01109,2025-04-17,20250417
P01109,2024-06-22,20240622
P01109,2025-12-22,20251222
P01110,2025-02-01,20250201
P01111,2025-01-29,20250129
P01112,2025-09-20,20250920
P01112,2024-11-13,20241113
P01113,2025-02-25,20250225
P01113,2025-06-04,20250604
P01113,2024-10-14,20241014
P01114,2025-01-13,20250113
P01114,2024-09-28,20240928
P01115,2024-04-03,20240403
P01115,2025-12-03,20251203
P01115,2025-02-24,20250224
P01116,2025-06-24,20250624
P01116,2025-10-30,20251030
P01116,2024-12-30,20241230
P01116,2025-04-07,20250407
P01116,2025-07-25,20250725
P01116,2025-09-16,20250916
P01116,2025-08-15,20250815
P01116,2025-05-05,20250505
P01117,2024-11-03,20241103
P01117,2024-10-17,20241017
P01117,2025-05-21,20250521
P01117,2025-08-06,20250806
P01117,2025-04-30,20250430
P01117,2025-01-06,20250106
P01117,2025-11-30,20251130
P01117,2024-12-22,20241222
P01117,2025-10-19,20251019
P01118,2025-07-10,20250710
P01118,2025-06-19,20250619
P01119,2025-11-07,20251107
P01119,2025-01-06,20250106
P01119,2025-08-06,20250806
P01119,2024-10-13,20241013
P01119,2025-09-16,20250916
P01119,2025-12-13,20251213
P01119,2025-04-02,20250402
P01119,2025-02-19,20250219
P01119,2025-10-19,20251019
P01120,2024-10-25,20241025
P01120,2025-10-22,20251022
P01120,2025-02-18,20250218
P01121,2024-05-13,20240513
P01122,2025-04-03,20250403
P01122,2025-08-12,20250812
P01123,2024-04-23,20240423
P01123,2024-12-04,20241204
P01123,2025-01-11,20250111
P01124,2025-04-23,20250423
P01124,2025-11-26,20251126
P01124,2025-12-22,20251222
P01124,2025-08-06,20250806
P01124,2024-12-14,20241214
P01125,2025-02-18,20250218
P01125,2025-10-23,20251023
P01125,2025-04-29,20250429
P01126,2025-11-14,20251114
P01127,2024-02-18,20240218
P01127,2025-05-18,20250518
P01127,2025-12-16,20251216
P01128,2024-08-22,20240822
P01128,2024-12-12,20241212
P01128,2025-12-12,20251212
P01129,2025-07-11,20250711
P01129,2025-03-18,20250318
P01129,2025-11-24,20251124
P01130,2024-11-12,20241112
P01130,2025-01-20,20250120
P01130,2025-03-09,20250309
P01130,2024-08-03,20240803
P01130,2024-04-01,20240401
P01130,2024-02-22,20240222
P01130,2025-05-15,20250515
P01131,2025-09-21,20250921
P01131,2025-06-01,20250601
P01131,2025-05-30,20250530
P01131,2025-04-21,20250421
P01131,2025-11-10,20251110
P01131,2025-08-17,20250817
P01131,2025-10-27,20251027
P01131,2024-11-03,20241103
P01131,2025-03-28,20250328
P01131,2024-10-29,20241029
P01132,2025-05-14,20250514
P01132,2025-07-18,20250718
P01132,2025-10-02,20251002
P01132,2025-06-01,20250601
P01133,2025-02-03,20250203
P01133,2025-01-20,20250120
P01133,2025-08-12,20250812
P01134,2025-05-02,20250502
P01134,2025-12-17,20251217
P01134,2025-09-19,20250919
P01135,2024-11-28,20241128
P01136,2024-05-18,20240518
P01136,2025-08-12,20250812
P01136,2024-06-19,20240619
P01137,2025-07-24,20250724
P01137,2025-06-18,20250618
P01137,2025-02-12,20250212
P01137,2025-09-09,20250909
P01137,2025-08-23,20250823
P01137,2024-11-24,20241124
P01137,2025-11-16,20251116
P01137,2025-12-18,20251218
P01137,2024-07-16,20240716
P01138,2025-03-14,20250314
P01138,2024-09-14,20240914
P01138,2025-06-10,20250610
P01138,2024-12-28,20241228
P01138,2024-11-19,20241119
P01138,2025-05-25,20250525
P01138,2024-08-29,20240829
P01138,2025-04-16,20250416
P01138,2025-08-09,20250809
P01138,2025-10-20,20251020
P01139,2025-11-29,20251129
P01140,2024-10-30,20241030
P01141,2025-03-26,20250326
P01142,2024-12-03,20241203
P01142,2025-10-17,20251017
P01142,2024-08-25,20240825
P01143,2025-07-21,20250721
P01143,2025-04-18,20250418
P01143,2025-05-25,20250525
P01144,2024-12-05,20241205
P01144,2025-08-16,20250816
P01144,2025-03-28,20250328
P01144,2025-04-13,20250413
P01144,2025-01-16,20250116
P01144,2025-09-22,20250922
P01145,2025-08-21,20250821
P01145,2025-02-02,20250202
P01145,2024-07-08,20240708
P01145,2024-08-24,20240824
P01145,2024-12-22,20241222
P01145,2025-01-19,20250119
P01145,2025-05-20,20250520
P01145,2025-04-17,20250417
P01146,2025-06-04,20250604
P01146,2024-11-19,20241119
P01146,2025-03-24,20250324
P01146,2025-12-04,20251204
P01146,2025-09-09,20250909
P01147,2025-02-16,20250216
P01147,2025-05-21,20250521
P01147,2025-03-15,20250315
P01147,2025-11-30,20251130
P01147,2025-07-05,20250705
P01147,2025-04-13,20250413
P01147,2024-11-22,20241122
P01148,2025-06-23,20250623
P01148,2024-07-03,20240703
P01148,2024-10-25,20241025
P01148,2025-03-08,20250308
P01148,2025-12-17,20251217
P01148,2024-12-29,20241229
P01148,2024-06-18,20240618
P01148,2025-07-18,20250718
P01148,2024-08-26,20240826
P01148,2024-05-25,20240525
P01149,2025-07-13,20250713
P01149,2024-09-10,20240910
P01150,2024-04-10,20240410
P01150,2025-06-12,20250612
P01150,2025-09-14,20250914
P01150,2025-04-18,20250418
P01150,2024-06-19,20240619
P01150,2024-05-06,20240506
P01150,2024-11-05,20241105
P01150,2025-10-27,20251027
P01151,2025-04-25,20250425
P01152,2025-06-17,20250617
P01152,2025-05-25,20250525
P01152,2024-06-11,20240611
P01152,2025-07-13,20250713
P01152,2024-10-25,20241025
P01153,2025-03-29,20250329
P01153,2025-02-08,20250208
P01153,2024-12-28,20241228
P01153,2024-09-13,20240913
P01154,2025-05-12,20250512
P01154,2024-11-26,20241126
P01155,2025-06-18,20250618
P01156,2025-01-10,20250110
P01157,2024-10-01,20241001
P01157,2025-10-03,20251003
P01158,2025-01-30,20250130
P01158,2024-11-14,20241114
P01158,2024-10-11,20241011
P01158,2025-05-17,20250517
P01159,2024-11-22,20241122
P01159,2025-01-13,20250113
P01159,2025-12-09,20251209
P01159,2024-12-27,20241227
P01159,2025-10-16,20251016
P01159,2025-06-04,20250604
P01159,2025-08-02,20250802
P01159,2025-03-13,20250313
P01159,2025-07-13,20250713
P01160,2025-08-31,20250831
P01160,2025-09-06,20250906
P01160,2025-12-25,20251225
P01160,2024-04-03,20240403
P01160,2025-04-18,20250418
P01160,2025-11-05,20251105
P01160,2025-06-13,20250613
P01161,2025-01-20,20250120
P01161,2025-11-01,20251101
P01162,2025-04-26,20250426
P01162,2025-03-16,20250316
P01162,2024-04-14,20240414
P01163,2025-02-16,20250216
P01163,2024-07-04,20240704
P01163,2025-11-18,20251118
P01163,2025-06-23,20250623
P01164,2025-10-14,20251014
P01165,2025-07-10,20250710
P01165,2025-09-29,20250929
P01165,2024-05-04,20240504
P01166,2025-11-20,20251120
P01166,2025-09-02,20250902
P01166,2025-03-29,20250329
P01167,2025-03-16,20250316
P01167,2025-07-28,20250728
P01168,2025-04-24,20250424
P01168,2024-12-11,20241211
P01168,2025-06-22,20250622
P01169,2025-02-13,20250213
P01169,2025-06-20,20250620
P01170,2025-08-31,20250831
P01170,2024-09-17,20240917
P01170,2025-05-23,20250523
P01170,2025-02-18,20250218
P01170,2024-10-23,20241023
P01170,2024-11-15,20241115
P01170,2024-05-01,20240501
P01170,2024-07-29,20240729
P01170,2025-09-26,20250926
P01171,2025-05-04,20250504
P01171,2024-12-07,20241207
P01171,2025-04-19,20250419
P01171,2025-01-07,20250107
P01171,2025-12-14,20251214
P01172,2025-06-17,20250617
P01172,2025-01-21,20250121
P01173,2024-08-27,20240827
P01173,2025-01-19,20250119
P01173,2024-12-19,20241219
P01174,2025-07-06,20250706
P01175,2025-11-23,20251123
P01176,2025-10-17,20251017
P01176,2025-12-20,20251220
P01176,2025-11-22,20251122
P01176,2024-09-11,20240911
P01176,2025-08-12,20250812
P01176,2024-06-25,20240625
P01176,2025-01-27,20250127
P01176,2025-04-24,20250424
P01177,2025-03-25,20250325
P01177,2024-09-11,20240911
P01178,2024-03-03,20240303
P01178,2024-10-29,20241029
P01178,2025-09-08,20250908
P01178,2024-09-29,20240929
P01178,2025-04-23,20250423
P01178,2024-02-10,20240210
P01178,2025-05-05,20250505
P01178,2025-06-11,20250611
P01178,2025-12-04,20251204
P01179,2024-09-01,20240901
P01179,2024-07-11,20240711
P01179,2024-04-05,20240405
P01179,2024-11-02,20241102
P01179,2025-11-27,20251127
P01179,2025-10-13,20251013
P01180,2025-10-01,20251001
P01180,2024-04-05,20240405
P01180,2025-06-21,20250621
P01180,2025-07-05,20250705
P01180,2024-09-24,20240924
P01181,2025-03-23,20250323
P01181,2025-09-26,20250926
P01182,2025-02-06,20250206
P01183,2025-09-21,20250921
P01183,2025-05-08,20250508
P01183,2025-11-07,20251107
P01184,2024-07-23,20240723
P01185,2024-12-13,20241213
P01185,2025-08-04,20250804
P01185,2025-01-03,20250103
P01186,2025-02-07,20250207
P01186,2025-04-14,20250414
P01186,2025-11-27,20251127
P01187,2025-06-01,20250601
P01187,2024-10-01,20241001
P01187,2025-11-15,20251115
P01188,2025-09-17,20250917
P01188,2024-07-21,20240721
P01188,2025-01-12,20250112
P01188,2025-08-25,20250825
P01188,2024-12-31,20241231
P01188,2024-06-18,20240618
P01188,2025-04-04,20250404
P01188,2025-07-10,20250710
P01188,2025-12-18,20251218
P01189,2024-07-13,20240713
P01189,2025-07-18,20250718
P01189,2025-02-07,20250207
P01189,2025-08-25,20250825
P01190,2024-12-19,20241219
P01190,2025-06-08,20250608
P01190,2025-12-23,20251223
P01190,2025-02-12,20250212
P01190,2025-07-11,20250711
P01190,2025-03-27,20250327
P01190,2024-10-30,20241030
P01190,2024-09-27,20240927
P01191,2025-07-08,20250708
P01192,2024-06-20,20240620
P01193,2025-05-07,20250507
P01193,2025-06-17,20250617
P01194,2025-04-25,20250425
P01194,2024-12-02,20241202
P01194,2025-06-10,20250610
P01194,2025-10-10,20251010
P01194,2025-09-26,20250926
P01194,2025-11-05,20251105
P01195,2025-09-06,20250906
P01195,2025-11-03,20251103
P01196,2025-07-17,20250717
P01196,2024-12-27,20241227
P01196,2025-11-17,20251117
P01196,2025-09-11,20250911
P01196,2024-08-23,20240823
P01196,2025-03-07,20250307
P01196,2024-10-02,20241002
P01197,2025-01-22,20250122
P01197,2024-11-03,20241103
P01197,2024-12-01,20241201
P01198,2024-04-05,20240405
P01198,2025-04-14,20250414
P01198,2024-12-11,20241211
P01199,2024-12-22,20241222
P01199,2024-06-03,20240603
P01199,2025-05-10,20250510
P01200,2025-09-08,20250908
P01200,2025-01-06,20250106
P01200,2025-03-28,20250328
P01200,2025-11-03,20251103
P01200,2025-02-16,20250216
