bonus_id,user_id,bonus_type_id,award_ts,award_date_id,bonus_amount,is_redeemed_flag,redeem_ts,redeem_date_id
BON00000001,U0001621,2,2019-11-13 01:00:00,20191113,500.0,1,2019-11-16 16:05:38,20191116.0
BON00000002,U0003430,3,2020-11-08 18:00:00,20201108,200.0,1,2020-11-13 16:35:59,20201113.0
BON00000003,U0002582,5,2022-10-02 17:00:00,20221002,2000.0,0,,
BON00000004,U0000816,1,2022-11-01 13:00:00,20221101,100.0,1,2022-11-05 23:31:51,20221105.0
BON00000005,U0003420,4,2024-07-22 11:00:00,20240722,2000.0,1,2024-07-23 14:15:17,20240723.0
BON00000006,U0001110,2,2022-07-02 02:00:00,20220702,10000.0,1,2022-07-07 09:06:32,20220707.0
BON00000007,U0003274,1,2024-03-29 04:00:00,20240329,20.0,0,,
BON00000008,U0003174,4,2020-10-25 02:00:00,20201025,2000.0,1,2020-11-01 17:49:27,20201101.0
BON00000009,U0000672,1,2019-09-28 21:00:00,20190928,200.0,0,,
BON00000010,U0002041,1,2020-10-28 03:00:00,20201028,200.0,1,2020-10-28 13:15:50,20201028.0
BON00000011,U0001401,4,2025-04-14 21:00:00,20250414,500.0,1,2025-04-23 04:26:21,20250423.0
BON00000012,U0003330,2,2022-07-28 05:00:00,20220728,1000.0,1,2022-07-29 11:49:50,20220729.0
BON00000013,U0000638,2,2021-02-13 16:00:00,20210213,1000.0,0,,
BON00000014,U0000364,1,2019-02-26 01:00:00,20190226,20.0,0,,
BON00000015,U0000716,2,2019-03-21 20:00:00,20190321,2000.0,0,,
BON00000016,U0000465,3,2023-02-23 19:00:00,20230223,500.0,0,,
BON00000017,U0000843,2,2022-01-02 14:00:00,20220102,2000.0,1,2022-01-13 05:38:45,20220113.0
BON00000018,U0001006,1,2024-01-06 02:00:00,20240106,50.0,1,2024-01-21 15:04:32,20240121.0
BON00000019,U0000689,3,2023-11-25 17:00:00,20231125,1000.0,1,2023-12-04 19:47:43,20231204.0
BON00000020,U0003473,1,2025-06-22 08:00:00,20250622,200.0,0,,
BON00000021,U0003071,4,2024-09-02 07:00:00,20240902,500.0,1,2024-09-18 02:15:28,20240918.0
BON00000022,U0003978,5,2020-07-07 17:00:00,20200707,20000.0,1,2020-07-07 18:51:50,20200707.0
BON00000023,U0002443,4,2019-04-29 07:00:00,20190429,1000.0,1,2019-05-08 00:46:07,20190508.0
BON00000024,U0003219,1,2024-08-10 16:00:00,20240810,50.0,1,2024-08-30 00:55:48,20240830.0
BON00000025,U0003212,5,2020-02-17 02:00:00,20200217,5000.0,0,,
BON00000026,U0002671,1,2020-06-17 16:00:00,20200617,200.0,1,2020-06-20 09:11:19,20200620.0
BON00000027,U0003138,4,2020-04-01 13:00:00,20200401,500.0,0,,
BON00000028,U0003350,4,2024-08-13 08:00:00,20240813,3000.0,1,2024-09-01 12:21:26,20240901.0
BON00000029,U0001374,1,2025-03-05 14:00:00,20250305,50.0,1,2025-03-06 20:08:55,20250306.0
BON00000030,U0002874,1,2019-03-03 17:00:00,20190303,20.0,1,2019-03-14 03:53:53,20190314.0
BON00000031,U0000366,4,2019-05-24 09:00:00,20190524,500.0,0,,
BON00000032,U0002132,2,2024-10-25 16:00:00,20241025,2000.0,1,2024-10-28 09:01:15,20241028.0
BON00000033,U0000475,1,2021-06-02 06:00:00,20210602,200.0,1,2021-06-11 17:11:02,20210611.0
BON00000034,U0003619,2,2020-02-27 07:00:00,20200227,500.0,0,,
BON00000035,U0001349,2,2021-11-15 09:00:00,20211115,2000.0,0,,
BON00000036,U0000518,3,2022-11-25 22:00:00,20221125,200.0,1,2022-12-04 15:53:51,20221204.0
BON00000037,U0000209,1,2020-04-11 01:00:00,20200411,100.0,1,2020-04-18 11:07:18,20200418.0
BON00000038,U0001346,4,2025-10-05 01:00:00,20251005,1000.0,1,2025-10-15 09:14:14,20251015.0
BON00000039,U0003330,4,2019-10-19 04:00:00,20191019,3000.0,1,2019-10-21 07:43:23,20191021.0
BON00000040,U0001971,1,2024-06-16 15:00:00,20240616,100.0,1,2024-06-25 23:07:47,20240625.0
BON00000041,U0002222,2,2019-03-23 11:00:00,20190323,5000.0,1,2019-03-30 15:15:04,20190330.0
BON00000042,U0003289,3,2022-11-05 09:00:00,20221105,2000.0,1,2022-11-13 21:52:58,20221113.0
BON00000043,U0001077,5,2020-06-21 08:00:00,20200621,5000.0,0,,
BON00000044,U0002225,2,2020-09-01 17:00:00,20200901,5000.0,0,,
BON00000045,U0002476,1,2020-05-09 06:00:00,20200509,20.0,1,2020-05-12 03:30:30,20200512.0
BON00000046,U0000319,3,2023-07-29 12:00:00,20230729,2000.0,0,,
BON00000047,U0000514,1,2023-08-03 18:00:00,20230803,100.0,0,,
BON00000048,U0002991,1,2019-09-04 05:00:00,20190904,100.0,1,2019-09-07 08:41:23,20190907.0
BON00000049,U0000651,5,2022-11-07 16:00:00,20221107,20000.0,1,2022-11-08 20:44:16,20221108.0
BON00000050,U0000074,2,2021-06-09 00:00:00,20210609,500.0,1,2021-06-25 01:08:15,20210625.0
BON00000051,U0000835,2,2022-09-13 14:00:00,20220913,2000.0,0,,
BON00000052,U0003606,1,2024-07-30 09:00:00,20240730,50.0,1,2024-08-13 17:01:51,20240813.0
BON00000053,U0003893,2,2023-11-18 03:00:00,20231118,10000.0,1,2023-11-22 00:57:26,20231122.0
BON00000054,U0001247,2,2023-10-02 07:00:00,20231002,10000.0,0,,
BON00000055,U0002711,3,2025-08-22 06:00:00,20250822,200.0,1,2025-08-29 05:39:45,20250829.0
BON00000056,U0003190,3,2021-12-08 09:00:00,20211208,200.0,1,2021-12-10 16:43:36,20211210.0
BON00000057,U0003711,3,2021-08-23 07:00:00,20210823,1000.0,1,2021-09-06 21:13:33,20210906.0
BON00000058,U0002751,3,2021-08-14 23:00:00,20210814,200.0,1,2021-08-15 02:12:22,20210815.0
BON00000059,U0001457,2,2022-10-04 22:00:00,20221004,10000.0,1,2022-10-22 19:09:52,20221022.0
BON00000060,U0002206,4,2021-01-13 18:00:00,20210113,2000.0,0,,
BON00000061,U0001927,3,2025-07-25 21:00:00,20250725,200.0,0,,
BON00000062,U0002514,1,2024-03-30 00:00:00,20240330,200.0,1,2024-04-01 23:11:51,20240401.0
BON00000063,U0001926,2,2022-04-24 17:00:00,20220424,5000.0,1,2022-05-12 01:48:17,20220512.0
BON00000064,U0001221,2,2021-11-20 07:00:00,20211120,10000.0,1,2021-11-24 15:43:41,20211124.0
BON00000065,U0002667,3,2024-06-28 10:00:00,20240628,500.0,1,2024-07-27 08:33:08,20240727.0
BON00000066,U0003183,5,2025-11-09 05:00:00,20251109,5000.0,1,2025-11-10 06:59:48,20251110.0
BON00000067,U0002816,2,2025-12-21 01:00:00,20251221,2000.0,1,2025-12-31 22:44:07,20251231.0
BON00000068,U0003819,4,2024-11-19 16:00:00,20241119,3000.0,1,2024-11-21 20:06:33,20241121.0
BON00000069,U0002292,1,2020-05-23 18:00:00,20200523,200.0,1,2020-05-27 18:41:39,20200527.0
BON00000070,U0002893,2,2024-12-11 10:00:00,20241211,1000.0,0,,
BON00000071,U0003468,1,2021-08-31 16:00:00,20210831,50.0,1,2021-09-01 04:59:53,20210901.0
BON00000072,U0002583,4,2022-02-11 08:00:00,20220211,3000.0,1,2022-02-12 02:01:51,20220212.0
BON00000073,U0002891,1,2019-09-29 06:00:00,20190929,20.0,0,,
BON00000074,U0001926,3,2025-05-30 03:00:00,20250530,1000.0,1,2025-06-11 14:18:54,20250611.0
BON00000075,U0003042,1,2023-05-28 19:00:00,20230528,50.0,0,,
BON00000076,U0000766,1,2023-07-07 09:00:00,20230707,100.0,1,2023-07-07 14:45:29,20230707.0
BON00000077,U0000121,4,2025-07-11 07:00:00,20250711,3000.0,1,2025-07-31 10:22:13,20250731.0
BON00000078,U0001405,1,2022-09-08 16:00:00,20220908,200.0,0,,
BON00000079,U0003797,1,2022-01-10 23:00:00,20220110,200.0,0,,
BON00000080,U0001009,1,2024-04-22 21:00:00,20240422,200.0,1,2024-04-24 19:45:51,20240424.0
BON00000081,U0002178,3,2023-11-19 23:00:00,20231119,1000.0,1,2023-11-23 14:00:19,20231123.0
BON00000082,U0000168,2,2025-09-10 21:00:00,20250910,500.0,0,,
BON00000083,U0001896,4,2022-08-24 04:00:00,20220824,3000.0,1,2022-08-26 15:05:14,20220826.0
BON00000084,U0003970,2,2021-04-06 06:00:00,20210406,10000.0,1,2021-04-15 07:24:33,20210415.0
BON00000085,U0000388,2,2025-04-01 12:00:00,20250401,5000.0,1,2025-04-05 19:26:40,20250405.0
BON00000086,U0001764,2,2019-07-19 00:00:00,20190719,1000.0,1,2019-07-23 01:43:30,20190723.0
BON00000087,U0000455,1,2021-11-10 00:00:00,20211110,20.0,1,2021-11-17 01:58:21,20211117.0
BON00000088,U0001400,1,2023-04-17 20:00:00,20230417,50.0,0,,
BON00000089,U0002647,2,2021-03-05 06:00:00,20210305,500.0,1,2021-03-19 13:18:21,20210319.0
BON00000090,U0002300,3,2022-04-20 01:00:00,20220420,200.0,1,2022-04-29 21:18:14,20220429.0
BON00000091,U0001697,2,2023-09-11 03:00:00,20230911,10000.0,1,2023-09-13 18:59:45,20230913.0
BON00000092,U0001606,1,2024-06-19 15:00:00,20240619,20.0,1,2024-06-26 15:15:43,20240626.0
BON00000093,U0001330,4,2020-07-13 06:00:00,20200713,3000.0,0,,
BON00000094,U0000668,2,2024-01-03 12:00:00,20240103,10000.0,0,,
BON00000095,U0001036,2,2023-11-24 16:00:00,20231124,1000.0,1,2023-11-26 15:41:53,20231126.0
BON00000096,U0002693,1,2020-03-14 07:00:00,20200314,20.0,0,,
BON00000097,U0000798,3,2021-03-06 04:00:00,20210306,2000.0,0,,
BON00000098,U0001022,1,2021-02-10 08:00:00,20210210,50.0,1,2021-02-11 04:46:49,20210211.0
BON00000099,U0003564,2,2019-05-19 00:00:00,20190519,5000.0,1,2019-05-24 09:37:05,20190524.0
BON00000100,U0001179,2,2024-12-23 03:00:00,20241223,1000.0,1,2024-12-29 04:28:34,20241229.0
BON00000101,U0002195,1,2024-08-27 07:00:00,20240827,50.0,1,2024-08-29 14:30:01,20240829.0
BON00000102,U0000768,2,2019-09-14 16:00:00,20190914,5000.0,0,,
BON00000103,U0001408,1,2025-01-24 14:00:00,20250124,50.0,1,2025-01-26 23:24:06,20250126.0
BON00000104,U0001503,2,2024-01-07 07:00:00,20240107,5000.0,0,,
BON00000105,U0000956,1,2025-08-30 11:00:00,20250830,200.0,1,2025-09-05 02:38:15,20250905.0
BON00000106,U0001924,1,2022-08-25 22:00:00,20220825,50.0,0,,
BON00000107,U0002222,2,2024-09-21 02:00:00,20240921,1000.0,0,,
BON00000108,U0002458,1,2021-02-07 04:00:00,20210207,20.0,1,2021-02-20 21:51:05,20210220.0
BON00000109,U0002660,3,2022-07-15 11:00:00,20220715,200.0,0,,
BON00000110,U0003244,4,2024-03-06 15:00:00,20240306,3000.0,0,,
BON00000111,U0003407,4,2023-09-06 00:00:00,20230906,3000.0,0,,
BON00000112,U0002100,2,2020-02-01 12:00:00,20200201,10000.0,0,,
BON00000113,U0000168,5,2023-01-29 01:00:00,20230129,2000.0,1,2023-02-09 22:43:26,20230209.0
BON00000114,U0000955,1,2025-10-27 17:00:00,20251027,50.0,1,2025-11-01 23:37:44,20251101.0
BON00000115,U0002324,5,2024-11-23 05:00:00,20241123,10000.0,1,2024-12-10 21:08:41,20241210.0
BON00000116,U0001425,2,2025-05-08 11:00:00,20250508,500.0,1,2025-05-14 18:22:44,20250514.0
BON00000117,U0002713,1,2025-11-07 17:00:00,20251107,200.0,0,,
BON00000118,U0003430,1,2023-09-11 01:00:00,20230911,100.0,1,2023-09-16 23:02:32,20230916.0
BON00000119,U0001513,2,2019-03-25 09:00:00,20190325,5000.0,0,,
BON00000120,U0000793,4,2019-06-02 04:00:00,20190602,500.0,0,,
BON00000121,U0002065,3,2025-01-30 01:00:00,20250130,500.0,0,,
BON00000122,U0001109,3,2019-11-04 02:00:00,20191104,2000.0,1,2019-11-06 14:46:02,20191106.0
BON00000123,U0002815,1,2019-11-11 02:00:00,20191111,100.0,0,,
BON00000124,U0003740,2,2024-05-29 19:00:00,20240529,5000.0,0,,
BON00000125,U0000389,2,2023-08-05 16:00:00,20230805,5000.0,1,2023-08-06 06:35:34,20230806.0
BON00000126,U0000893,2,2023-09-03 16:00:00,20230903,2000.0,0,,
BON00000127,U0000126,2,2019-04-01 17:00:00,20190401,2000.0,1,2019-04-02 01:18:50,20190402.0
BON00000128,U0000881,5,2019-05-14 14:00:00,20190514,10000.0,0,,
BON00000129,U0001515,2,2023-02-23 01:00:00,20230223,2000.0,1,2023-03-10 05:32:25,20230310.0
BON00000130,U0001628,4,2025-09-25 20:00:00,20250925,1000.0,1,2025-10-02 02:51:29,20251002.0
BON00000131,U0001571,2,2020-10-18 01:00:00,20201018,5000.0,1,2020-10-27 09:10:50,20201027.0
BON00000132,U0003684,1,2021-07-26 10:00:00,20210726,50.0,1,2021-07-27 09:28:15,20210727.0
BON00000133,U0003083,2,2021-10-02 14:00:00,20211002,1000.0,1,2021-10-08 22:29:07,20211008.0
BON00000134,U0001525,1,2024-06-22 06:00:00,20240622,200.0,1,2024-06-23 18:20:56,20240623.0
BON00000135,U0000806,3,2023-05-05 09:00:00,20230505,500.0,1,2023-06-04 09:00:00,20230604.0
BON00000136,U0003408,2,2023-03-05 04:00:00,20230305,1000.0,1,2023-03-06 17:33:06,20230306.0
BON00000137,U0000289,2,2019-12-20 17:00:00,20191220,5000.0,1,2019-12-26 00:59:03,20191226.0
BON00000138,U0002213,2,2021-06-07 00:00:00,20210607,1000.0,0,,
BON00000139,U0000149,2,2022-03-03 20:00:00,20220303,1000.0,1,2022-03-05 20:57:01,20220305.0
BON00000140,U0002452,1,2024-01-08 05:00:00,20240108,20.0,0,,
BON00000141,U0000669,1,2020-02-02 15:00:00,20200202,100.0,0,,
BON00000142,U0000481,2,2022-01-31 07:00:00,20220131,500.0,0,,
BON00000143,U0001178,4,2022-06-09 03:00:00,20220609,1000.0,0,,
BON00000144,U0002120,2,2023-08-25 04:00:00,20230825,10000.0,0,,
BON00000145,U0003240,4,2024-11-22 23:00:00,20241122,1000.0,1,2024-11-23 10:11:47,20241123.0
BON00000146,U0002601,3,2024-07-31 19:00:00,20240731,500.0,1,2024-08-02 01:45:49,20240802.0
BON00000147,U0001603,4,2024-10-04 10:00:00,20241004,1000.0,1,2024-10-06 06:37:22,20241006.0
BON00000148,U0003962,5,2020-05-10 01:00:00,20200510,10000.0,0,,
BON00000149,U0003326,3,2020-08-09 20:00:00,20200809,200.0,1,2020-08-10 10:42:48,20200810.0
BON00000150,U0003430,5,2020-10-06 23:00:00,20201006,2000.0,1,2020-10-10 07:17:23,20201010.0
BON00000151,U0002323,1,2019-11-05 16:00:00,20191105,20.0,0,,
BON00000152,U0001343,2,2022-04-14 23:00:00,20220414,1000.0,1,2022-04-16 11:16:30,20220416.0
BON00000153,U0000673,1,2020-07-02 15:00:00,20200702,50.0,1,2020-07-02 15:35:07,20200702.0
BON00000154,U0003269,1,2025-09-29 17:00:00,20250929,200.0,0,,
BON00000155,U0002702,1,2023-09-11 04:00:00,20230911,200.0,1,2023-09-13 02:13:10,20230913.0
BON00000156,U0001215,1,2024-06-21 11:00:00,20240621,200.0,1,2024-06-29 11:03:41,20240629.0
BON00000157,U0002702,1,2025-05-27 08:00:00,20250527,50.0,0,,
BON00000158,U0002600,2,2020-12-05 08:00:00,20201205,2000.0,0,,
BON00000159,U0001571,2,2021-01-09 03:00:00,20210109,5000.0,1,2021-01-29 05:29:37,20210129.0
BON00000160,U0000742,1,2025-12-20 02:00:00,20251220,20.0,0,,
BON00000161,U0003199,3,2022-07-11 21:00:00,20220711,2000.0,0,,
BON00000162,U0001593,3,2025-02-28 04:00:00,20250228,1000.0,0,,
BON00000163,U0002936,1,2020-09-16 18:00:00,20200916,50.0,1,2020-10-04 03:11:49,20201004.0
BON00000164,U0001631,1,2020-10-31 10:00:00,20201031,20.0,1,2020-11-16 12:37:51,20201116.0
BON00000165,U0001571,1,2025-03-09 15:00:00,20250309,100.0,0,,
BON00000166,U0003816,2,2022-07-08 20:00:00,20220708,500.0,0,,
BON00000167,U0002413,4,2022-09-16 03:00:00,20220916,2000.0,0,,
BON00000168,U0003542,2,2023-06-21 03:00:00,20230621,1000.0,1,2023-06-29 18:43:12,20230629.0
BON00000169,U0002380,1,2021-09-01 00:00:00,20210901,200.0,0,,
BON00000170,U0001371,1,2020-10-02 21:00:00,20201002,50.0,0,,
BON00000171,U0000688,1,2022-06-30 11:00:00,20220630,20.0,0,,
BON00000172,U0000676,1,2021-10-07 12:00:00,20211007,200.0,0,,
BON00000173,U0001816,5,2023-06-30 09:00:00,20230630,2000.0,0,,
BON00000174,U0001243,2,2022-05-29 01:00:00,20220529,2000.0,0,,
BON00000175,U0000678,5,2023-07-24 13:00:00,20230724,20000.0,1,2023-07-30 04:39:09,20230730.0
BON00000176,U0003745,4,2024-03-31 09:00:00,20240331,3000.0,0,,
BON00000177,U0000742,2,2024-05-16 17:00:00,20240516,10000.0,1,2024-06-06 02:31:21,20240606.0
BON00000178,U0001155,5,2020-10-23 08:00:00,20201023,2000.0,1,2020-10-25 14:45:02,20201025.0
BON00000179,U0000212,1,2025-11-04 22:00:00,20251104,50.0,1,2025-11-05 22:51:29,20251105.0
BON00000180,U0002737,1,2025-12-30 14:00:00,20251230,50.0,1,2025-12-30 16:05:00,20251230.0
BON00000181,U0001555,5,2021-03-29 23:00:00,20210329,10000.0,1,2021-03-29 23:39:12,20210329.0
BON00000182,U0001990,3,2021-10-05 11:00:00,20211005,2000.0,0,,
BON00000183,U0000389,3,2024-03-14 01:00:00,20240314,2000.0,1,2024-03-21 08:52:45,20240321.0
BON00000184,U0001858,5,2020-01-09 22:00:00,20200109,5000.0,0,,
BON00000185,U0001329,1,2019-12-05 10:00:00,20191205,100.0,1,2019-12-16 11:45:53,20191216.0
BON00000186,U0002170,4,2025-06-10 13:00:00,20250610,2000.0,1,2025-06-16 04:55:23,20250616.0
BON00000187,U0003065,2,2025-08-23 07:00:00,20250823,500.0,1,2025-09-01 11:53:03,20250901.0
BON00000188,U0002848,1,2021-08-27 19:00:00,20210827,50.0,1,2021-09-02 22:28:26,20210902.0
BON00000189,U0000175,1,2023-05-12 01:00:00,20230512,100.0,0,,
BON00000190,U0002554,2,2025-04-01 13:00:00,20250401,500.0,0,,
BON00000191,U0001065,2,2019-08-23 23:00:00,20190823,2000.0,0,,
BON00000192,U0003516,4,2022-08-31 17:00:00,20220831,3000.0,1,2022-09-10 18:51:35,20220910.0
BON00000193,U0000032,1,2025-01-02 17:00:00,20250102,200.0,0,,
BON00000194,U0002184,5,2021-08-22 22:00:00,20210822,20000.0,1,2021-08-26 04:25:23,20210826.0
BON00000195,U0001125,1,2025-10-06 03:00:00,20251006,100.0,1,2025-10-06 10:39:05,20251006.0
BON00000196,U0002556,4,2023-06-09 00:00:00,20230609,2000.0,0,,
BON00000197,U0000650,2,2025-01-04 20:00:00,20250104,10000.0,1,2025-01-12 12:43:55,20250112.0
BON00000198,U0003628,1,2025-10-31 07:00:00,20251031,20.0,0,,
BON00000199,U0003246,2,2021-04-04 06:00:00,20210404,500.0,1,2021-04-21 02:25:56,20210421.0
BON00000200,U0003268,1,2025-05-13 10:00:00,20250513,20.0,1,2025-05-21 18:34:07,20250521.0
BON00000201,U0001439,4,2020-10-25 00:00:00,20201025,1000.0,1,2020-11-02 17:25:05,20201102.0
BON00000202,U0001038,1,2020-11-25 05:00:00,20201125,20.0,1,2020-11-30 07:30:48,20201130.0
BON00000203,U0003539,3,2020-10-02 06:00:00,20201002,200.0,1,2020-10-05 17:46:57,20201005.0
BON00000204,U0003633,3,2019-08-10 21:00:00,20190810,500.0,1,2019-08-18 03:50:52,20190818.0
BON00000205,U0001918,2,2021-04-08 09:00:00,20210408,2000.0,1,2021-04-12 06:08:58,20210412.0
BON00000206,U0001747,1,2025-09-15 01:00:00,20250915,200.0,1,2025-09-27 18:00:30,20250927.0
BON00000207,U0001186,1,2025-02-28 12:00:00,20250228,200.0,1,2025-03-05 01:13:04,20250305.0
BON00000208,U0003252,1,2021-04-27 17:00:00,20210427,100.0,0,,
BON00000209,U0001897,3,2025-03-15 15:00:00,20250315,200.0,0,,
BON00000210,U0001047,3,2022-09-20 09:00:00,20220920,2000.0,1,2022-09-20 22:53:11,20220920.0
BON00000211,U0001008,2,2024-05-29 15:00:00,20240529,500.0,1,2024-06-02 05:49:34,20240602.0
BON00000212,U0000335,1,2025-06-22 17:00:00,20250622,50.0,0,,
BON00000213,U0000613,5,2019-08-18 18:00:00,20190818,2000.0,1,2019-08-22 05:35:28,20190822.0
BON00000214,U0000749,1,2020-06-19 07:00:00,20200619,100.0,1,2020-07-01 13:19:48,20200701.0
BON00000215,U0002780,4,2022-08-24 16:00:00,20220824,1000.0,1,2022-08-27 10:09:26,20220827.0
BON00000216,U0002505,3,2023-06-10 08:00:00,20230610,1000.0,0,,
BON00000217,U0001259,5,2020-10-22 20:00:00,20201022,10000.0,1,2020-10-25 11:35:03,20201025.0
BON00000218,U0000833,1,2023-08-17 16:00:00,20230817,200.0,1,2023-08-18 14:59:24,20230818.0
BON00000219,U0002701,1,2022-03-16 02:00:00,20220316,100.0,0,,
BON00000220,U0001846,5,2020-09-30 09:00:00,20200930,20000.0,1,2020-10-01 07:59:14,20201001.0
BON00000221,U0002469,3,2020-01-16 18:00:00,20200116,1000.0,1,2020-01-23 03:58:16,20200123.0
BON00000222,U0000442,4,2024-05-23 06:00:00,20240523,3000.0,1,2024-05-25 21:55:37,20240525.0
BON00000223,U0000833,2,2020-07-18 20:00:00,20200718,500.0,1,2020-07-22 01:52:52,20200722.0
BON00000224,U0003331,2,2022-08-03 14:00:00,20220803,2000.0,1,2022-08-12 07:42:14,20220812.0
BON00000225,U0001527,1,2025-08-26 22:00:00,20250826,50.0,1,2025-08-28 15:26:24,20250828.0
BON00000226,U0003118,2,2020-07-03 02:00:00,20200703,1000.0,1,2020-07-04 10:03:09,20200704.0
BON00000227,U0002215,1,2019-04-14 15:00:00,20190414,100.0,0,,
BON00000228,U0000518,1,2019-03-26 01:00:00,20190326,200.0,0,,
BON00000229,U0000215,2,2024-11-01 22:00:00,20241101,5000.0,1,2024-11-02 13:51:10,20241102.0
BON00000230,U0000582,4,2024-03-02 14:00:00,20240302,3000.0,1,2024-03-22 22:27:40,20240322.0
BON00000231,U0003935,5,2025-02-17 02:00:00,20250217,10000.0,0,,
BON00000232,U0000426,3,2023-04-13 08:00:00,20230413,1000.0,1,2023-04-16 08:21:47,20230416.0
BON00000233,U0003949,2,2024-10-07 11:00:00,20241007,500.0,0,,
BON00000234,U0003041,1,2019-11-17 22:00:00,20191117,200.0,1,2019-12-03 18:46:40,20191203.0
BON00000235,U0003408,1,2022-10-10 03:00:00,20221010,100.0,1,2022-10-10 04:17:55,20221010.0
BON00000236,U0000677,2,2022-12-07 21:00:00,20221207,500.0,1,2022-12-15 02:01:45,20221215.0
BON00000237,U0002532,1,2020-09-18 23:00:00,20200918,100.0,1,2020-09-22 06:45:13,20200922.0
BON00000238,U0003873,4,2021-08-28 15:00:00,20210828,2000.0,0,,
BON00000239,U0000499,1,2020-06-28 18:00:00,20200628,200.0,1,2020-06-29 19:34:12,20200629.0
BON00000240,U0000174,1,2022-09-02 10:00:00,20220902,100.0,1,2022-09-04 06:05:09,20220904.0
BON00000241,U0002011,4,2022-08-08 13:00:00,20220808,2000.0,0,,
BON00000242,U0002066,3,2023-06-19 23:00:00,20230619,2000.0,1,2023-06-24 23:06:24,20230624.0
BON00000243,U0000806,1,2022-01-11 22:00:00,20220111,100.0,1,2022-01-14 01:12:06,20220114.0
BON00000244,U0003163,2,2022-07-27 05:00:00,20220727,1000.0,1,2022-08-05 16:20:05,20220805.0
BON00000245,U0003826,1,2024-05-04 03:00:00,20240504,20.0,0,,
BON00000246,U0000023,5,2020-01-16 22:00:00,20200116,10000.0,1,2020-01-18 22:16:13,20200118.0
BON00000247,U0001319,4,2024-05-27 03:00:00,20240527,500.0,1,2024-05-30 03:49:37,20240530.0
BON00000248,U0002411,2,2023-09-18 06:00:00,20230918,1000.0,1,2023-09-23 08:50:00,20230923.0
BON00000249,U0001039,2,2025-02-04 01:00:00,20250204,10000.0,0,,
BON00000250,U0000553,1,2024-08-08 18:00:00,20240808,50.0,1,2024-08-14 10:01:37,20240814.0
BON00000251,U0001179,5,2022-02-17 23:00:00,20220217,5000.0,1,2022-02-21 06:48:49,20220221.0
BON00000252,U0001322,1,2020-12-23 22:00:00,20201223,20.0,1,2020-12-31 19:54:16,20201231.0
BON00000253,U0001910,1,2022-12-04 02:00:00,20221204,50.0,1,2022-12-05 04:39:52,20221205.0
BON00000254,U0002839,2,2025-11-25 00:00:00,20251125,500.0,1,2025-11-25 09:21:47,20251125.0
BON00000255,U0003339,1,2019-01-13 04:00:00,20190113,100.0,1,2019-01-13 13:38:30,20190113.0
BON00000256,U0001587,5,2020-07-25 14:00:00,20200725,5000.0,0,,
BON00000257,U0003430,5,2021-08-11 01:00:00,20210811,5000.0,1,2021-08-13 09:51:48,20210813.0
BON00000258,U0003561,3,2020-01-08 15:00:00,20200108,500.0,0,,
BON00000259,U0003251,2,2019-08-04 07:00:00,20190804,2000.0,1,2019-08-14 01:50:47,20190814.0
BON00000260,U0002749,1,2022-03-21 09:00:00,20220321,50.0,1,2022-04-20 09:00:00,20220420.0
BON00000261,U0003292,4,2025-11-25 04:00:00,20251125,2000.0,0,,
BON00000262,U0003994,2,2020-11-28 11:00:00,20201128,5000.0,1,2020-12-10 03:45:33,20201210.0
BON00000263,U0000471,1,2021-02-02 09:00:00,20210202,100.0,1,2021-02-02 23:30:13,20210202.0
BON00000264,U0000052,3,2021-08-21 03:00:00,20210821,200.0,0,,
BON00000265,U0002115,3,2024-04-12 04:00:00,20240412,1000.0,1,2024-04-12 06:37:15,20240412.0
BON00000266,U0000917,3,2019-09-13 10:00:00,20190913,200.0,1,2019-09-16 19:42:53,20190916.0
BON00000267,U0003873,2,2020-04-13 05:00:00,20200413,1000.0,1,2020-04-15 20:19:26,20200415.0
BON00000268,U0003169,3,2025-01-12 12:00:00,20250112,2000.0,0,,
BON00000269,U0001793,1,2022-02-09 20:00:00,20220209,200.0,1,2022-02-15 17:43:01,20220215.0
BON00000270,U0000215,2,2023-03-28 17:00:00,20230328,10000.0,0,,
BON00000271,U0002602,3,2020-09-14 23:00:00,20200914,2000.0,0,,
BON00000272,U0002934,3,2021-05-13 01:00:00,20210513,200.0,1,2021-05-15 07:48:28,20210515.0
BON00000273,U0000766,1,2020-08-03 17:00:00,20200803,100.0,1,2020-08-22 00:29:05,20200822.0
BON00000274,U0000851,3,2020-06-05 06:00:00,20200605,500.0,1,2020-06-06 09:54:39,20200606.0
BON00000275,U0001926,3,2023-09-02 11:00:00,20230902,200.0,1,2023-09-11 21:08:55,20230911.0
BON00000276,U0000323,2,2023-11-29 17:00:00,20231129,5000.0,1,2023-12-06 06:56:33,20231206.0
BON00000277,U0002471,1,2020-11-30 23:00:00,20201130,200.0,1,2020-12-01 03:58:52,20201201.0
BON00000278,U0000496,2,2019-08-01 11:00:00,20190801,500.0,1,2019-08-11 22:11:48,20190811.0
BON00000279,U0002198,3,2020-06-07 17:00:00,20200607,200.0,1,2020-06-17 23:38:33,20200617.0
BON00000280,U0002543,1,2022-03-31 14:00:00,20220331,20.0,0,,
BON00000281,U0002570,2,2023-03-15 22:00:00,20230315,1000.0,1,2023-03-25 15:51:22,20230325.0
BON00000282,U0000709,1,2023-10-31 16:00:00,20231031,200.0,1,2023-11-10 12:32:56,20231110.0
BON00000283,U0000364,3,2023-03-29 00:00:00,20230329,1000.0,1,2023-04-13 20:51:06,20230413.0
BON00000284,U0003070,2,2023-03-13 16:00:00,20230313,10000.0,0,,
BON00000285,U0003066,1,2024-08-26 19:00:00,20240826,200.0,0,,
BON00000286,U0001644,3,2023-01-08 22:00:00,20230108,1000.0,0,,
BON00000287,U0000446,4,2021-01-28 12:00:00,20210128,1000.0,1,2021-02-03 09:37:30,20210203.0
BON00000288,U0001066,4,2025-04-07 03:00:00,20250407,500.0,1,2025-04-09 02:20:22,20250409.0
BON00000289,U0002913,1,2021-07-22 09:00:00,20210722,20.0,1,2021-07-25 04:03:59,20210725.0
BON00000290,U0002311,1,2020-06-13 02:00:00,20200613,50.0,1,2020-06-21 23:44:13,20200621.0
BON00000291,U0000739,1,2020-09-21 02:00:00,20200921,100.0,1,2020-09-26 20:23:07,20200926.0
BON00000292,U0003570,1,2022-07-27 16:00:00,20220727,20.0,0,,
BON00000293,U0000572,3,2023-06-03 21:00:00,20230603,500.0,0,,
BON00000294,U0003241,1,2021-01-07 12:00:00,20210107,100.0,0,,
BON00000295,U0002723,5,2023-11-26 13:00:00,20231126,5000.0,0,,
BON00000296,U0000680,2,2022-10-28 18:00:00,20221028,2000.0,1,2022-11-02 01:41:17,20221102.0
BON00000297,U0000105,2,2021-01-22 13:00:00,20210122,5000.0,1,2021-02-01 15:43:03,20210201.0
BON00000298,U0002394,3,2023-10-02 21:00:00,20231002,1000.0,1,2023-10-05 19:51:15,20231005.0
BON00000299,U0001167,1,2021-12-04 15:00:00,20211204,20.0,1,2021-12-19 21:22:40,20211219.0
BON00000300,U0001506,3,2023-11-11 08:00:00,20231111,200.0,0,,
BON00000301,U0000496,2,2021-11-08 21:00:00,20211108,5000.0,0,,
BON00000302,U0001824,1,2022-07-27 11:00:00,20220727,20.0,1,2022-08-06 18:06:16,20220806.0
BON00000303,U0003347,1,2024-04-02 15:00:00,20240402,200.0,0,,
BON00000304,U0000169,1,2024-10-03 10:00:00,20241003,200.0,1,2024-10-04 07:52:21,20241004.0
BON00000305,U0000323,3,2021-05-24 13:00:00,20210524,2000.0,1,2021-05-27 04:15:44,20210527.0
BON00000306,U0001171,5,2022-02-11 00:00:00,20220211,20000.0,0,,
BON00000307,U0002655,1,2024-02-03 07:00:00,20240203,20.0,1,2024-02-08 15:32:56,20240208.0
BON00000308,U0003068,1,2019-05-11 04:00:00,20190511,200.0,0,,
BON00000309,U0000688,1,2021-05-08 15:00:00,20210508,20.0,1,2021-05-28 19:07:05,20210528.0
BON00000310,U0000124,1,2019-09-21 06:00:00,20190921,100.0,1,2019-10-05 03:56:10,20191005.0
BON00000311,U0002300,5,2023-08-21 15:00:00,20230821,10000.0,1,2023-08-23 20:34:27,20230823.0
BON00000312,U0002228,2,2021-01-27 15:00:00,20210127,10000.0,1,2021-02-12 07:01:36,20210212.0
BON00000313,U0001270,2,2025-10-03 00:00:00,20251003,2000.0,1,2025-10-06 20:29:17,20251006.0
BON00000314,U0001372,1,2019-08-23 17:00:00,20190823,100.0,1,2019-08-24 04:20:55,20190824.0
BON00000315,U0000796,5,2022-12-21 10:00:00,20221221,20000.0,1,2022-12-26 15:53:10,20221226.0
BON00000316,U0001841,2,2025-06-13 15:00:00,20250613,5000.0,0,,
BON00000317,U0000125,2,2024-11-12 21:00:00,20241112,10000.0,1,2024-11-14 10:11:10,20241114.0
BON00000318,U0001910,2,2020-10-23 14:00:00,20201023,5000.0,1,2020-11-05 01:31:45,20201105.0
BON00000319,U0000552,2,2020-12-13 19:00:00,20201213,10000.0,0,,
BON00000320,U0000079,2,2021-04-18 09:00:00,20210418,2000.0,0,,
BON00000321,U0001644,1,2020-03-14 15:00:00,20200314,50.0,0,,
BON00000322,U0000350,2,2022-07-24 09:00:00,20220724,5000.0,1,2022-07-27 15:10:00,20220727.0
BON00000323,U0001788,4,2022-06-06 02:00:00,20220606,500.0,1,2022-06-12 17:20:53,20220612.0
BON00000324,U0003755,1,2024-12-23 19:00:00,20241223,50.0,1,2024-12-25 18:10:17,20241225.0
BON00000325,U0002809,2,2025-06-08 04:00:00,20250608,500.0,0,,
BON00000326,U0000255,2,2025-10-01 17:00:00,20251001,5000.0,0,,
BON00000327,U0000800,3,2023-08-02 08:00:00,20230802,500.0,1,2023-08-06 03:17:13,20230806.0
BON00000328,U0002984,2,2019-06-05 09:00:00,20190605,10000.0,1,2019-06-18 04:04:43,20190618.0
BON00000329,U0000585,1,2019-06-25 22:00:00,20190625,200.0,1,2019-06-28 03:43:32,20190628.0
BON00000330,U0001818,1,2021-11-25 07:00:00,20211125,50.0,1,2021-12-16 19:27:45,20211216.0
BON00000331,U0003670,2,2023-03-30 10:00:00,20230330,500.0,0,,
BON00000332,U0002575,1,2022-02-26 10:00:00,20220226,20.0,1,2022-03-01 01:31:41,20220301.0
BON00000333,U0000212,4,2023-10-17 12:00:00,20231017,3000.0,1,2023-10-20 03:50:06,20231020.0
BON00000334,U0000400,1,2023-10-04 00:00:00,20231004,50.0,1,2023-10-18 00:09:19,20231018.0
BON00000335,U0003689,2,2021-11-23 06:00:00,20211123,5000.0,1,2021-11-30 16:35:00,20211130.0
BON00000336,U0000790,1,2024-05-26 07:00:00,20240526,200.0,1,2024-06-09 08:30:27,20240609.0
BON00000337,U0002070,1,2021-08-16 19:00:00,20210816,200.0,1,2021-08-20 07:14:10,20210820.0
BON00000338,U0003237,3,2019-11-24 12:00:00,20191124,2000.0,1,2019-12-11 21:05:28,20191211.0
BON00000339,U0003079,1,2022-04-09 12:00:00,20220409,200.0,1,2022-04-10 22:28:39,20220410.0
BON00000340,U0001118,4,2021-07-18 20:00:00,20210718,2000.0,0,,
BON00000341,U0000612,5,2021-08-08 23:00:00,20210808,5000.0,1,2021-08-13 02:29:24,20210813.0
BON00000342,U0003368,1,2024-08-06 10:00:00,20240806,100.0,0,,
BON00000343,U0003435,1,2020-07-05 21:00:00,20200705,200.0,0,,
BON00000344,U0003424,2,2020-08-15 09:00:00,20200815,500.0,1,2020-09-14 09:00:00,20200914.0
BON00000345,U0003915,2,2021-07-19 14:00:00,20210719,500.0,1,2021-07-21 07:47:17,20210721.0
BON00000346,U0003243,2,2024-06-18 19:00:00,20240618,10000.0,0,,
BON00000347,U0000398,1,2023-05-12 17:00:00,20230512,200.0,1,2023-05-13 02:27:03,20230513.0
BON00000348,U0003492,3,2021-07-16 14:00:00,20210716,500.0,0,,
BON00000349,U0003584,1,2025-03-25 20:00:00,20250325,200.0,1,2025-04-01 20:15:44,20250401.0
BON00000350,U0003825,4,2023-01-20 16:00:00,20230120,3000.0,0,,
BON00000351,U0003916,5,2024-01-20 22:00:00,20240120,5000.0,0,,
BON00000352,U0003559,1,2019-12-06 01:00:00,20191206,50.0,0,,
BON00000353,U0001665,4,2021-11-29 09:00:00,20211129,1000.0,0,,
BON00000354,U0001012,2,2021-03-10 16:00:00,20210310,10000.0,1,2021-03-11 23:56:45,20210311.0
BON00000355,U0002352,3,2023-12-09 06:00:00,20231209,200.0,1,2023-12-09 15:45:37,20231209.0
BON00000356,U0002710,1,2020-05-27 11:00:00,20200527,50.0,0,,
BON00000357,U0000936,2,2024-08-09 06:00:00,20240809,2000.0,0,,
BON00000358,U0001242,4,2023-02-11 03:00:00,20230211,500.0,1,2023-02-13 04:08:27,20230213.0
BON00000359,U0003860,2,2019-10-06 19:00:00,20191006,2000.0,1,2019-10-07 06:22:44,20191007.0
BON00000360,U0000850,2,2022-10-09 02:00:00,20221009,1000.0,1,2022-10-11 01:09:30,20221011.0
BON00000361,U0000011,1,2024-03-13 19:00:00,20240313,20.0,1,2024-03-14 11:41:06,20240314.0
BON00000362,U0001270,1,2025-03-16 02:00:00,20250316,200.0,0,,
BON00000363,U0000314,2,2022-04-11 12:00:00,20220411,1000.0,1,2022-05-06 21:55:56,20220506.0
BON00000364,U0002580,2,2019-06-29 15:00:00,20190629,500.0,1,2019-07-04 11:37:29,20190704.0
BON00000365,U0001082,4,2025-12-06 18:00:00,20251206,1000.0,1,2025-12-16 13:05:24,20251216.0
BON00000366,U0000722,2,2020-05-02 19:00:00,20200502,5000.0,1,2020-05-03 20:38:29,20200503.0
BON00000367,U0003671,2,2024-08-25 19:00:00,20240825,500.0,1,2024-09-02 17:25:01,20240902.0
BON00000368,U0003668,2,2022-04-04 13:00:00,20220404,2000.0,0,,
BON00000369,U0003685,1,2021-09-29 05:00:00,20210929,200.0,0,,
BON00000370,U0000132,1,2022-05-31 14:00:00,20220531,100.0,1,2022-06-02 07:10:23,20220602.0
BON00000371,U0002861,1,2021-01-03 23:00:00,20210103,200.0,1,2021-01-10 23:10:48,20210110.0
BON00000372,U0001196,1,2025-06-07 20:00:00,20250607,50.0,0,,
BON00000373,U0000898,2,2023-02-05 01:00:00,20230205,10000.0,1,2023-02-06 03:18:53,20230206.0
BON00000374,U0000666,2,2025-09-10 20:00:00,20250910,500.0,1,2025-09-17 18:10:58,20250917.0
BON00000375,U0001338,3,2019-12-01 14:00:00,20191201,1000.0,0,,
BON00000376,U0000636,1,2025-12-28 12:00:00,20251228,50.0,1,2025-12-29 20:22:50,20251229.0
BON00000377,U0003770,3,2025-08-04 02:00:00,20250804,500.0,1,2025-08-09 17:22:57,20250809.0
BON00000378,U0000319,2,2023-09-27 00:00:00,20230927,5000.0,0,,
BON00000379,U0000161,1,2021-01-03 02:00:00,20210103,200.0,1,2021-01-07 18:39:36,20210107.0
BON00000380,U0003271,4,2022-02-13 08:00:00,20220213,3000.0,0,,
BON00000381,U0000304,1,2022-08-25 04:00:00,20220825,200.0,1,2022-09-05 11:37:30,20220905.0
BON00000382,U0003417,2,2024-11-28 12:00:00,20241128,1000.0,1,2024-11-30 05:27:40,20241130.0
BON00000383,U0003649,1,2020-01-10 00:00:00,20200110,20.0,0,,
BON00000384,U0003159,1,2019-01-09 21:00:00,20190109,20.0,0,,
BON00000385,U0002022,2,2020-09-21 17:00:00,20200921,2000.0,1,2020-09-29 08:20:10,20200929.0
BON00000386,U0001075,1,2024-06-18 04:00:00,20240618,100.0,1,2024-06-21 01:16:50,20240621.0
BON00000387,U0002689,2,2025-10-27 16:00:00,20251027,5000.0,1,2025-11-26 16:00:00,20251126.0
BON00000388,U0001914,4,2021-11-16 09:00:00,20211116,1000.0,1,2021-11-17 18:23:36,20211117.0
BON00000389,U0003743,2,2023-06-06 19:00:00,20230606,10000.0,1,2023-06-08 20:13:00,20230608.0
BON00000390,U0002070,2,2022-08-19 21:00:00,20220819,5000.0,1,2022-08-20 03:02:47,20220820.0
BON00000391,U0003571,2,2024-04-09 01:00:00,20240409,2000.0,0,,
BON00000392,U0003317,2,2021-12-14 09:00:00,20211214,500.0,0,,
BON00000393,U0003312,2,2019-08-17 15:00:00,20190817,500.0,0,,
BON00000394,U0002717,2,2022-03-19 07:00:00,20220319,10000.0,1,2022-04-08 20:36:02,20220408.0
BON00000395,U0001618,2,2020-07-26 05:00:00,20200726,2000.0,1,2020-07-29 06:17:54,20200729.0
BON00000396,U0000634,5,2022-07-09 09:00:00,20220709,2000.0,1,2022-07-28 21:31:26,20220728.0
BON00000397,U0003574,2,2025-05-25 03:00:00,20250525,2000.0,0,,
BON00000398,U0001125,1,2019-07-16 11:00:00,20190716,100.0,0,,
BON00000399,U0000945,3,2023-06-03 22:00:00,20230603,2000.0,0,,
BON00000400,U0000706,1,2020-02-08 16:00:00,20200208,100.0,1,2020-02-12 23:03:17,20200212.0
BON00000401,U0003516,4,2021-04-03 14:00:00,20210403,1000.0,0,,
BON00000402,U0000184,1,2025-10-19 07:00:00,20251019,100.0,0,,
BON00000403,U0003466,2,2019-01-23 10:00:00,20190123,2000.0,1,2019-02-02 06:22:47,20190202.0
BON00000404,U0003350,2,2021-08-01 18:00:00,20210801,5000.0,1,2021-08-14 07:31:41,20210814.0
BON00000405,U0002610,2,2025-03-12 16:00:00,20250312,10000.0,1,2025-03-15 06:35:51,20250315.0
BON00000406,U0000107,2,2023-02-03 00:00:00,20230203,5000.0,0,,
BON00000407,U0001958,2,2023-02-08 14:00:00,20230208,10000.0,1,2023-02-14 10:15:50,20230214.0
BON00000408,U0003108,2,2022-08-05 22:00:00,20220805,2000.0,0,,
BON00000409,U0000732,1,2024-09-21 12:00:00,20240921,200.0,0,,
BON00000410,U0000401,2,2025-07-06 05:00:00,20250706,1000.0,0,,
BON00000411,U0000663,1,2020-11-29 02:00:00,20201129,50.0,1,2020-12-02 14:27:30,20201202.0
BON00000412,U0001684,2,2022-01-11 14:00:00,20220111,1000.0,1,2022-01-19 11:15:18,20220119.0
BON00000413,U0001786,1,2019-08-16 21:00:00,20190816,50.0,1,2019-08-27 09:45:25,20190827.0
BON00000414,U0001895,2,2024-10-12 17:00:00,20241012,1000.0,0,,
BON00000415,U0001171,1,2020-07-07 02:00:00,20200707,200.0,1,2020-07-12 19:19:49,20200712.0
BON00000416,U0003079,2,2020-09-23 11:00:00,20200923,500.0,1,2020-09-23 17:28:26,20200923.0
BON00000417,U0002938,3,2025-07-29 12:00:00,20250729,2000.0,1,2025-08-06 20:05:25,20250806.0
BON00000418,U0001222,5,2020-05-28 12:00:00,20200528,10000.0,0,,
BON00000419,U0002174,2,2024-08-01 20:00:00,20240801,10000.0,1,2024-08-25 01:11:01,20240825.0
BON00000420,U0002684,5,2024-05-25 04:00:00,20240525,5000.0,1,2024-06-04 16:03:30,20240604.0
BON00000421,U0002943,5,2025-04-23 06:00:00,20250423,10000.0,1,2025-04-23 23:34:22,20250423.0
BON00000422,U0002028,3,2020-12-25 12:00:00,20201225,200.0,1,2020-12-29 06:41:48,20201229.0
BON00000423,U0002274,4,2025-11-17 13:00:00,20251117,2000.0,0,,
BON00000424,U0002674,1,2019-09-10 19:00:00,20190910,20.0,1,2019-09-27 16:43:18,20190927.0
BON00000425,U0003958,2,2021-02-27 21:00:00,20210227,500.0,1,2021-03-07 21:46:08,20210307.0
BON00000426,U0003030,5,2024-05-20 12:00:00,20240520,20000.0,1,2024-05-31 05:36:13,20240531.0
BON00000427,U0002838,3,2022-02-28 13:00:00,20220228,2000.0,1,2022-03-11 09:18:02,20220311.0
BON00000428,U0003212,1,2022-08-08 09:00:00,20220808,100.0,1,2022-08-11 21:36:20,20220811.0
BON00000429,U0002742,1,2024-07-05 07:00:00,20240705,50.0,0,,
BON00000430,U0000501,1,2020-08-07 00:00:00,20200807,50.0,1,2020-08-08 20:31:52,20200808.0
BON00000431,U0003290,2,2025-04-15 14:00:00,20250415,500.0,0,,
BON00000432,U0001711,1,2025-06-22 13:00:00,20250622,20.0,1,2025-06-23 05:38:03,20250623.0
BON00000433,U0003716,1,2025-09-05 23:00:00,20250905,20.0,1,2025-09-18 14:26:19,20250918.0
BON00000434,U0000889,3,2025-05-06 03:00:00,20250506,500.0,0,,
BON00000435,U0002420,2,2023-07-15 01:00:00,20230715,1000.0,1,2023-07-16 16:52:18,20230716.0
BON00000436,U0000584,2,2022-04-21 07:00:00,20220421,2000.0,0,,
BON00000437,U0000449,2,2021-07-16 16:00:00,20210716,5000.0,0,,
BON00000438,U0002108,2,2022-04-19 11:00:00,20220419,1000.0,1,2022-04-20 04:28:26,20220420.0
BON00000439,U0001896,1,2025-05-07 18:00:00,20250507,20.0,1,2025-05-19 19:39:10,20250519.0
BON00000440,U0000312,5,2023-11-18 01:00:00,20231118,20000.0,0,,
BON00000441,U0002662,2,2025-11-04 14:00:00,20251104,1000.0,1,2025-11-07 09:45:54,20251107.0
BON00000442,U0000703,1,2021-03-12 11:00:00,20210312,100.0,0,,
BON00000443,U0001609,1,2019-07-08 15:00:00,20190708,100.0,1,2019-07-09 07:47:46,20190709.0
BON00000444,U0003482,1,2021-03-20 11:00:00,20210320,50.0,0,,
BON00000445,U0003184,1,2020-12-25 23:00:00,20201225,100.0,1,2021-01-09 09:11:34,20210109.0
BON00000446,U0001558,1,2023-08-21 08:00:00,20230821,100.0,1,2023-09-09 09:04:37,20230909.0
BON00000447,U0000530,4,2023-04-02 11:00:00,20230402,1000.0,1,2023-04-04 10:08:38,20230404.0
BON00000448,U0001036,1,2022-07-17 08:00:00,20220717,20.0,1,2022-07-25 18:24:10,20220725.0
BON00000449,U0001726,1,2019-01-13 03:00:00,20190113,100.0,0,,
BON00000450,U0003506,1,2019-05-10 00:00:00,20190510,100.0,0,,
BON00000451,U0002391,3,2019-05-27 04:00:00,20190527,200.0,1,2019-06-02 16:09:03,20190602.0
BON00000452,U0001667,1,2020-01-22 00:00:00,20200122,100.0,1,2020-01-26 09:11:15,20200126.0
BON00000453,U0002215,4,2021-04-14 15:00:00,20210414,500.0,1,2021-04-16 22:53:13,20210416.0
BON00000454,U0000459,3,2020-07-09 07:00:00,20200709,200.0,0,,
BON00000455,U0001339,1,2023-08-21 23:00:00,20230821,200.0,0,,
BON00000456,U0002065,1,2024-11-07 09:00:00,20241107,50.0,1,2024-11-07 14:52:43,20241107.0
BON00000457,U0000705,2,2020-06-07 12:00:00,20200607,5000.0,1,2020-06-07 16:30:39,20200607.0
BON00000458,U0000101,5,2021-01-03 08:00:00,20210103,10000.0,1,2021-01-04 23:49:11,20210104.0
BON00000459,U0001832,2,2019-08-26 01:00:00,20190826,1000.0,0,,
BON00000460,U0000970,1,2020-02-03 02:00:00,20200203,50.0,1,2020-02-13 16:34:05,20200213.0
BON00000461,U0001509,2,2024-02-28 20:00:00,20240228,2000.0,1,2024-03-17 00:06:49,20240317.0
BON00000462,U0001064,4,2025-01-14 05:00:00,20250114,2000.0,1,2025-01-17 10:00:58,20250117.0
BON00000463,U0000593,1,2025-02-07 15:00:00,20250207,100.0,1,2025-02-08 21:28:50,20250208.0
BON00000464,U0002373,1,2023-04-29 03:00:00,20230429,50.0,1,2023-05-01 04:01:53,20230501.0
BON00000465,U0001093,1,2020-12-03 03:00:00,20201203,50.0,1,2020-12-05 21:51:48,20201205.0
BON00000466,U0003930,1,2019-07-30 15:00:00,20190730,200.0,0,,
BON00000467,U0001599,1,2021-12-29 05:00:00,20211229,20.0,1,2022-01-14 09:07:51,20220114.0
BON00000468,U0003567,2,2025-08-06 02:00:00,20250806,2000.0,0,,
BON00000469,U0002179,1,2025-10-06 00:00:00,20251006,100.0,0,,
BON00000470,U0003706,4,2020-08-11 05:00:00,20200811,3000.0,1,2020-08-24 17:07:40,20200824.0
BON00000471,U0000770,2,2021-07-22 09:00:00,20210722,2000.0,1,2021-07-24 23:40:34,20210724.0
BON00000472,U0000266,1,2020-07-26 05:00:00,20200726,100.0,0,,
BON00000473,U0000779,4,2020-09-24 13:00:00,20200924,3000.0,1,2020-09-25 23:48:31,20200925.0
BON00000474,U0001404,2,2021-05-22 08:00:00,20210522,10000.0,0,,
BON00000475,U0000967,2,2021-07-06 16:00:00,20210706,500.0,1,2021-07-09 01:13:06,20210709.0
BON00000476,U0002058,1,2022-07-05 00:00:00,20220705,20.0,1,2022-07-11 20:38:09,20220711.0
BON00000477,U0002790,4,2021-06-16 10:00:00,20210616,500.0,1,2021-06-22 12:48:48,20210622.0
BON00000478,U0003055,1,2024-03-13 12:00:00,20240313,100.0,0,,
BON00000479,U0000393,1,2023-09-09 19:00:00,20230909,20.0,0,,
BON00000480,U0000113,3,2025-06-21 09:00:00,20250621,200.0,0,,
BON00000481,U0000477,2,2024-10-31 00:00:00,20241031,5000.0,1,2024-11-11 19:28:31,20241111.0
BON00000482,U0001215,1,2025-10-05 13:00:00,20251005,50.0,0,,
BON00000483,U0003987,3,2019-06-09 07:00:00,20190609,1000.0,0,,
BON00000484,U0003030,1,2025-06-26 18:00:00,20250626,200.0,1,2025-06-26 21:48:12,20250626.0
BON00000485,U0002067,1,2024-11-07 10:00:00,20241107,100.0,0,,
BON00000486,U0001371,4,2019-06-07 08:00:00,20190607,2000.0,0,,
BON00000487,U0003694,2,2025-07-12 10:00:00,20250712,2000.0,1,2025-07-12 20:09:50,20250712.0
BON00000488,U0003272,5,2020-05-11 13:00:00,20200511,5000.0,1,2020-05-12 20:58:22,20200512.0
BON00000489,U0003435,1,2022-01-30 01:00:00,20220130,50.0,0,,
BON00000490,U0001452,1,2024-11-20 15:00:00,20241120,20.0,0,,
BON00000491,U0001229,5,2024-08-27 07:00:00,20240827,20000.0,1,2024-08-31 11:37:13,20240831.0
BON00000492,U0001991,4,2020-11-26 13:00:00,20201126,2000.0,0,,
BON00000493,U0000132,4,2021-01-18 02:00:00,20210118,2000.0,0,,
BON00000494,U0001570,2,2025-05-25 06:00:00,20250525,5000.0,1,2025-06-02 13:36:17,20250602.0
BON00000495,U0002567,1,2024-05-18 00:00:00,20240518,20.0,1,2024-05-24 09:18:19,20240524.0
BON00000496,U0000337,1,2021-01-18 04:00:00,20210118,50.0,0,,
BON00000497,U0000581,1,2025-03-16 11:00:00,20250316,20.0,1,2025-03-22 02:01:38,20250322.0
BON00000498,U0000398,2,2021-10-04 17:00:00,20211004,2000.0,1,2021-10-18 00:19:16,20211018.0
BON00000499,U0001596,1,2023-02-14 05:00:00,20230214,200.0,1,2023-03-08 17:24:12,20230308.0
BON00000500,U0002303,1,2020-11-25 08:00:00,20201125,50.0,1,2020-12-04 05:11:39,20201204.0
BON00000501,U0002529,1,2019-04-26 02:00:00,20190426,20.0,1,2019-04-29 10:22:43,20190429.0
BON00000502,U0001442,2,2020-08-24 06:00:00,20200824,5000.0,1,2020-08-29 22:42:40,20200829.0
BON00000503,U0003381,2,2021-01-19 21:00:00,20210119,1000.0,0,,
BON00000504,U0002028,4,2023-01-21 20:00:00,20230121,500.0,1,2023-02-08 08:37:43,20230208.0
BON00000505,U0001393,1,2019-12-14 03:00:00,20191214,200.0,1,2019-12-20 07:16:13,20191220.0
BON00000506,U0002654,1,2019-02-15 14:00:00,20190215,200.0,0,,
BON00000507,U0000904,3,2021-03-01 22:00:00,20210301,200.0,0,,
BON00000508,U0002061,5,2020-08-02 00:00:00,20200802,5000.0,1,2020-08-04 03:38:13,20200804.0
BON00000509,U0003381,4,2022-01-22 06:00:00,20220122,500.0,1,2022-01-24 10:10:43,20220124.0
BON00000510,U0001786,1,2024-07-03 22:00:00,20240703,200.0,0,,
BON00000511,U0002554,3,2019-10-05 21:00:00,20191005,200.0,0,,
BON00000512,U0000274,3,2022-04-14 11:00:00,20220414,500.0,0,,
BON00000513,U0003069,1,2020-06-02 13:00:00,20200602,50.0,1,2020-06-10 12:05:16,20200610.0
BON00000514,U0003404,2,2025-06-15 13:00:00,20250615,1000.0,0,,
BON00000515,U0001112,3,2023-06-11 06:00:00,20230611,500.0,0,,
BON00000516,U0002167,2,2020-07-02 22:00:00,20200702,2000.0,0,,
BON00000517,U0003082,1,2019-04-18 01:00:00,20190418,100.0,1,2019-04-19 13:37:09,20190419.0
BON00000518,U0001599,1,2021-07-01 08:00:00,20210701,50.0,1,2021-07-04 03:02:41,20210704.0
BON00000519,U0003580,2,2021-05-10 20:00:00,20210510,1000.0,0,,
BON00000520,U0003418,2,2022-05-16 13:00:00,20220516,10000.0,1,2022-05-28 11:59:08,20220528.0
BON00000521,U0003020,3,2025-10-31 14:00:00,20251031,500.0,1,2025-11-01 02:09:13,20251101.0
BON00000522,U0002809,2,2022-12-17 19:00:00,20221217,1000.0,0,,
BON00000523,U0002611,1,2025-05-01 12:00:00,20250501,20.0,0,,
BON00000524,U0003970,1,2021-06-05 01:00:00,20210605,50.0,0,,
BON00000525,U0000766,2,2025-08-24 20:00:00,20250824,1000.0,1,2025-09-02 09:17:20,20250902.0
BON00000526,U0003814,2,2022-02-16 14:00:00,20220216,1000.0,0,,
BON00000527,U0000107,4,2021-10-05 02:00:00,20211005,3000.0,1,2021-10-07 10:40:30,20211007.0
BON00000528,U0003460,1,2021-02-26 09:00:00,20210226,100.0,1,2021-03-05 00:14:35,20210305.0
BON00000529,U0001280,2,2020-03-04 11:00:00,20200304,5000.0,0,,
BON00000530,U0003143,2,2025-12-04 11:00:00,20251204,2000.0,0,,
BON00000531,U0001132,1,2023-11-26 20:00:00,20231126,50.0,1,2023-12-15 13:57:36,20231215.0
BON00000532,U0001195,1,2024-01-07 22:00:00,20240107,20.0,0,,
BON00000533,U0003493,4,2020-06-28 15:00:00,20200628,3000.0,0,,
BON00000534,U0003838,2,2020-03-13 22:00:00,20200313,5000.0,1,2020-03-17 16:40:42,20200317.0
BON00000535,U0001723,2,2019-12-03 18:00:00,20191203,5000.0,1,2019-12-12 05:53:42,20191212.0
BON00000536,U0003829,4,2024-01-01 04:00:00,20240101,500.0,1,2024-01-09 14:05:04,20240109.0
BON00000537,U0002579,4,2022-06-29 04:00:00,20220629,2000.0,1,2022-06-30 18:12:21,20220630.0
BON00000538,U0003893,5,2022-05-10 22:00:00,20220510,5000.0,0,,
BON00000539,U0003145,1,2024-05-17 17:00:00,20240517,200.0,0,,
BON00000540,U0003071,2,2021-04-10 19:00:00,20210410,2000.0,0,,
BON00000541,U0003070,1,2020-10-23 02:00:00,20201023,100.0,1,2020-10-29 11:05:28,20201029.0
BON00000542,U0001629,3,2021-10-29 02:00:00,20211029,2000.0,1,2021-11-08 04:01:16,20211108.0
BON00000543,U0001920,3,2021-09-20 19:00:00,20210920,1000.0,0,,
BON00000544,U0001438,4,2024-08-14 01:00:00,20240814,1000.0,1,2024-08-25 03:32:40,20240825.0
BON00000545,U0001376,4,2019-12-01 00:00:00,20191201,1000.0,1,2019-12-12 06:20:35,20191212.0
BON00000546,U0000100,3,2025-02-15 02:00:00,20250215,200.0,1,2025-02-28 01:38:14,20250228.0
BON00000547,U0000305,1,2020-12-10 09:00:00,20201210,50.0,1,2020-12-11 14:52:38,20201211.0
BON00000548,U0000242,2,2020-06-28 13:00:00,20200628,5000.0,1,2020-07-01 05:42:14,20200701.0
BON00000549,U0000032,2,2023-04-03 21:00:00,20230403,5000.0,0,,
BON00000550,U0000747,1,2019-04-05 06:00:00,20190405,200.0,1,2019-04-07 18:00:48,20190407.0
BON00000551,U0000920,4,2019-07-18 05:00:00,20190718,500.0,1,2019-07-18 19:40:02,20190718.0
BON00000552,U0002699,4,2024-07-28 20:00:00,20240728,3000.0,1,2024-07-30 06:38:31,20240730.0
BON00000553,U0002235,2,2023-07-05 14:00:00,20230705,5000.0,0,,
BON00000554,U0000709,1,2024-07-10 17:00:00,20240710,100.0,1,2024-07-11 15:47:53,20240711.0
BON00000555,U0001824,2,2022-06-29 16:00:00,20220629,5000.0,0,,
BON00000556,U0003140,1,2024-02-10 20:00:00,20240210,20.0,1,2024-02-11 02:27:51,20240211.0
BON00000557,U0002425,2,2024-01-29 18:00:00,20240129,2000.0,0,,
BON00000558,U0002602,1,2025-12-07 00:00:00,20251207,50.0,1,2025-12-22 11:02:18,20251222.0
BON00000559,U0002774,1,2019-11-08 15:00:00,20191108,100.0,1,2019-11-12 12:07:09,20191112.0
BON00000560,U0001894,2,2022-09-03 07:00:00,20220903,500.0,1,2022-09-08 11:42:50,20220908.0
BON00000561,U0002287,4,2025-07-07 12:00:00,20250707,1000.0,1,2025-07-23 20:35:05,20250723.0
BON00000562,U0000215,3,2024-11-27 03:00:00,20241127,1000.0,1,2024-12-07 10:53:44,20241207.0
BON00000563,U0001417,4,2020-05-07 14:00:00,20200507,1000.0,0,,
BON00000564,U0001382,2,2021-02-01 21:00:00,20210201,10000.0,1,2021-02-05 14:12:21,20210205.0
BON00000565,U0001139,2,2024-01-30 09:00:00,20240130,2000.0,1,2024-02-01 12:20:39,20240201.0
BON00000566,U0003305,2,2025-07-10 08:00:00,20250710,5000.0,1,2025-07-12 02:26:05,20250712.0
BON00000567,U0000190,2,2019-06-30 06:00:00,20190630,1000.0,1,2019-07-02 06:15:06,20190702.0
BON00000568,U0000319,1,2025-03-09 11:00:00,20250309,20.0,1,2025-03-26 18:22:27,20250326.0
BON00000569,U0000920,3,2020-04-02 08:00:00,20200402,1000.0,1,2020-04-04 21:44:28,20200404.0
BON00000570,U0000822,2,2022-09-12 23:00:00,20220912,5000.0,1,2022-09-13 17:41:25,20220913.0
BON00000571,U0003193,1,2023-05-02 03:00:00,20230502,50.0,1,2023-05-09 12:37:43,20230509.0
BON00000572,U0003453,1,2025-08-19 01:00:00,20250819,200.0,1,2025-08-20 09:34:24,20250820.0
BON00000573,U0003910,4,2023-05-21 18:00:00,20230521,1000.0,0,,
BON00000574,U0001456,2,2020-12-10 18:00:00,20201210,500.0,1,2020-12-13 03:35:23,20201213.0
BON00000575,U0003358,3,2021-02-11 05:00:00,20210211,200.0,1,2021-02-11 12:20:24,20210211.0
BON00000576,U0002771,1,2020-04-01 12:00:00,20200401,100.0,1,2020-04-06 03:24:59,20200406.0
BON00000577,U0001781,1,2023-10-11 13:00:00,20231011,20.0,1,2023-10-22 15:17:22,20231022.0
BON00000578,U0003370,4,2025-02-15 10:00:00,20250215,1000.0,0,,
BON00000579,U0001758,1,2025-08-12 07:00:00,20250812,50.0,1,2025-08-22 06:37:22,20250822.0
BON00000580,U0001729,3,2024-09-25 21:00:00,20240925,1000.0,0,,
BON00000581,U0002662,2,2019-11-15 15:00:00,20191115,5000.0,1,2019-11-28 07:06:37,20191128.0
BON00000582,U0000663,1,2025-01-23 05:00:00,20250123,100.0,1,2025-01-23 20:18:44,20250123.0
BON00000583,U0002926,1,2023-12-05 10:00:00,20231205,200.0,0,,
BON00000584,U0003026,4,2021-06-23 08:00:00,20210623,2000.0,0,,
BON00000585,U0001263,1,2024-06-21 13:00:00,20240621,100.0,1,2024-06-27 20:06:29,20240627.0
BON00000586,U0003140,1,2019-01-17 23:00:00,20190117,100.0,0,,
BON00000587,U0001249,3,2025-08-02 04:00:00,20250802,200.0,1,2025-08-02 15:30:24,20250802.0
BON00000588,U0000027,4,2024-02-06 05:00:00,20240206,3000.0,0,,
BON00000589,U0001979,1,2024-08-24 14:00:00,20240824,50.0,1,2024-08-31 20:04:06,20240831.0
BON00000590,U0001581,1,2024-01-19 11:00:00,20240119,100.0,1,2024-01-29 21:50:43,20240129.0
BON00000591,U0001812,4,2023-10-02 12:00:00,20231002,500.0,1,2023-10-10 18:27:50,20231010.0
BON00000592,U0001365,2,2023-02-10 01:00:00,20230210,500.0,1,2023-02-12 02:18:55,20230212.0
BON00000593,U0003333,3,2020-01-26 12:00:00,20200126,2000.0,1,2020-01-28 21:26:43,20200128.0
BON00000594,U0002711,2,2022-11-15 06:00:00,20221115,2000.0,1,2022-12-15 06:00:00,20221215.0
BON00000595,U0000993,1,2024-11-03 12:00:00,20241103,50.0,1,2024-11-05 02:25:52,20241105.0
BON00000596,U0002364,1,2019-04-10 16:00:00,20190410,20.0,1,2019-05-04 14:38:39,20190504.0
BON00000597,U0001462,4,2024-05-05 21:00:00,20240505,1000.0,1,2024-05-06 03:17:30,20240506.0
BON00000598,U0003499,1,2024-11-15 04:00:00,20241115,100.0,1,2024-11-22 20:07:34,20241122.0
BON00000599,U0003453,1,2019-05-24 09:00:00,20190524,100.0,1,2019-05-26 00:40:35,20190526.0
BON00000600,U0000184,1,2023-10-02 15:00:00,20231002,50.0,1,2023-10-17 15:53:03,20231017.0
BON00000601,U0001425,3,2025-07-16 08:00:00,20250716,2000.0,0,,
BON00000602,U0001437,5,2019-10-19 23:00:00,20191019,5000.0,1,2019-10-27 17:17:24,20191027.0
BON00000603,U0001065,1,2021-01-15 22:00:00,20210115,200.0,1,2021-01-22 11:18:57,20210122.0
BON00000604,U0001560,4,2021-11-07 15:00:00,20211107,3000.0,1,2021-11-20 13:22:51,20211120.0
BON00000605,U0001019,2,2023-06-23 11:00:00,20230623,2000.0,1,2023-07-07 14:05:41,20230707.0
BON00000606,U0003327,3,2023-08-17 01:00:00,20230817,2000.0,1,2023-08-21 06:19:31,20230821.0
BON00000607,U0002367,1,2025-11-21 22:00:00,20251121,100.0,1,2025-12-02 22:15:13,20251202.0
BON00000608,U0001444,1,2019-09-22 07:00:00,20190922,100.0,1,2019-09-26 01:16:34,20190926.0
BON00000609,U0001587,4,2019-12-09 14:00:00,20191209,3000.0,1,2019-12-16 21:54:42,20191216.0
BON00000610,U0000760,2,2021-08-22 20:00:00,20210822,500.0,0,,
BON00000611,U0002567,5,2024-12-18 20:00:00,20241218,5000.0,1,2024-12-26 19:56:35,20241226.0
BON00000612,U0003708,2,2019-10-19 11:00:00,20191019,1000.0,1,2019-11-08 13:48:06,20191108.0
BON00000613,U0003453,1,2022-01-21 05:00:00,20220121,200.0,1,2022-01-29 06:20:20,20220129.0
BON00000614,U0000653,1,2025-08-19 10:00:00,20250819,100.0,0,,
BON00000615,U0002547,5,2025-04-25 01:00:00,20250425,10000.0,0,,
BON00000616,U0000975,1,2022-10-12 23:00:00,20221012,20.0,1,2022-10-21 03:28:53,20221021.0
BON00000617,U0001599,1,2024-08-18 08:00:00,20240818,200.0,1,2024-09-10 08:57:02,20240910.0
BON00000618,U0001224,2,2024-10-17 10:00:00,20241017,5000.0,1,2024-11-04 21:32:45,20241104.0
BON00000619,U0002795,4,2019-01-09 03:00:00,20190109,3000.0,1,2019-01-15 05:40:34,20190115.0
BON00000620,U0000997,3,2024-09-21 20:00:00,20240921,1000.0,1,2024-09-24 01:34:57,20240924.0
BON00000621,U0002422,3,2025-04-09 03:00:00,20250409,200.0,0,,
BON00000622,U0001334,1,2019-01-07 19:00:00,20190107,50.0,1,2019-01-09 23:01:56,20190109.0
BON00000623,U0003934,3,2019-06-17 08:00:00,20190617,500.0,0,,
BON00000624,U0000007,2,2025-11-04 10:00:00,20251104,5000.0,1,2025-11-15 16:23:09,20251115.0
BON00000625,U0003243,1,2021-03-29 15:00:00,20210329,20.0,1,2021-04-25 19:45:51,20210425.0
BON00000626,U0001647,2,2025-04-23 23:00:00,20250423,5000.0,1,2025-04-30 06:24:23,20250430.0
BON00000627,U0003541,2,2023-10-12 11:00:00,20231012,1000.0,0,,
BON00000628,U0002819,2,2019-05-14 23:00:00,20190514,10000.0,1,2019-06-07 02:07:24,20190607.0
BON00000629,U0000064,2,2019-06-16 19:00:00,20190616,1000.0,1,2019-07-16 19:00:00,20190716.0
BON00000630,U0002151,1,2024-10-06 06:00:00,20241006,100.0,1,2024-10-07 15:03:06,20241007.0
BON00000631,U0001399,2,2025-08-25 21:00:00,20250825,1000.0,1,2025-08-29 01:50:57,20250829.0
BON00000632,U0000282,2,2024-09-17 09:00:00,20240917,500.0,0,,
BON00000633,U0001824,2,2024-01-05 10:00:00,20240105,500.0,0,,
BON00000634,U0003697,2,2024-04-04 12:00:00,20240404,1000.0,1,2024-04-17 05:38:13,20240417.0
BON00000635,U0003261,1,2019-09-07 08:00:00,20190907,50.0,1,2019-09-18 08:31:55,20190918.0
BON00000636,U0002088,2,2023-11-12 08:00:00,20231112,10000.0,1,2023-11-19 12:13:42,20231119.0
BON00000637,U0002056,4,2022-01-14 02:00:00,20220114,3000.0,0,,
BON00000638,U0001444,2,2024-05-29 00:00:00,20240529,2000.0,0,,
BON00000639,U0001449,2,2020-01-26 22:00:00,20200126,2000.0,1,2020-02-01 00:27:13,20200201.0
BON00000640,U0000792,1,2023-04-29 19:00:00,20230429,200.0,0,,
BON00000641,U0000709,4,2022-01-30 16:00:00,20220130,500.0,0,,
BON00000642,U0000771,1,2022-10-04 21:00:00,20221004,20.0,1,2022-10-22 17:40:58,20221022.0
BON00000643,U0000772,2,2023-05-08 20:00:00,20230508,10000.0,1,2023-05-09 17:38:47,20230509.0
BON00000644,U0003470,1,2021-12-30 02:00:00,20211230,100.0,1,2021-12-31 14:12:09,20211231.0
BON00000645,U0002458,5,2025-06-06 09:00:00,20250606,20000.0,1,2025-06-07 14:40:27,20250607.0
BON00000646,U0001103,1,2024-03-30 19:00:00,20240330,200.0,1,2024-04-12 03:32:12,20240412.0
BON00000647,U0002848,2,2023-03-01 10:00:00,20230301,2000.0,0,,
BON00000648,U0003956,2,2023-04-17 11:00:00,20230417,10000.0,0,,
BON00000649,U0002644,2,2023-10-05 07:00:00,20231005,5000.0,1,2023-10-10 19:41:54,20231010.0
BON00000650,U0003532,2,2024-03-16 06:00:00,20240316,1000.0,0,,
BON00000651,U0001599,2,2021-09-28 02:00:00,20210928,500.0,1,2021-09-29 20:09:01,20210929.0
BON00000652,U0003347,2,2019-12-22 22:00:00,20191222,10000.0,1,2019-12-31 00:10:27,20191231.0
BON00000653,U0000479,3,2021-09-17 08:00:00,20210917,500.0,0,,
BON00000654,U0000621,1,2019-08-06 10:00:00,20190806,100.0,0,,
BON00000655,U0002925,1,2020-05-30 18:00:00,20200530,100.0,0,,
BON00000656,U0001252,3,2020-08-29 00:00:00,20200829,1000.0,1,2020-08-29 06:40:40,20200829.0
BON00000657,U0003947,1,2021-07-11 08:00:00,20210711,50.0,1,2021-07-29 08:07:29,20210729.0
BON00000658,U0002317,2,2020-06-17 15:00:00,20200617,2000.0,1,2020-06-26 04:34:37,20200626.0
BON00000659,U0001179,2,2019-07-22 12:00:00,20190722,1000.0,1,2019-07-30 13:43:51,20190730.0
BON00000660,U0001766,4,2023-08-03 04:00:00,20230803,500.0,1,2023-08-10 14:46:36,20230810.0
BON00000661,U0003736,2,2019-11-11 04:00:00,20191111,5000.0,1,2019-11-20 07:06:28,20191120.0
BON00000662,U0003391,3,2025-05-26 23:00:00,20250526,2000.0,1,2025-06-02 01:54:22,20250602.0
BON00000663,U0002716,3,2024-01-01 08:00:00,20240101,200.0,1,2024-01-12 08:17:35,20240112.0
BON00000664,U0000904,3,2025-08-19 04:00:00,20250819,2000.0,1,2025-08-22 03:48:20,20250822.0
BON00000665,U0002737,1,2025-11-10 06:00:00,20251110,200.0,1,2025-11-10 19:18:43,20251110.0
BON00000666,U0000332,2,2024-07-05 20:00:00,20240705,2000.0,1,2024-07-06 22:31:24,20240706.0
BON00000667,U0002622,3,2024-10-11 17:00:00,20241011,1000.0,1,2024-10-14 14:31:23,20241014.0
BON00000668,U0002054,1,2021-12-23 05:00:00,20211223,100.0,1,2021-12-25 09:39:04,20211225.0
BON00000669,U0002777,1,2024-11-02 14:00:00,20241102,20.0,0,,
BON00000670,U0002901,3,2019-01-21 17:00:00,20190121,200.0,0,,
BON00000671,U0001556,2,2023-05-06 08:00:00,20230506,10000.0,0,,
BON00000672,U0002427,4,2021-08-19 22:00:00,20210819,1000.0,0,,
BON00000673,U0000142,3,2023-06-26 17:00:00,20230626,200.0,0,,
BON00000674,U0001523,1,2023-11-27 13:00:00,20231127,20.0,1,2023-11-30 14:03:40,20231130.0
BON00000675,U0002781,4,2021-03-16 16:00:00,20210316,3000.0,1,2021-04-12 23:35:11,20210412.0
BON00000676,U0001786,2,2019-04-27 13:00:00,20190427,5000.0,1,2019-04-27 13:03:14,20190427.0
BON00000677,U0000624,5,2024-01-15 13:00:00,20240115,20000.0,1,2024-01-23 20:32:17,20240123.0
BON00000678,U0001031,3,2022-12-17 22:00:00,20221217,1000.0,0,,
BON00000679,U0001832,3,2019-11-17 02:00:00,20191117,1000.0,1,2019-11-20 09:38:36,20191120.0
BON00000680,U0002037,2,2025-12-25 04:00:00,20251225,1000.0,1,2025-12-27 03:55:01,20251227.0
BON00000681,U0001093,3,2022-06-19 13:00:00,20220619,200.0,0,,
BON00000682,U0000151,4,2025-10-30 15:00:00,20251030,500.0,1,2025-11-03 03:44:32,20251103.0
BON00000683,U0000521,5,2023-11-30 17:00:00,20231130,10000.0,1,2023-12-17 17:57:52,20231217.0
BON00000684,U0003071,1,2021-11-02 13:00:00,20211102,20.0,1,2021-12-02 13:00:00,20211202.0
BON00000685,U0002959,3,2023-06-14 01:00:00,20230614,2000.0,1,2023-06-23 06:27:31,20230623.0
BON00000686,U0001444,3,2024-09-15 01:00:00,20240915,500.0,1,2024-09-16 00:07:24,20240916.0
BON00000687,U0003079,2,2024-06-01 09:00:00,20240601,500.0,0,,
BON00000688,U0001712,1,2019-09-10 07:00:00,20190910,100.0,1,2019-09-23 19:00:12,20190923.0
BON00000689,U0000797,3,2021-09-10 03:00:00,20210910,2000.0,0,,
BON00000690,U0001956,3,2019-07-24 16:00:00,20190724,200.0,1,2019-07-30 08:12:06,20190730.0
BON00000691,U0002206,1,2025-01-26 21:00:00,20250126,20.0,1,2025-01-29 15:29:10,20250129.0
BON00000692,U0002303,2,2020-02-13 20:00:00,20200213,2000.0,1,2020-02-29 23:23:19,20200229.0
BON00000693,U0001067,1,2022-10-18 03:00:00,20221018,50.0,1,2022-10-23 08:32:32,20221023.0
BON00000694,U0000851,1,2022-03-02 11:00:00,20220302,50.0,0,,
BON00000695,U0003198,2,2023-02-14 13:00:00,20230214,10000.0,0,,
BON00000696,U0001758,5,2021-01-13 06:00:00,20210113,5000.0,1,2021-01-14 05:54:48,20210114.0
BON00000697,U0000661,5,2025-06-28 15:00:00,20250628,2000.0,0,,
BON00000698,U0002689,3,2023-09-01 14:00:00,20230901,1000.0,1,2023-10-01 14:00:00,20231001.0
BON00000699,U0002482,1,2020-12-01 22:00:00,20201201,50.0,1,2020-12-08 14:07:28,20201208.0
BON00000700,U0001947,1,2020-03-12 18:00:00,20200312,50.0,1,2020-03-18 12:26:09,20200318.0
BON00000701,U0001004,4,2022-04-08 21:00:00,20220408,500.0,1,2022-04-24 07:30:50,20220424.0
BON00000702,U0000456,1,2021-10-25 08:00:00,20211025,200.0,0,,
BON00000703,U0003577,2,2021-05-14 02:00:00,20210514,500.0,1,2021-05-14 16:49:37,20210514.0
BON00000704,U0003693,3,2022-02-05 01:00:00,20220205,2000.0,0,,
BON00000705,U0000077,2,2019-10-29 12:00:00,20191029,1000.0,1,2019-11-02 10:30:46,20191102.0
BON00000706,U0001249,1,2019-01-12 03:00:00,20190112,100.0,1,2019-01-21 02:45:42,20190121.0
BON00000707,U0000977,2,2019-10-17 08:00:00,20191017,10000.0,1,2019-10-18 01:07:45,20191018.0
BON00000708,U0002601,1,2021-07-23 04:00:00,20210723,50.0,1,2021-07-24 17:41:45,20210724.0
BON00000709,U0002232,2,2024-01-11 06:00:00,20240111,2000.0,0,,
BON00000710,U0001323,2,2020-08-08 09:00:00,20200808,5000.0,1,2020-08-18 14:27:43,20200818.0
BON00000711,U0001719,3,2025-11-30 01:00:00,20251130,1000.0,1,2025-12-02 13:16:41,20251202.0
BON00000712,U0002771,1,2020-07-06 16:00:00,20200706,200.0,1,2020-07-11 01:41:33,20200711.0
BON00000713,U0000108,2,2022-11-28 22:00:00,20221128,500.0,1,2022-12-11 07:17:30,20221211.0
BON00000714,U0002795,4,2020-03-09 12:00:00,20200309,1000.0,1,2020-03-12 10:46:59,20200312.0
BON00000715,U0002600,1,2019-02-01 19:00:00,20190201,200.0,1,2019-02-02 15:14:18,20190202.0
BON00000716,U0002068,2,2021-02-09 00:00:00,20210209,500.0,1,2021-02-09 06:46:42,20210209.0
BON00000717,U0000945,2,2023-04-05 10:00:00,20230405,5000.0,1,2023-04-13 11:58:07,20230413.0
BON00000718,U0002362,3,2019-09-06 10:00:00,20190906,2000.0,1,2019-09-11 09:18:12,20190911.0
BON00000719,U0003370,1,2019-11-19 21:00:00,20191119,200.0,1,2019-11-22 19:38:32,20191122.0
BON00000720,U0001747,5,2023-10-30 05:00:00,20231030,20000.0,1,2023-10-31 23:36:51,20231031.0
BON00000721,U0003069,4,2022-09-04 14:00:00,20220904,2000.0,0,,
BON00000722,U0001306,1,2019-12-09 14:00:00,20191209,100.0,1,2019-12-14 07:59:34,20191214.0
BON00000723,U0003312,4,2022-10-10 17:00:00,20221010,500.0,1,2022-10-17 15:44:02,20221017.0
BON00000724,U0001877,2,2021-08-30 04:00:00,20210830,5000.0,0,,
BON00000725,U0003841,1,2024-07-16 20:00:00,20240716,20.0,1,2024-07-22 02:07:55,20240722.0
BON00000726,U0003448,1,2025-09-05 19:00:00,20250905,100.0,1,2025-09-16 04:41:10,20250916.0
BON00000727,U0001493,1,2020-03-19 06:00:00,20200319,200.0,0,,
BON00000728,U0000260,3,2023-05-08 13:00:00,20230508,1000.0,1,2023-05-08 23:11:12,20230508.0
BON00000729,U0000176,1,2024-09-19 06:00:00,20240919,50.0,1,2024-10-12 16:37:41,20241012.0
BON00000730,U0000594,2,2020-10-29 00:00:00,20201029,5000.0,1,2020-10-30 20:14:21,20201030.0
BON00000731,U0001924,2,2022-04-12 08:00:00,20220412,2000.0,1,2022-04-15 23:29:37,20220415.0
BON00000732,U0001523,1,2022-10-10 22:00:00,20221010,50.0,0,,
BON00000733,U0003004,1,2020-03-13 09:00:00,20200313,20.0,0,,
BON00000734,U0000663,2,2019-10-04 18:00:00,20191004,2000.0,1,2019-10-07 20:02:20,20191007.0
BON00000735,U0000835,1,2023-12-13 13:00:00,20231213,200.0,1,2023-12-14 08:55:31,20231214.0
BON00000736,U0003159,1,2019-04-24 02:00:00,20190424,200.0,1,2019-05-04 16:56:16,20190504.0
BON00000737,U0002366,1,2025-08-02 11:00:00,20250802,100.0,1,2025-08-08 00:35:13,20250808.0
BON00000738,U0001896,3,2020-03-26 23:00:00,20200326,200.0,1,2020-03-31 14:53:22,20200331.0
BON00000739,U0001858,2,2020-07-30 01:00:00,20200730,2000.0,1,2020-07-31 08:47:34,20200731.0
BON00000740,U0003862,4,2025-01-31 16:00:00,20250131,3000.0,0,,
BON00000741,U0000971,1,2025-06-11 01:00:00,20250611,50.0,0,,
BON00000742,U0002125,2,2019-01-03 19:00:00,20190103,10000.0,0,,
BON00000743,U0003693,2,2020-01-21 07:00:00,20200121,5000.0,1,2020-01-28 23:43:19,20200128.0
BON00000744,U0000531,1,2024-12-24 17:00:00,20241224,200.0,1,2024-12-26 23:43:25,20241226.0
BON00000745,U0000496,1,2021-06-18 19:00:00,20210618,50.0,0,,
BON00000746,U0003430,4,2024-05-22 13:00:00,20240522,1000.0,1,2024-06-21 13:00:00,20240621.0
BON00000747,U0002275,1,2019-11-19 16:00:00,20191119,20.0,1,2019-12-03 12:29:11,20191203.0
BON00000748,U0001739,2,2020-08-25 12:00:00,20200825,2000.0,1,2020-08-29 03:23:46,20200829.0
BON00000749,U0002051,1,2021-10-30 03:00:00,20211030,200.0,1,2021-11-10 20:21:33,20211110.0
BON00000750,U0002750,3,2019-07-02 07:00:00,20190702,2000.0,1,2019-07-11 09:15:16,20190711.0
BON00000751,U0003137,1,2019-04-29 11:00:00,20190429,50.0,1,2019-04-30 04:35:58,20190430.0
BON00000752,U0000269,1,2025-03-22 00:00:00,20250322,20.0,1,2025-03-31 12:01:14,20250331.0
BON00000753,U0001644,5,2024-11-29 13:00:00,20241129,20000.0,0,,
BON00000754,U0002205,2,2024-10-29 04:00:00,20241029,10000.0,0,,
BON00000755,U0000971,1,2021-09-16 21:00:00,20210916,200.0,1,2021-09-18 05:04:07,20210918.0
BON00000756,U0000291,2,2023-07-04 21:00:00,20230704,10000.0,0,,
BON00000757,U0002955,1,2022-09-15 10:00:00,20220915,200.0,1,2022-09-16 00:25:38,20220916.0
BON00000758,U0001022,1,2020-09-14 04:00:00,20200914,20.0,1,2020-09-16 19:55:23,20200916.0
BON00000759,U0000324,1,2025-07-10 05:00:00,20250710,50.0,1,2025-07-16 15:55:08,20250716.0
BON00000760,U0000251,1,2022-07-25 13:00:00,20220725,200.0,1,2022-08-04 19:41:02,20220804.0
BON00000761,U0003608,4,2025-10-15 04:00:00,20251015,500.0,0,,
BON00000762,U0000439,1,2024-09-22 07:00:00,20240922,100.0,1,2024-10-03 03:24:50,20241003.0
BON00000763,U0002606,1,2024-08-25 22:00:00,20240825,100.0,1,2024-08-28 00:35:27,20240828.0
BON00000764,U0000506,1,2022-09-17 11:00:00,20220917,100.0,1,2022-09-18 07:44:22,20220918.0
BON00000765,U0003988,3,2024-11-15 19:00:00,20241115,200.0,1,2024-11-22 12:07:20,20241122.0
BON00000766,U0000636,3,2021-04-28 10:00:00,20210428,1000.0,1,2021-04-30 18:55:03,20210430.0
BON00000767,U0001156,2,2019-01-04 13:00:00,20190104,5000.0,1,2019-01-07 16:29:32,20190107.0
BON00000768,U0002576,2,2025-04-17 03:00:00,20250417,500.0,0,,
BON00000769,U0002783,1,2025-07-14 19:00:00,20250714,200.0,0,,
BON00000770,U0002568,4,2020-01-10 03:00:00,20200110,3000.0,1,2020-01-22 23:01:48,20200122.0
BON00000771,U0001947,1,2023-01-04 18:00:00,20230104,20.0,1,2023-01-13 02:35:47,20230113.0
BON00000772,U0000477,5,2023-01-05 22:00:00,20230105,5000.0,1,2023-01-15 05:57:28,20230115.0
BON00000773,U0002902,2,2022-06-26 15:00:00,20220626,2000.0,1,2022-06-29 09:35:53,20220629.0
BON00000774,U0000786,5,2024-07-19 02:00:00,20240719,5000.0,1,2024-07-26 04:29:31,20240726.0
BON00000775,U0002998,1,2024-08-26 07:00:00,20240826,20.0,1,2024-09-01 07:12:59,20240901.0
BON00000776,U0003235,1,2024-07-11 15:00:00,20240711,200.0,0,,
BON00000777,U0003659,5,2024-04-27 04:00:00,20240427,5000.0,0,,
BON00000778,U0000745,2,2021-08-01 14:00:00,20210801,10000.0,1,2021-08-09 22:22:49,20210809.0
BON00000779,U0001564,2,2021-03-26 22:00:00,20210326,1000.0,1,2021-04-03 15:16:32,20210403.0
BON00000780,U0001563,2,2025-09-21 10:00:00,20250921,10000.0,0,,
BON00000781,U0001754,3,2019-08-22 04:00:00,20190822,2000.0,1,2019-08-22 08:11:13,20190822.0
BON00000782,U0000279,2,2023-08-17 21:00:00,20230817,500.0,1,2023-08-18 21:33:36,20230818.0
BON00000783,U0001433,1,2020-03-24 21:00:00,20200324,200.0,0,,
BON00000784,U0000484,1,2019-04-15 13:00:00,20190415,20.0,1,2019-04-23 02:42:48,20190423.0
BON00000785,U0002326,1,2020-10-22 21:00:00,20201022,20.0,0,,
BON00000786,U0000169,1,2019-11-25 13:00:00,20191125,200.0,0,,
BON00000787,U0003972,1,2024-08-24 02:00:00,20240824,20.0,1,2024-09-06 23:50:03,20240906.0
BON00000788,U0002536,4,2023-01-02 02:00:00,20230102,2000.0,1,2023-01-10 05:29:16,20230110.0
BON00000789,U0003680,1,2021-12-31 21:00:00,20211231,200.0,0,,
BON00000790,U0001790,2,2023-02-26 12:00:00,20230226,500.0,1,2023-03-06 22:06:22,20230306.0
BON00000791,U0000771,3,2021-11-17 18:00:00,20211117,200.0,0,,
BON00000792,U0002934,5,2025-01-17 23:00:00,20250117,20000.0,0,,
BON00000793,U0000561,3,2019-05-24 20:00:00,20190524,200.0,1,2019-06-05 17:17:34,20190605.0
BON00000794,U0000951,1,2019-07-01 22:00:00,20190701,100.0,0,,
BON00000795,U0002463,2,2020-01-01 05:00:00,20200101,2000.0,0,,
BON00000796,U0002086,2,2020-02-23 06:00:00,20200223,1000.0,1,2020-02-27 05:23:00,20200227.0
BON00000797,U0002158,1,2019-09-17 20:00:00,20190917,200.0,0,,
BON00000798,U0003484,2,2021-03-17 18:00:00,20210317,2000.0,0,,
BON00000799,U0001707,2,2019-06-30 08:00:00,20190630,500.0,0,,
BON00000800,U0002628,2,2021-10-19 09:00:00,20211019,5000.0,0,,
BON00000801,U0003137,1,2023-06-16 14:00:00,20230616,50.0,0,,
BON00000802,U0003203,2,2023-03-06 08:00:00,20230306,2000.0,1,2023-03-12 09:20:12,20230312.0
BON00000803,U0002374,4,2020-11-26 20:00:00,20201126,3000.0,0,,
BON00000804,U0002155,1,2023-08-12 19:00:00,20230812,100.0,1,2023-08-17 17:43:55,20230817.0
BON00000805,U0001765,1,2020-05-26 04:00:00,20200526,20.0,1,2020-06-02 17:38:50,20200602.0
BON00000806,U0003769,2,2019-07-21 16:00:00,20190721,10000.0,0,,
BON00000807,U0002513,1,2019-04-22 04:00:00,20190422,50.0,1,2019-05-07 12:06:05,20190507.0
BON00000808,U0002320,1,2020-03-29 08:00:00,20200329,20.0,1,2020-03-29 18:20:00,20200329.0
BON00000809,U0000032,1,2025-12-06 18:00:00,20251206,50.0,0,,
BON00000810,U0002953,2,2025-02-19 00:00:00,20250219,2000.0,0,,
BON00000811,U0003499,3,2020-12-07 11:00:00,20201207,2000.0,1,2020-12-11 04:12:31,20201211.0
BON00000812,U0000481,2,2024-08-14 16:00:00,20240814,5000.0,1,2024-08-17 19:46:14,20240817.0
BON00000813,U0002812,3,2022-10-19 04:00:00,20221019,1000.0,0,,
BON00000814,U0000680,1,2022-09-19 15:00:00,20220919,100.0,1,2022-09-21 03:45:05,20220921.0
BON00000815,U0002188,2,2022-12-08 21:00:00,20221208,10000.0,1,2022-12-09 08:01:09,20221209.0
BON00000816,U0001315,2,2020-11-29 19:00:00,20201129,10000.0,0,,
BON00000817,U0000552,2,2022-01-25 00:00:00,20220125,5000.0,0,,
BON00000818,U0000417,1,2023-08-18 21:00:00,20230818,100.0,1,2023-08-23 17:55:38,20230823.0
BON00000819,U0001585,1,2024-12-02 14:00:00,20241202,50.0,1,2024-12-03 01:52:51,20241203.0
BON00000820,U0000150,3,2021-03-29 07:00:00,20210329,500.0,1,2021-04-01 09:06:47,20210401.0
BON00000821,U0003211,1,2022-01-19 13:00:00,20220119,50.0,0,,
BON00000822,U0003447,5,2020-07-02 21:00:00,20200702,2000.0,1,2020-07-05 11:34:33,20200705.0
BON00000823,U0000662,5,2021-04-06 05:00:00,20210406,2000.0,1,2021-04-08 01:15:37,20210408.0
BON00000824,U0003574,2,2019-05-24 07:00:00,20190524,500.0,1,2019-05-25 19:55:35,20190525.0
BON00000825,U0001475,2,2019-08-26 20:00:00,20190826,5000.0,1,2019-09-06 08:46:06,20190906.0
BON00000826,U0002744,2,2021-04-28 09:00:00,20210428,5000.0,0,,
BON00000827,U0001343,2,2020-01-22 18:00:00,20200122,500.0,1,2020-01-25 02:43:08,20200125.0
BON00000828,U0001152,1,2022-06-01 22:00:00,20220601,50.0,1,2022-06-04 13:14:13,20220604.0
BON00000829,U0003637,3,2022-02-22 15:00:00,20220222,2000.0,1,2022-02-22 16:27:17,20220222.0
BON00000830,U0001575,1,2019-08-12 19:00:00,20190812,50.0,1,2019-08-16 12:39:28,20190816.0
BON00000831,U0001985,3,2023-03-18 15:00:00,20230318,500.0,0,,
BON00000832,U0001897,2,2019-11-15 04:00:00,20191115,1000.0,1,2019-11-21 05:08:09,20191121.0
BON00000833,U0001520,3,2025-06-07 05:00:00,20250607,1000.0,1,2025-06-07 15:30:42,20250607.0
BON00000834,U0001393,5,2022-04-23 00:00:00,20220423,10000.0,1,2022-05-03 15:00:05,20220503.0
BON00000835,U0002457,1,2022-12-09 22:00:00,20221209,100.0,0,,
BON00000836,U0003417,2,2020-12-13 03:00:00,20201213,1000.0,1,2020-12-14 22:48:50,20201214.0
BON00000837,U0001567,3,2023-04-24 09:00:00,20230424,1000.0,1,2023-04-27 07:35:45,20230427.0
BON00000838,U0003409,3,2025-02-20 09:00:00,20250220,200.0,1,2025-02-22 08:06:51,20250222.0
BON00000839,U0003735,1,2019-04-23 04:00:00,20190423,100.0,0,,
BON00000840,U0002620,1,2025-04-01 19:00:00,20250401,20.0,1,2025-04-06 00:01:46,20250406.0
BON00000841,U0001898,3,2020-09-22 11:00:00,20200922,1000.0,0,,
BON00000842,U0002087,4,2022-09-17 15:00:00,20220917,1000.0,0,,
BON00000843,U0002135,3,2023-02-13 19:00:00,20230213,200.0,0,,
BON00000844,U0003493,1,2021-07-24 07:00:00,20210724,20.0,0,,
BON00000845,U0000676,2,2020-03-24 23:00:00,20200324,1000.0,0,,
BON00000846,U0003599,2,2025-03-08 17:00:00,20250308,500.0,1,2025-03-09 17:06:03,20250309.0
BON00000847,U0003284,2,2021-05-24 20:00:00,20210524,10000.0,1,2021-06-17 03:13:42,20210617.0
BON00000848,U0001644,1,2024-06-03 02:00:00,20240603,100.0,1,2024-06-19 16:43:50,20240619.0
BON00000849,U0000512,1,2020-11-29 02:00:00,20201129,20.0,1,2020-12-02 09:33:55,20201202.0
BON00000850,U0000668,2,2019-02-17 18:00:00,20190217,500.0,1,2019-02-18 11:41:42,20190218.0
BON00000851,U0000606,2,2025-02-16 10:00:00,20250216,1000.0,1,2025-03-05 03:21:16,20250305.0
BON00000852,U0001193,1,2022-05-09 12:00:00,20220509,200.0,0,,
BON00000853,U0001674,1,2019-08-27 15:00:00,20190827,100.0,1,2019-08-29 04:15:07,20190829.0
BON00000854,U0000602,1,2025-03-29 12:00:00,20250329,100.0,1,2025-04-08 18:06:32,20250408.0
BON00000855,U0002658,4,2025-04-12 21:00:00,20250412,2000.0,1,2025-04-20 00:27:04,20250420.0
BON00000856,U0002161,2,2025-03-23 05:00:00,20250323,1000.0,1,2025-03-23 08:44:53,20250323.0
BON00000857,U0003021,1,2023-02-28 15:00:00,20230228,20.0,1,2023-03-05 18:55:26,20230305.0
BON00000858,U0003608,2,2023-04-09 21:00:00,20230409,500.0,1,2023-04-13 10:07:41,20230413.0
BON00000859,U0003880,4,2020-10-27 09:00:00,20201027,2000.0,0,,
BON00000860,U0002165,4,2022-12-31 00:00:00,20221231,3000.0,0,,
BON00000861,U0002585,1,2020-03-29 00:00:00,20200329,20.0,1,2020-03-31 02:22:08,20200331.0
BON00000862,U0001089,2,2021-09-14 13:00:00,20210914,1000.0,1,2021-09-25 10:14:44,20210925.0
BON00000863,U0003147,1,2022-04-05 10:00:00,20220405,200.0,1,2022-04-15 14:40:49,20220415.0
BON00000864,U0002091,1,2024-02-15 01:00:00,20240215,100.0,0,,
BON00000865,U0001105,5,2023-03-24 01:00:00,20230324,20000.0,1,2023-03-25 11:31:44,20230325.0
BON00000866,U0003574,1,2021-02-03 03:00:00,20210203,100.0,1,2021-02-03 06:16:21,20210203.0
BON00000867,U0000479,1,2021-06-03 12:00:00,20210603,20.0,1,2021-06-13 23:33:14,20210613.0
BON00000868,U0002779,1,2019-03-12 13:00:00,20190312,20.0,0,,
BON00000869,U0000107,2,2023-03-03 18:00:00,20230303,500.0,1,2023-03-06 19:00:55,20230306.0
BON00000870,U0000420,1,2025-07-07 21:00:00,20250707,100.0,0,,
BON00000871,U0003941,3,2020-04-04 20:00:00,20200404,200.0,1,2020-04-07 12:46:35,20200407.0
BON00000872,U0003905,4,2024-08-24 20:00:00,20240824,1000.0,1,2024-08-30 09:22:23,20240830.0
BON00000873,U0002844,2,2025-09-18 16:00:00,20250918,10000.0,0,,
BON00000874,U0002976,1,2022-01-22 19:00:00,20220122,100.0,1,2022-02-08 15:34:01,20220208.0
BON00000875,U0002964,3,2024-12-09 14:00:00,20241209,200.0,1,2024-12-09 17:09:11,20241209.0
BON00000876,U0002799,1,2024-12-01 12:00:00,20241201,100.0,1,2024-12-07 21:41:41,20241207.0
BON00000877,U0002338,2,2024-12-17 22:00:00,20241217,2000.0,0,,
BON00000878,U0003983,1,2020-12-05 11:00:00,20201205,200.0,0,,
BON00000879,U0001312,3,2021-12-04 04:00:00,20211204,200.0,0,,
BON00000880,U0002108,1,2020-03-22 08:00:00,20200322,200.0,1,2020-03-23 06:58:07,20200323.0
BON00000881,U0001021,3,2022-03-29 15:00:00,20220329,200.0,0,,
BON00000882,U0001955,3,2019-07-02 03:00:00,20190702,200.0,1,2019-07-07 02:18:42,20190707.0
BON00000883,U0002585,3,2021-11-11 01:00:00,20211111,2000.0,1,2021-11-16 08:39:40,20211116.0
BON00000884,U0001571,1,2022-06-09 07:00:00,20220609,20.0,1,2022-06-12 10:35:38,20220612.0
BON00000885,U0002229,2,2023-08-11 23:00:00,20230811,10000.0,0,,
BON00000886,U0001890,1,2022-09-15 07:00:00,20220915,200.0,1,2022-09-18 12:06:11,20220918.0
BON00000887,U0001714,4,2019-05-17 02:00:00,20190517,2000.0,1,2019-05-27 04:11:01,20190527.0
BON00000888,U0002892,1,2023-10-20 19:00:00,20231020,100.0,1,2023-10-27 11:19:00,20231027.0
BON00000889,U0001272,2,2021-02-22 09:00:00,20210222,5000.0,1,2021-02-28 22:36:59,20210228.0
BON00000890,U0001294,3,2022-09-18 11:00:00,20220918,2000.0,0,,
BON00000891,U0003826,1,2019-03-05 14:00:00,20190305,100.0,1,2019-03-16 14:30:32,20190316.0
BON00000892,U0003465,2,2023-04-05 13:00:00,20230405,500.0,1,2023-04-09 19:29:20,20230409.0
BON00000893,U0002431,3,2023-01-18 01:00:00,20230118,200.0,1,2023-02-04 06:55:17,20230204.0
BON00000894,U0003678,1,2024-07-11 19:00:00,20240711,200.0,1,2024-07-25 20:51:15,20240725.0
BON00000895,U0001560,3,2021-09-29 00:00:00,20210929,1000.0,1,2021-10-15 10:07:54,20211015.0
BON00000896,U0000838,2,2019-07-12 13:00:00,20190712,2000.0,1,2019-07-13 12:17:51,20190713.0
BON00000897,U0002276,1,2019-09-30 14:00:00,20190930,20.0,1,2019-10-19 21:35:35,20191019.0
BON00000898,U0001274,4,2022-10-29 06:00:00,20221029,1000.0,0,,
BON00000899,U0001596,2,2019-03-22 16:00:00,20190322,2000.0,1,2019-03-26 04:11:37,20190326.0
BON00000900,U0001967,1,2021-10-07 05:00:00,20211007,50.0,1,2021-10-10 23:54:55,20211010.0
BON00000901,U0001592,3,2019-03-04 19:00:00,20190304,200.0,1,2019-03-14 20:34:07,20190314.0
BON00000902,U0000761,1,2025-01-22 13:00:00,20250122,100.0,0,,
BON00000903,U0001631,3,2020-11-03 18:00:00,20201103,2000.0,1,2020-11-12 05:44:28,20201112.0
BON00000904,U0001112,1,2021-12-27 07:00:00,20211227,100.0,1,2021-12-31 15:22:58,20211231.0
BON00000905,U0000652,4,2025-10-06 17:00:00,20251006,1000.0,0,,
BON00000906,U0001494,1,2022-12-28 09:00:00,20221228,100.0,0,,
BON00000907,U0003066,1,2025-12-19 19:00:00,20251219,20.0,1,2025-12-21 20:01:15,20251221.0
BON00000908,U0002469,1,2022-04-24 00:00:00,20220424,50.0,0,,
BON00000909,U0001109,5,2023-11-14 16:00:00,20231114,20000.0,1,2023-11-17 03:57:01,20231117.0
BON00000910,U0002076,1,2025-03-04 10:00:00,20250304,20.0,0,,
BON00000911,U0002103,5,2022-06-08 04:00:00,20220608,10000.0,0,,
BON00000912,U0003740,3,2019-12-14 16:00:00,20191214,1000.0,1,2019-12-19 19:52:43,20191219.0
BON00000913,U0003284,1,2022-06-14 23:00:00,20220614,200.0,0,,
BON00000914,U0002951,3,2023-08-07 09:00:00,20230807,500.0,1,2023-08-11 21:15:00,20230811.0
BON00000915,U0003626,2,2024-07-03 03:00:00,20240703,1000.0,1,2024-07-07 04:19:00,20240707.0
BON00000916,U0003750,1,2021-12-21 19:00:00,20211221,200.0,0,,
BON00000917,U0002877,1,2024-10-09 17:00:00,20241009,200.0,0,,
BON00000918,U0000781,1,2024-03-23 23:00:00,20240323,100.0,0,,
BON00000919,U0001676,3,2022-07-30 01:00:00,20220730,200.0,1,2022-08-09 22:16:54,20220809.0
BON00000920,U0000871,3,2022-05-07 16:00:00,20220507,2000.0,1,2022-05-09 05:49:32,20220509.0
BON00000921,U0001176,2,2019-11-29 00:00:00,20191129,500.0,1,2019-12-03 18:02:35,20191203.0
BON00000922,U0000833,1,2019-12-24 11:00:00,20191224,200.0,1,2019-12-26 09:22:13,20191226.0
BON00000923,U0000283,3,2023-07-29 00:00:00,20230729,2000.0,1,2023-07-31 13:05:41,20230731.0
BON00000924,U0000453,1,2023-07-10 07:00:00,20230710,200.0,1,2023-07-18 03:44:55,20230718.0
BON00000925,U0002354,1,2024-12-15 20:00:00,20241215,50.0,1,2024-12-15 22:54:12,20241215.0
BON00000926,U0002415,4,2025-02-24 12:00:00,20250224,3000.0,0,,
BON00000927,U0002365,2,2021-02-02 02:00:00,20210202,2000.0,0,,
BON00000928,U0000922,2,2025-07-21 07:00:00,20250721,500.0,1,2025-07-22 03:22:51,20250722.0
BON00000929,U0000022,2,2021-02-26 19:00:00,20210226,10000.0,1,2021-03-01 12:40:40,20210301.0
BON00000930,U0002720,1,2019-09-21 07:00:00,20190921,100.0,1,2019-10-01 13:16:07,20191001.0
BON00000931,U0003408,1,2024-08-14 23:00:00,20240814,20.0,1,2024-09-05 17:28:21,20240905.0
BON00000932,U0001377,1,2020-12-22 22:00:00,20201222,50.0,1,2021-01-07 20:13:19,20210107.0
BON00000933,U0000169,3,2025-03-20 07:00:00,20250320,200.0,1,2025-03-24 14:55:10,20250324.0
BON00000934,U0000143,2,2019-02-27 20:00:00,20190227,2000.0,1,2019-03-18 09:47:28,20190318.0
BON00000935,U0002291,3,2023-03-24 23:00:00,20230324,200.0,1,2023-04-13 07:25:37,20230413.0
BON00000936,U0001066,4,2025-07-02 05:00:00,20250702,2000.0,1,2025-07-03 09:51:33,20250703.0
BON00000937,U0000569,3,2024-03-23 15:00:00,20240323,200.0,0,,
BON00000938,U0000109,2,2025-02-28 01:00:00,20250228,2000.0,0,,
BON00000939,U0000041,4,2022-12-30 12:00:00,20221230,500.0,1,2022-12-31 02:45:00,20221231.0
BON00000940,U0002172,2,2021-08-05 20:00:00,20210805,500.0,1,2021-08-23 13:28:56,20210823.0
BON00000941,U0002780,2,2024-02-25 06:00:00,20240225,10000.0,0,,
BON00000942,U0000449,2,2024-03-10 15:00:00,20240310,1000.0,0,,
BON00000943,U0002774,2,2019-12-13 12:00:00,20191213,10000.0,1,2019-12-18 02:44:20,20191218.0
BON00000944,U0003103,2,2024-11-12 06:00:00,20241112,500.0,1,2024-11-14 12:47:01,20241114.0
BON00000945,U0001125,2,2020-08-29 09:00:00,20200829,500.0,0,,
BON00000946,U0001365,3,2020-10-04 09:00:00,20201004,1000.0,1,2020-10-06 04:00:44,20201006.0
BON00000947,U0000760,2,2023-07-10 02:00:00,20230710,2000.0,0,,
BON00000948,U0001114,3,2025-03-08 10:00:00,20250308,1000.0,1,2025-03-10 09:10:15,20250310.0
BON00000949,U0000092,2,2020-12-21 07:00:00,20201221,2000.0,1,2021-01-02 10:50:29,20210102.0
BON00000950,U0000866,1,2020-06-19 22:00:00,20200619,50.0,1,2020-06-28 04:53:47,20200628.0
BON00000951,U0000653,3,2022-01-05 07:00:00,20220105,1000.0,0,,
BON00000952,U0002114,1,2024-10-03 01:00:00,20241003,50.0,0,,
BON00000953,U0000515,2,2022-07-10 02:00:00,20220710,5000.0,0,,
BON00000954,U0002115,4,2019-11-26 15:00:00,20191126,1000.0,1,2019-11-28 03:36:56,20191128.0
BON00000955,U0003060,3,2019-11-16 04:00:00,20191116,1000.0,1,2019-11-18 20:05:44,20191118.0
BON00000956,U0003898,1,2025-10-26 02:00:00,20251026,50.0,0,,
BON00000957,U0002304,3,2019-10-24 19:00:00,20191024,200.0,1,2019-11-12 01:16:47,20191112.0
BON00000958,U0002793,3,2022-01-16 07:00:00,20220116,1000.0,1,2022-01-27 13:19:14,20220127.0
BON00000959,U0000861,4,2023-12-29 06:00:00,20231229,2000.0,1,2023-12-30 04:42:52,20231230.0
BON00000960,U0002733,1,2024-10-27 01:00:00,20241027,100.0,1,2024-11-05 21:15:26,20241105.0
BON00000961,U0000621,4,2023-11-26 07:00:00,20231126,3000.0,1,2023-12-08 10:26:28,20231208.0
BON00000962,U0003574,1,2023-09-26 18:00:00,20230926,50.0,1,2023-09-29 00:30:26,20230929.0
BON00000963,U0002198,3,2024-01-13 09:00:00,20240113,200.0,0,,
BON00000964,U0000954,1,2022-11-27 12:00:00,20221127,50.0,1,2022-12-06 08:00:57,20221206.0
BON00000965,U0001915,1,2020-10-30 10:00:00,20201030,100.0,0,,
BON00000966,U0000332,3,2023-06-09 05:00:00,20230609,200.0,0,,
BON00000967,U0000534,1,2019-01-25 03:00:00,20190125,200.0,1,2019-02-12 11:00:52,20190212.0
BON00000968,U0003024,1,2025-03-06 13:00:00,20250306,20.0,0,,
BON00000969,U0001493,1,2022-09-13 14:00:00,20220913,100.0,1,2022-09-23 08:59:41,20220923.0
BON00000970,U0003516,2,2024-01-23 04:00:00,20240123,10000.0,1,2024-01-24 08:38:02,20240124.0
BON00000971,U0003237,1,2020-07-23 10:00:00,20200723,50.0,1,2020-08-02 12:58:57,20200802.0
BON00000972,U0001202,3,2022-01-17 14:00:00,20220117,2000.0,1,2022-01-26 10:55:29,20220126.0
BON00000973,U0002313,3,2019-04-11 00:00:00,20190411,200.0,1,2019-04-12 04:05:20,20190412.0
BON00000974,U0002429,4,2024-12-25 18:00:00,20241225,1000.0,1,2025-01-05 08:40:00,20250105.0
BON00000975,U0003970,1,2020-09-28 15:00:00,20200928,50.0,1,2020-10-04 16:00:40,20201004.0
BON00000976,U0003874,1,2024-04-20 00:00:00,20240420,20.0,1,2024-04-27 23:43:43,20240427.0
BON00000977,U0003834,2,2019-06-12 16:00:00,20190612,5000.0,1,2019-06-12 18:26:05,20190612.0
BON00000978,U0003526,1,2022-04-13 12:00:00,20220413,100.0,0,,
BON00000979,U0000578,2,2021-07-31 09:00:00,20210731,500.0,1,2021-08-08 10:16:34,20210808.0
BON00000980,U0003476,4,2025-12-10 10:00:00,20251210,500.0,1,2025-12-24 12:34:03,20251224.0
BON00000981,U0000978,5,2024-01-18 20:00:00,20240118,20000.0,1,2024-01-31 02:00:16,20240131.0
BON00000982,U0002944,3,2024-11-26 03:00:00,20241126,1000.0,1,2024-11-26 20:19:10,20241126.0
BON00000983,U0002274,1,2024-11-30 22:00:00,20241130,50.0,1,2024-12-02 22:12:16,20241202.0
BON00000984,U0003068,1,2021-05-04 08:00:00,20210504,20.0,0,,
BON00000985,U0000721,4,2024-09-22 03:00:00,20240922,3000.0,0,,
BON00000986,U0001171,1,2023-09-01 04:00:00,20230901,20.0,1,2023-09-02 18:49:42,20230902.0
BON00000987,U0000366,1,2025-09-02 09:00:00,20250902,20.0,1,2025-09-05 00:05:37,20250905.0
BON00000988,U0003194,1,2024-10-09 19:00:00,20241009,20.0,1,2024-10-27 07:16:25,20241027.0
BON00000989,U0000332,3,2021-08-21 18:00:00,20210821,200.0,1,2021-08-22 00:23:49,20210822.0
BON00000990,U0001152,1,2019-01-28 21:00:00,20190128,200.0,1,2019-02-06 23:41:38,20190206.0
BON00000991,U0001858,2,2023-01-24 05:00:00,20230124,1000.0,1,2023-01-25 13:03:27,20230125.0
BON00000992,U0002300,1,2020-03-11 03:00:00,20200311,20.0,1,2020-03-12 07:07:07,20200312.0
BON00000993,U0001752,3,2025-06-16 20:00:00,20250616,500.0,1,2025-06-16 21:03:48,20250616.0
BON00000994,U0000494,1,2019-08-19 01:00:00,20190819,100.0,0,,
BON00000995,U0002825,1,2019-09-08 19:00:00,20190908,50.0,1,2019-09-13 01:44:30,20190913.0
BON00000996,U0003321,5,2020-04-18 16:00:00,20200418,20000.0,1,2020-04-22 14:11:09,20200422.0
BON00000997,U0003069,5,2023-07-24 11:00:00,20230724,2000.0,1,2023-07-27 03:09:46,20230727.0
BON00000998,U0002336,2,2022-06-15 00:00:00,20220615,2000.0,0,,
BON00000999,U0000927,2,2019-03-30 08:00:00,20190330,500.0,1,2019-03-30 18:13:40,20190330.0
BON00001000,U0000275,1,2025-08-02 04:00:00,20250802,200.0,1,2025-08-03 14:55:44,20250803.0
BON00001001,U0002516,2,2024-02-18 08:00:00,20240218,5000.0,0,,
BON00001002,U0001898,3,2023-01-04 16:00:00,20230104,2000.0,1,2023-01-23 09:57:40,20230123.0
BON00001003,U0003709,4,2023-01-05 12:00:00,20230105,1000.0,1,2023-01-14 23:38:52,20230114.0
BON00001004,U0001953,3,2021-07-07 06:00:00,20210707,2000.0,0,,
BON00001005,U0003919,1,2021-04-15 14:00:00,20210415,20.0,0,,
BON00001006,U0002460,2,2020-03-21 23:00:00,20200321,1000.0,0,,
BON00001007,U0002471,2,2024-09-12 14:00:00,20240912,10000.0,0,,
BON00001008,U0001994,1,2024-08-20 10:00:00,20240820,200.0,1,2024-08-29 16:07:23,20240829.0
BON00001009,U0003958,4,2019-08-03 00:00:00,20190803,3000.0,1,2019-08-05 16:13:23,20190805.0
BON00001010,U0001830,2,2024-11-03 20:00:00,20241103,500.0,1,2024-11-04 08:39:03,20241104.0
BON00001011,U0002167,3,2021-09-14 17:00:00,20210914,2000.0,1,2021-10-01 06:38:10,20211001.0
BON00001012,U0000032,4,2022-01-12 19:00:00,20220112,3000.0,1,2022-01-14 04:17:34,20220114.0
BON00001013,U0001209,2,2019-02-07 13:00:00,20190207,10000.0,0,,
BON00001014,U0000850,1,2023-04-24 21:00:00,20230424,200.0,1,2023-04-25 08:46:37,20230425.0
BON00001015,U0002354,2,2023-03-20 10:00:00,20230320,500.0,1,2023-03-22 06:55:07,20230322.0
BON00001016,U0001773,5,2019-05-25 23:00:00,20190525,10000.0,1,2019-05-29 11:11:30,20190529.0
BON00001017,U0001766,1,2019-11-11 23:00:00,20191111,200.0,0,,
BON00001018,U0002936,3,2024-11-09 19:00:00,20241109,1000.0,1,2024-11-17 18:17:15,20241117.0
BON00001019,U0002028,4,2025-06-05 03:00:00,20250605,2000.0,1,2025-06-14 15:06:10,20250614.0
BON00001020,U0003333,1,2025-06-19 11:00:00,20250619,200.0,1,2025-06-22 05:14:38,20250622.0
BON00001021,U0003111,2,2022-01-01 04:00:00,20220101,10000.0,0,,
BON00001022,U0001779,1,2020-05-28 23:00:00,20200528,20.0,1,2020-05-29 20:56:04,20200529.0
BON00001023,U0000096,2,2022-02-03 11:00:00,20220203,10000.0,1,2022-02-03 15:40:43,20220203.0
BON00001024,U0001824,4,2021-12-22 05:00:00,20211222,3000.0,1,2021-12-22 14:58:38,20211222.0
BON00001025,U0002824,1,2020-06-19 21:00:00,20200619,50.0,0,,
BON00001026,U0000624,4,2021-01-09 01:00:00,20210109,1000.0,1,2021-01-16 01:54:47,20210116.0
BON00001027,U0002593,1,2020-07-06 02:00:00,20200706,200.0,1,2020-07-09 08:17:47,20200709.0
BON00001028,U0002805,4,2023-10-02 03:00:00,20231002,1000.0,1,2023-10-02 22:27:42,20231002.0
BON00001029,U0002932,2,2024-05-28 04:00:00,20240528,500.0,1,2024-05-30 00:15:44,20240530.0
BON00001030,U0003071,2,2022-02-09 18:00:00,20220209,2000.0,1,2022-02-17 11:54:46,20220217.0
BON00001031,U0001559,2,2023-05-20 02:00:00,20230520,1000.0,0,,
BON00001032,U0003931,2,2021-02-27 21:00:00,20210227,5000.0,0,,
BON00001033,U0003932,2,2025-03-19 18:00:00,20250319,500.0,1,2025-03-25 01:13:37,20250325.0
BON00001034,U0000586,5,2024-06-29 14:00:00,20240629,2000.0,1,2024-07-02 16:57:30,20240702.0
BON00001035,U0001989,2,2019-04-01 22:00:00,20190401,500.0,1,2019-04-05 02:27:49,20190405.0
BON00001036,U0003753,3,2025-12-23 23:00:00,20251223,2000.0,1,2025-12-26 00:26:26,20251226.0
BON00001037,U0000745,2,2022-11-02 07:00:00,20221102,500.0,0,,
BON00001038,U0002507,3,2023-03-15 02:00:00,20230315,200.0,0,,
BON00001039,U0001112,3,2019-12-22 00:00:00,20191222,1000.0,0,,
BON00001040,U0001928,3,2019-10-08 08:00:00,20191008,200.0,1,2019-10-10 04:59:50,20191010.0
BON00001041,U0000283,1,2023-09-25 04:00:00,20230925,50.0,1,2023-10-03 03:13:41,20231003.0
BON00001042,U0001326,2,2024-02-14 21:00:00,20240214,5000.0,1,2024-02-25 20:06:55,20240225.0
BON00001043,U0002983,1,2025-08-10 05:00:00,20250810,50.0,1,2025-08-23 02:23:24,20250823.0
BON00001044,U0001801,3,2023-02-26 03:00:00,20230226,200.0,1,2023-03-02 00:46:41,20230302.0
BON00001045,U0001322,2,2023-10-10 02:00:00,20231010,2000.0,1,2023-10-13 04:24:59,20231013.0
BON00001046,U0003025,2,2022-05-24 01:00:00,20220524,1000.0,0,,
BON00001047,U0003964,2,2020-08-20 02:00:00,20200820,2000.0,1,2020-08-21 11:06:32,20200821.0
BON00001048,U0001992,1,2021-11-03 01:00:00,20211103,200.0,1,2021-11-09 14:58:30,20211109.0
BON00001049,U0000515,1,2023-08-29 08:00:00,20230829,200.0,1,2023-09-06 00:26:03,20230906.0
BON00001050,U0001544,1,2022-12-05 06:00:00,20221205,100.0,1,2022-12-13 16:19:39,20221213.0
BON00001051,U0003993,1,2019-04-15 13:00:00,20190415,50.0,0,,
BON00001052,U0001890,2,2022-12-16 23:00:00,20221216,10000.0,1,2022-12-17 03:16:06,20221217.0
BON00001053,U0001378,2,2021-11-12 06:00:00,20211112,5000.0,0,,
BON00001054,U0002208,1,2022-07-27 21:00:00,20220727,200.0,1,2022-08-23 17:34:34,20220823.0
BON00001055,U0002109,1,2020-10-19 00:00:00,20201019,20.0,1,2020-10-31 15:21:33,20201031.0
BON00001056,U0002876,1,2025-09-08 09:00:00,20250908,200.0,1,2025-09-10 15:10:39,20250910.0
BON00001057,U0001526,2,2024-02-26 09:00:00,20240226,1000.0,1,2024-03-16 18:58:56,20240316.0
BON00001058,U0002248,2,2023-12-31 15:00:00,20231231,5000.0,0,,
BON00001059,U0001845,2,2022-10-30 01:00:00,20221030,2000.0,1,2022-11-07 12:49:28,20221107.0
BON00001060,U0001850,1,2024-01-30 16:00:00,20240130,50.0,1,2024-02-11 23:04:26,20240211.0
BON00001061,U0003457,3,2020-11-16 18:00:00,20201116,2000.0,1,2020-11-24 00:14:15,20201124.0
BON00001062,U0002134,4,2023-04-03 14:00:00,20230403,2000.0,1,2023-04-24 22:39:52,20230424.0
BON00001063,U0003789,5,2022-07-23 19:00:00,20220723,2000.0,1,2022-07-27 00:21:53,20220727.0
BON00001064,U0002058,2,2024-08-08 22:00:00,20240808,5000.0,1,2024-08-12 16:33:52,20240812.0
BON00001065,U0002750,1,2019-05-27 09:00:00,20190527,100.0,1,2019-06-02 18:40:52,20190602.0
BON00001066,U0000842,2,2020-10-04 18:00:00,20201004,2000.0,0,,
BON00001067,U0001799,4,2022-02-24 17:00:00,20220224,500.0,1,2022-02-26 15:22:09,20220226.0
BON00001068,U0002435,4,2019-11-25 15:00:00,20191125,3000.0,1,2019-11-26 05:11:55,20191126.0
BON00001069,U0003137,5,2019-08-03 09:00:00,20190803,2000.0,1,2019-08-04 22:29:38,20190804.0
BON00001070,U0003662,1,2020-07-05 09:00:00,20200705,20.0,1,2020-07-07 04:02:13,20200707.0
BON00001071,U0002685,2,2020-10-07 19:00:00,20201007,1000.0,1,2020-10-13 08:42:10,20201013.0
BON00001072,U0002982,3,2025-06-25 05:00:00,20250625,200.0,1,2025-06-27 02:56:12,20250627.0
BON00001073,U0002361,2,2023-11-18 07:00:00,20231118,1000.0,0,,
BON00001074,U0000877,3,2020-07-05 00:00:00,20200705,200.0,1,2020-07-14 21:08:09,20200714.0
BON00001075,U0003806,1,2020-08-30 18:00:00,20200830,100.0,0,,
BON00001076,U0003065,2,2024-04-18 19:00:00,20240418,1000.0,1,2024-04-20 10:26:18,20240420.0
BON00001077,U0002413,3,2021-11-30 15:00:00,20211130,500.0,1,2021-12-04 12:50:59,20211204.0
BON00001078,U0000475,2,2022-09-27 00:00:00,20220927,10000.0,0,,
BON00001079,U0002389,2,2022-02-23 15:00:00,20220223,2000.0,1,2022-02-24 11:17:11,20220224.0
BON00001080,U0000455,1,2020-08-08 08:00:00,20200808,200.0,1,2020-08-13 13:55:36,20200813.0
BON00001081,U0001240,2,2022-10-06 07:00:00,20221006,10000.0,1,2022-10-10 06:35:08,20221010.0
BON00001082,U0001928,2,2019-02-12 20:00:00,20190212,2000.0,1,2019-02-20 21:02:08,20190220.0
BON00001083,U0002521,1,2019-01-08 22:00:00,20190108,100.0,0,,
BON00001084,U0003423,2,2024-05-31 03:00:00,20240531,5000.0,0,,
BON00001085,U0002815,3,2023-08-29 08:00:00,20230829,500.0,1,2023-09-15 13:52:33,20230915.0
BON00001086,U0001664,2,2021-01-14 07:00:00,20210114,10000.0,1,2021-01-23 17:03:06,20210123.0
BON00001087,U0001543,2,2025-01-28 08:00:00,20250128,5000.0,1,2025-02-01 19:30:37,20250201.0
BON00001088,U0000620,1,2022-11-22 00:00:00,20221122,200.0,0,,
BON00001089,U0003127,2,2023-10-27 09:00:00,20231027,10000.0,0,,
BON00001090,U0003003,3,2020-06-27 12:00:00,20200627,200.0,0,,
BON00001091,U0000372,2,2020-08-06 07:00:00,20200806,10000.0,0,,
BON00001092,U0002922,5,2024-11-30 22:00:00,20241130,10000.0,1,2024-12-02 10:51:13,20241202.0
BON00001093,U0000323,4,2022-03-16 06:00:00,20220316,1000.0,1,2022-03-22 12:37:39,20220322.0
BON00001094,U0001407,2,2025-01-07 01:00:00,20250107,5000.0,1,2025-01-08 15:56:28,20250108.0
BON00001095,U0003084,4,2020-01-03 04:00:00,20200103,1000.0,1,2020-01-04 20:30:39,20200104.0
BON00001096,U0002381,1,2024-04-24 17:00:00,20240424,100.0,0,,
BON00001097,U0002258,1,2024-01-08 08:00:00,20240108,100.0,1,2024-01-13 01:41:03,20240113.0
BON00001098,U0003429,2,2021-08-18 04:00:00,20210818,1000.0,0,,
BON00001099,U0000768,1,2025-08-09 15:00:00,20250809,50.0,1,2025-08-10 15:56:50,20250810.0
BON00001100,U0002204,1,2022-12-10 04:00:00,20221210,200.0,0,,
BON00001101,U0003127,1,2020-02-21 08:00:00,20200221,100.0,0,,
BON00001102,U0002402,2,2021-08-22 08:00:00,20210822,10000.0,1,2021-08-25 04:18:20,20210825.0
BON00001103,U0000539,1,2022-10-15 23:00:00,20221015,50.0,0,,
BON00001104,U0001395,3,2023-03-17 19:00:00,20230317,500.0,1,2023-03-23 21:31:15,20230323.0
BON00001105,U0003945,4,2020-04-21 10:00:00,20200421,3000.0,1,2020-04-22 21:21:09,20200422.0
BON00001106,U0001434,1,2023-11-01 14:00:00,20231101,200.0,0,,
BON00001107,U0001262,2,2020-02-19 11:00:00,20200219,5000.0,1,2020-02-26 05:25:15,20200226.0
BON00001108,U0002348,4,2021-03-10 08:00:00,20210310,1000.0,1,2021-03-11 11:40:53,20210311.0
BON00001109,U0000864,1,2023-09-18 20:00:00,20230918,50.0,1,2023-09-20 05:49:20,20230920.0
BON00001110,U0002844,2,2020-10-14 19:00:00,20201014,10000.0,1,2020-10-28 21:11:27,20201028.0
BON00001111,U0001739,1,2022-09-30 18:00:00,20220930,50.0,1,2022-10-09 21:19:35,20221009.0
BON00001112,U0003373,2,2023-05-23 06:00:00,20230523,2000.0,1,2023-05-27 21:08:29,20230527.0
BON00001113,U0003898,1,2023-05-27 03:00:00,20230527,50.0,0,,
BON00001114,U0003539,2,2023-05-02 21:00:00,20230502,10000.0,0,,
BON00001115,U0000833,3,2021-03-07 03:00:00,20210307,2000.0,1,2021-03-09 14:15:08,20210309.0
BON00001116,U0001413,5,2019-06-18 22:00:00,20190618,2000.0,1,2019-06-26 02:31:14,20190626.0
BON00001117,U0002035,4,2019-02-04 18:00:00,20190204,500.0,1,2019-02-21 20:54:31,20190221.0
BON00001118,U0003461,3,2021-05-28 16:00:00,20210528,500.0,1,2021-06-04 12:30:16,20210604.0
BON00001119,U0003375,2,2023-12-22 04:00:00,20231222,5000.0,1,2023-12-25 09:18:44,20231225.0
BON00001120,U0000167,1,2024-07-26 20:00:00,20240726,50.0,1,2024-08-01 09:07:40,20240801.0
BON00001121,U0000958,2,2021-06-26 09:00:00,20210626,2000.0,1,2021-07-04 20:18:45,20210704.0
BON00001122,U0001086,2,2023-12-28 15:00:00,20231228,2000.0,1,2023-12-29 16:45:55,20231229.0
BON00001123,U0002626,3,2024-12-26 07:00:00,20241226,500.0,0,,
BON00001124,U0002315,1,2022-12-15 17:00:00,20221215,100.0,0,,
BON00001125,U0001008,4,2020-02-19 11:00:00,20200219,2000.0,1,2020-03-15 17:16:39,20200315.0
BON00001126,U0001420,4,2019-11-02 18:00:00,20191102,2000.0,1,2019-11-03 04:09:19,20191103.0
BON00001127,U0002193,2,2019-10-27 20:00:00,20191027,5000.0,1,2019-11-08 09:55:40,20191108.0
BON00001128,U0000145,2,2020-12-15 20:00:00,20201215,1000.0,1,2020-12-26 19:29:35,20201226.0
BON00001129,U0001916,5,2023-10-01 05:00:00,20231001,5000.0,0,,
BON00001130,U0003619,4,2021-03-21 14:00:00,20210321,3000.0,0,,
BON00001131,U0000485,2,2025-09-25 21:00:00,20250925,500.0,0,,
BON00001132,U0000232,5,2024-02-22 15:00:00,20240222,20000.0,0,,
BON00001133,U0003135,4,2020-03-06 14:00:00,20200306,2000.0,1,2020-03-17 08:34:55,20200317.0
BON00001134,U0000776,2,2020-08-13 18:00:00,20200813,500.0,0,,
BON00001135,U0002705,2,2021-05-06 18:00:00,20210506,5000.0,0,,
BON00001136,U0001220,1,2019-01-25 23:00:00,20190125,100.0,1,2019-01-31 00:04:53,20190131.0
BON00001137,U0002241,2,2020-12-15 07:00:00,20201215,5000.0,1,2020-12-20 16:48:27,20201220.0
BON00001138,U0003610,1,2021-06-14 00:00:00,20210614,200.0,0,,
BON00001139,U0001711,1,2021-04-16 19:00:00,20210416,50.0,0,,
BON00001140,U0000766,1,2021-05-20 23:00:00,20210520,20.0,1,2021-05-22 20:47:00,20210522.0
BON00001141,U0003257,3,2024-03-28 19:00:00,20240328,1000.0,1,2024-04-01 01:06:41,20240401.0
BON00001142,U0003327,2,2020-02-06 20:00:00,20200206,500.0,1,2020-02-19 15:04:37,20200219.0
BON00001143,U0002017,1,2023-08-28 14:00:00,20230828,100.0,1,2023-09-05 10:02:47,20230905.0
BON00001144,U0002734,1,2025-11-15 09:00:00,20251115,100.0,1,2025-11-22 14:02:00,20251122.0
BON00001145,U0001214,1,2024-09-30 01:00:00,20240930,50.0,1,2024-10-04 08:19:16,20241004.0
BON00001146,U0002803,2,2020-05-29 19:00:00,20200529,10000.0,1,2020-05-31 15:54:58,20200531.0
BON00001147,U0000735,5,2020-11-12 18:00:00,20201112,5000.0,1,2020-11-13 07:42:58,20201113.0
BON00001148,U0001085,1,2021-08-18 12:00:00,20210818,200.0,1,2021-09-16 03:43:05,20210916.0
BON00001149,U0003516,1,2023-09-13 07:00:00,20230913,50.0,1,2023-09-30 19:48:02,20230930.0
BON00001150,U0001472,3,2021-12-12 01:00:00,20211212,1000.0,0,,
BON00001151,U0003006,3,2019-07-10 19:00:00,20190710,200.0,1,2019-07-10 23:23:50,20190710.0
BON00001152,U0003870,1,2019-12-10 13:00:00,20191210,20.0,1,2019-12-19 06:55:15,20191219.0
BON00001153,U0000978,2,2022-08-22 20:00:00,20220822,500.0,1,2022-08-26 18:34:45,20220826.0
BON00001154,U0002902,1,2025-12-14 23:00:00,20251214,50.0,1,2026-01-13 23:00:00,20260113.0
BON00001155,U0000306,2,2025-02-08 14:00:00,20250208,5000.0,0,,
BON00001156,U0000766,2,2021-11-14 09:00:00,20211114,10000.0,1,2021-11-20 19:37:51,20211120.0
BON00001157,U0002585,1,2024-11-21 13:00:00,20241121,20.0,1,2024-11-21 15:43:01,20241121.0
BON00001158,U0001006,3,2023-10-24 06:00:00,20231024,200.0,1,2023-10-24 13:36:31,20231024.0
BON00001159,U0002029,2,2019-02-04 03:00:00,20190204,2000.0,0,,
BON00001160,U0001413,2,2024-10-27 17:00:00,20241027,2000.0,1,2024-10-29 07:27:42,20241029.0
BON00001161,U0001650,4,2020-01-29 08:00:00,20200129,1000.0,1,2020-02-05 12:57:30,20200205.0
BON00001162,U0001510,2,2025-07-19 06:00:00,20250719,2000.0,1,2025-07-24 22:27:55,20250724.0
BON00001163,U0000569,2,2024-07-15 05:00:00,20240715,5000.0,1,2024-07-23 20:26:35,20240723.0
BON00001164,U0001899,1,2021-05-30 21:00:00,20210530,200.0,0,,
BON00001165,U0001740,5,2023-05-31 02:00:00,20230531,2000.0,1,2023-05-31 11:29:15,20230531.0
BON00001166,U0000538,4,2025-10-15 12:00:00,20251015,500.0,0,,
BON00001167,U0002027,4,2022-07-18 16:00:00,20220718,1000.0,1,2022-07-27 13:00:02,20220727.0
BON00001168,U0003699,2,2021-09-19 18:00:00,20210919,500.0,1,2021-09-23 01:35:35,20210923.0
BON00001169,U0000818,2,2022-02-21 06:00:00,20220221,1000.0,1,2022-02-23 03:14:56,20220223.0
BON00001170,U0001024,4,2021-08-19 04:00:00,20210819,500.0,1,2021-08-19 13:50:18,20210819.0
BON00001171,U0002548,4,2021-12-11 14:00:00,20211211,500.0,0,,
BON00001172,U0002735,1,2020-11-03 18:00:00,20201103,20.0,1,2020-11-04 16:50:20,20201104.0
BON00001173,U0001487,1,2023-10-07 06:00:00,20231007,50.0,1,2023-11-06 06:00:00,20231106.0
BON00001174,U0001291,3,2025-01-31 04:00:00,20250131,1000.0,1,2025-02-03 01:44:42,20250203.0
BON00001175,U0001824,2,2024-02-03 07:00:00,20240203,500.0,1,2024-02-05 21:56:38,20240205.0
BON00001176,U0002222,2,2025-03-01 20:00:00,20250301,2000.0,0,,
BON00001177,U0001142,3,2022-06-25 08:00:00,20220625,1000.0,1,2022-06-26 16:34:50,20220626.0
BON00001178,U0002391,3,2022-09-16 15:00:00,20220916,200.0,1,2022-09-21 19:55:02,20220921.0
BON00001179,U0000122,2,2024-05-30 14:00:00,20240530,2000.0,1,2024-06-14 17:50:05,20240614.0
BON00001180,U0003237,3,2023-01-17 10:00:00,20230117,500.0,1,2023-01-19 15:36:20,20230119.0
BON00001181,U0001345,1,2021-10-01 23:00:00,20211001,200.0,1,2021-10-03 10:05:01,20211003.0
BON00001182,U0000644,5,2020-12-21 10:00:00,20201221,5000.0,0,,
BON00001183,U0002529,1,2022-07-08 08:00:00,20220708,50.0,1,2022-07-10 18:18:46,20220710.0
BON00001184,U0001929,2,2024-06-28 13:00:00,20240628,500.0,1,2024-07-02 14:19:03,20240702.0
BON00001185,U0003743,3,2022-05-08 05:00:00,20220508,500.0,1,2022-06-07 05:00:00,20220607.0
BON00001186,U0000705,2,2025-07-18 01:00:00,20250718,10000.0,1,2025-07-18 06:23:29,20250718.0
BON00001187,U0000368,2,2021-04-10 03:00:00,20210410,1000.0,1,2021-04-16 18:00:54,20210416.0
BON00001188,U0002824,4,2025-01-08 21:00:00,20250108,3000.0,0,,
BON00001189,U0003569,1,2022-07-03 22:00:00,20220703,50.0,0,,
BON00001190,U0002220,1,2020-06-01 17:00:00,20200601,100.0,0,,
BON00001191,U0001179,3,2019-07-29 17:00:00,20190729,1000.0,1,2019-07-30 22:44:36,20190730.0
BON00001192,U0001899,2,2022-07-12 00:00:00,20220712,1000.0,0,,
BON00001193,U0003642,2,2025-09-22 15:00:00,20250922,2000.0,1,2025-09-29 18:00:34,20250929.0
BON00001194,U0003286,1,2025-10-06 03:00:00,20251006,200.0,1,2025-10-09 14:43:40,20251009.0
BON00001195,U0003798,2,2021-05-21 03:00:00,20210521,1000.0,1,2021-06-20 03:00:00,20210620.0
BON00001196,U0002700,1,2020-03-08 10:00:00,20200308,50.0,1,2020-03-08 10:09:52,20200308.0
BON00001197,U0002225,1,2025-06-20 02:00:00,20250620,50.0,0,,
BON00001198,U0002065,3,2019-03-24 08:00:00,20190324,1000.0,1,2019-03-27 07:02:13,20190327.0
BON00001199,U0003522,2,2023-02-06 09:00:00,20230206,10000.0,1,2023-02-18 08:52:09,20230218.0
BON00001200,U0000207,3,2025-01-28 09:00:00,20250128,500.0,1,2025-02-10 07:32:58,20250210.0
BON00001201,U0002114,1,2024-06-26 22:00:00,20240626,200.0,1,2024-06-28 07:53:24,20240628.0
BON00001202,U0002717,3,2025-06-06 11:00:00,20250606,200.0,1,2025-06-24 18:47:54,20250624.0
BON00001203,U0001920,3,2025-01-03 20:00:00,20250103,200.0,1,2025-01-19 23:02:41,20250119.0
BON00001204,U0003238,4,2019-08-31 16:00:00,20190831,500.0,1,2019-09-01 14:59:51,20190901.0
BON00001205,U0003164,2,2022-02-25 03:00:00,20220225,10000.0,0,,
BON00001206,U0003453,2,2025-10-09 08:00:00,20251009,2000.0,0,,
BON00001207,U0002127,1,2019-10-11 03:00:00,20191011,50.0,0,,
BON00001208,U0002641,1,2025-01-27 09:00:00,20250127,200.0,1,2025-02-04 23:53:21,20250204.0
BON00001209,U0003163,1,2020-08-17 22:00:00,20200817,200.0,0,,
BON00001210,U0001319,2,2024-12-04 00:00:00,20241204,5000.0,0,,
BON00001211,U0001016,4,2021-05-14 20:00:00,20210514,500.0,0,,
BON00001212,U0003735,1,2019-10-19 03:00:00,20191019,200.0,1,2019-11-04 09:13:22,20191104.0
BON00001213,U0002973,2,2024-11-03 06:00:00,20241103,5000.0,1,2024-11-03 08:32:37,20241103.0
BON00001214,U0002288,1,2024-10-15 13:00:00,20241015,100.0,1,2024-10-18 03:08:07,20241018.0
BON00001215,U0001644,4,2022-01-30 13:00:00,20220130,1000.0,0,,
BON00001216,U0003954,2,2021-02-16 11:00:00,20210216,1000.0,1,2021-03-03 14:53:36,20210303.0
BON00001217,U0002111,3,2020-02-26 21:00:00,20200226,1000.0,1,2020-02-27 16:22:50,20200227.0
BON00001218,U0000142,3,2020-11-05 12:00:00,20201105,200.0,1,2020-11-11 05:48:37,20201111.0
BON00001219,U0000073,3,2024-01-27 08:00:00,20240127,1000.0,0,,
BON00001220,U0003365,1,2020-07-14 21:00:00,20200714,100.0,1,2020-07-14 21:03:01,20200714.0
BON00001221,U0003931,3,2019-11-06 17:00:00,20191106,1000.0,1,2019-11-09 08:46:36,20191109.0
BON00001222,U0001661,3,2019-10-27 02:00:00,20191027,200.0,0,,
BON00001223,U0002034,2,2025-05-28 19:00:00,20250528,500.0,0,,
BON00001224,U0002436,2,2019-11-03 08:00:00,20191103,5000.0,1,2019-11-13 13:32:25,20191113.0
BON00001225,U0000988,1,2024-02-22 01:00:00,20240222,100.0,1,2024-02-29 00:46:24,20240229.0
BON00001226,U0002243,1,2020-12-14 13:00:00,20201214,20.0,1,2020-12-29 14:43:43,20201229.0
BON00001227,U0003907,4,2025-07-04 18:00:00,20250704,2000.0,0,,
BON00001228,U0002507,3,2020-02-17 21:00:00,20200217,1000.0,1,2020-02-25 19:37:44,20200225.0
BON00001229,U0002140,2,2025-03-17 00:00:00,20250317,500.0,0,,
BON00001230,U0002120,3,2020-02-23 10:00:00,20200223,500.0,1,2020-03-09 11:06:39,20200309.0
BON00001231,U0000747,1,2021-07-18 05:00:00,20210718,100.0,1,2021-07-23 12:03:15,20210723.0
BON00001232,U0003597,2,2020-05-05 10:00:00,20200505,10000.0,1,2020-05-16 12:37:21,20200516.0
BON00001233,U0003747,1,2021-12-15 04:00:00,20211215,50.0,1,2021-12-16 18:36:11,20211216.0
BON00001234,U0001182,1,2025-03-23 02:00:00,20250323,50.0,1,2025-04-04 07:53:27,20250404.0
BON00001235,U0001434,1,2020-09-20 14:00:00,20200920,200.0,0,,
BON00001236,U0002390,1,2023-05-16 04:00:00,20230516,200.0,0,,
BON00001237,U0002822,3,2019-11-29 21:00:00,20191129,2000.0,1,2019-12-02 13:10:36,20191202.0
BON00001238,U0002600,3,2022-02-07 21:00:00,20220207,200.0,1,2022-02-12 21:24:28,20220212.0
BON00001239,U0001417,1,2024-08-03 16:00:00,20240803,200.0,0,,
BON00001240,U0000688,4,2021-03-18 04:00:00,20210318,500.0,1,2021-03-19 18:38:43,20210319.0
BON00001241,U0000195,4,2024-03-15 09:00:00,20240315,1000.0,1,2024-03-16 04:48:00,20240316.0
BON00001242,U0003540,4,2024-07-22 19:00:00,20240722,2000.0,1,2024-07-29 13:42:38,20240729.0
BON00001243,U0001470,3,2020-12-27 17:00:00,20201227,500.0,1,2021-01-05 07:04:41,20210105.0
BON00001244,U0002424,1,2021-01-28 16:00:00,20210128,200.0,0,,
BON00001245,U0003907,3,2021-11-14 07:00:00,20211114,2000.0,0,,
BON00001246,U0003934,3,2023-08-05 09:00:00,20230805,1000.0,0,,
BON00001247,U0001818,4,2023-02-18 05:00:00,20230218,3000.0,0,,
BON00001248,U0003802,2,2024-09-11 01:00:00,20240911,2000.0,1,2024-10-08 17:39:17,20241008.0
BON00001249,U0003598,5,2019-03-17 14:00:00,20190317,2000.0,0,,
BON00001250,U0002846,2,2021-09-26 04:00:00,20210926,1000.0,1,2021-10-01 19:58:15,20211001.0
BON00001251,U0002759,2,2023-09-19 16:00:00,20230919,2000.0,1,2023-09-24 04:53:50,20230924.0
BON00001252,U0001133,1,2022-10-05 21:00:00,20221005,200.0,0,,
BON00001253,U0000517,5,2020-06-14 14:00:00,20200614,5000.0,1,2020-06-15 17:35:15,20200615.0
BON00001254,U0003198,2,2021-10-12 07:00:00,20211012,10000.0,1,2021-10-13 07:53:33,20211013.0
BON00001255,U0002575,2,2021-04-27 15:00:00,20210427,2000.0,1,2021-05-03 20:34:56,20210503.0
BON00001256,U0000044,2,2021-07-16 09:00:00,20210716,1000.0,1,2021-08-02 08:22:20,20210802.0
BON00001257,U0002224,3,2022-05-27 00:00:00,20220527,200.0,0,,
BON00001258,U0000179,2,2023-03-22 22:00:00,20230322,500.0,1,2023-03-30 12:27:34,20230330.0
BON00001259,U0000685,2,2024-06-16 04:00:00,20240616,5000.0,0,,
BON00001260,U0000999,1,2022-02-21 00:00:00,20220221,200.0,0,,
BON00001261,U0000386,2,2021-01-06 12:00:00,20210106,10000.0,1,2021-01-16 00:09:57,20210116.0
BON00001262,U0002285,2,2022-09-12 05:00:00,20220912,500.0,1,2022-09-18 10:46:49,20220918.0
BON00001263,U0001103,1,2022-03-19 22:00:00,20220319,100.0,1,2022-03-24 20:06:27,20220324.0
BON00001264,U0001008,1,2019-11-05 19:00:00,20191105,100.0,1,2019-11-13 11:24:53,20191113.0
BON00001265,U0003423,2,2022-08-17 00:00:00,20220817,5000.0,0,,
BON00001266,U0000508,5,2025-11-27 08:00:00,20251127,2000.0,1,2025-11-27 14:07:21,20251127.0
BON00001267,U0003068,4,2019-12-18 12:00:00,20191218,1000.0,1,2019-12-25 23:33:06,20191225.0
BON00001268,U0001525,1,2020-03-29 08:00:00,20200329,100.0,1,2020-04-11 04:31:54,20200411.0
BON00001269,U0000784,2,2024-07-05 21:00:00,20240705,10000.0,0,,
BON00001270,U0001315,1,2021-07-25 01:00:00,20210725,200.0,1,2021-07-26 15:04:33,20210726.0
BON00001271,U0002826,4,2025-08-23 20:00:00,20250823,3000.0,1,2025-08-27 07:59:55,20250827.0
BON00001272,U0000160,1,2025-07-08 01:00:00,20250708,100.0,0,,
BON00001273,U0000387,1,2023-05-31 02:00:00,20230531,200.0,0,,
BON00001274,U0003133,2,2022-04-14 05:00:00,20220414,10000.0,1,2022-04-20 18:26:34,20220420.0
BON00001275,U0002150,1,2022-12-30 07:00:00,20221230,50.0,0,,
BON00001276,U0001628,1,2022-02-14 15:00:00,20220214,100.0,1,2022-03-03 15:25:47,20220303.0
BON00001277,U0002443,4,2022-06-29 18:00:00,20220629,2000.0,0,,
BON00001278,U0002046,2,2020-04-19 17:00:00,20200419,10000.0,1,2020-04-29 04:13:55,20200429.0
BON00001279,U0002887,2,2019-02-21 03:00:00,20190221,2000.0,1,2019-03-01 21:37:45,20190301.0
BON00001280,U0001236,2,2021-11-14 14:00:00,20211114,10000.0,1,2021-11-26 10:23:23,20211126.0
BON00001281,U0000782,2,2022-10-16 20:00:00,20221016,10000.0,1,2022-10-25 18:57:03,20221025.0
BON00001282,U0001306,4,2025-01-29 11:00:00,20250129,1000.0,1,2025-02-01 05:45:38,20250201.0
BON00001283,U0003007,3,2025-03-08 01:00:00,20250308,2000.0,1,2025-03-22 06:31:16,20250322.0
BON00001284,U0001691,1,2020-05-20 00:00:00,20200520,20.0,1,2020-05-25 20:41:53,20200525.0
BON00001285,U0001943,2,2022-10-09 14:00:00,20221009,500.0,0,,
BON00001286,U0002698,5,2021-06-27 05:00:00,20210627,2000.0,0,,
BON00001287,U0003124,3,2021-10-08 03:00:00,20211008,2000.0,1,2021-10-08 03:45:03,20211008.0
BON00001288,U0000926,2,2024-04-25 02:00:00,20240425,500.0,1,2024-05-03 11:56:57,20240503.0
BON00001289,U0000907,2,2021-11-21 01:00:00,20211121,10000.0,1,2021-11-30 11:34:38,20211130.0
BON00001290,U0002749,3,2020-02-05 18:00:00,20200205,500.0,1,2020-02-09 04:08:34,20200209.0
BON00001291,U0003475,2,2025-02-25 15:00:00,20250225,500.0,1,2025-03-05 13:04:56,20250305.0
BON00001292,U0002793,1,2021-05-30 23:00:00,20210530,20.0,0,,
BON00001293,U0000109,1,2019-07-20 19:00:00,20190720,100.0,1,2019-08-11 02:31:41,20190811.0
BON00001294,U0002218,1,2022-10-08 21:00:00,20221008,200.0,0,,
BON00001295,U0002380,1,2022-08-19 05:00:00,20220819,20.0,0,,
BON00001296,U0001052,1,2022-03-04 01:00:00,20220304,50.0,1,2022-03-08 13:29:38,20220308.0
BON00001297,U0003827,3,2023-08-15 14:00:00,20230815,500.0,1,2023-08-16 04:46:55,20230816.0
BON00001298,U0001641,5,2019-11-30 21:00:00,20191130,10000.0,0,,
BON00001299,U0002148,3,2024-12-19 18:00:00,20241219,200.0,1,2024-12-24 22:15:01,20241224.0
BON00001300,U0002515,2,2021-06-06 02:00:00,20210606,500.0,1,2021-06-07 02:03:41,20210607.0
BON00001301,U0002752,1,2024-02-25 08:00:00,20240225,20.0,1,2024-02-29 09:58:25,20240229.0
BON00001302,U0002627,1,2023-01-28 16:00:00,20230128,100.0,1,2023-01-29 06:59:14,20230129.0
BON00001303,U0000156,3,2020-04-29 05:00:00,20200429,200.0,1,2020-04-29 19:57:37,20200429.0
BON00001304,U0002795,1,2024-12-03 00:00:00,20241203,100.0,1,2024-12-12 10:59:44,20241212.0
BON00001305,U0001231,1,2021-12-20 00:00:00,20211220,20.0,0,,
BON00001306,U0000902,1,2024-06-12 02:00:00,20240612,100.0,0,,
BON00001307,U0001056,4,2025-07-27 11:00:00,20250727,3000.0,0,,
BON00001308,U0000381,1,2025-12-20 08:00:00,20251220,100.0,0,,
BON00001309,U0001719,2,2021-03-15 05:00:00,20210315,5000.0,1,2021-04-14 05:00:00,20210414.0
BON00001310,U0003962,2,2022-05-25 10:00:00,20220525,500.0,1,2022-05-28 05:52:08,20220528.0
BON00001311,U0003066,1,2023-10-25 00:00:00,20231025,100.0,0,,
BON00001312,U0000901,2,2023-08-07 19:00:00,20230807,500.0,1,2023-08-12 07:18:10,20230812.0
BON00001313,U0002352,2,2023-02-26 04:00:00,20230226,500.0,1,2023-02-26 23:48:35,20230226.0
BON00001314,U0000225,1,2021-07-21 00:00:00,20210721,50.0,1,2021-07-31 09:03:21,20210731.0
BON00001315,U0003243,3,2024-08-02 16:00:00,20240802,2000.0,1,2024-08-04 01:27:00,20240804.0
BON00001316,U0003127,1,2023-11-26 11:00:00,20231126,200.0,0,,
BON00001317,U0003180,1,2022-06-21 07:00:00,20220621,100.0,0,,
BON00001318,U0002149,1,2019-11-27 02:00:00,20191127,200.0,0,,
BON00001319,U0003352,5,2025-03-18 20:00:00,20250318,20000.0,1,2025-03-20 04:49:02,20250320.0
BON00001320,U0001081,1,2021-11-02 15:00:00,20211102,20.0,1,2021-11-07 03:25:14,20211107.0
BON00001321,U0003265,1,2024-04-23 00:00:00,20240423,200.0,0,,
BON00001322,U0001969,1,2025-10-11 04:00:00,20251011,20.0,1,2025-10-12 00:13:32,20251012.0
BON00001323,U0001631,2,2021-10-09 00:00:00,20211009,2000.0,1,2021-10-10 16:53:53,20211010.0
BON00001324,U0003706,1,2024-04-13 08:00:00,20240413,20.0,1,2024-04-13 18:11:43,20240413.0
BON00001325,U0000337,4,2021-11-05 00:00:00,20211105,1000.0,0,,
BON00001326,U0001464,1,2019-02-06 12:00:00,20190206,20.0,1,2019-02-14 20:23:17,20190214.0
BON00001327,U0001718,4,2020-06-29 19:00:00,20200629,1000.0,0,,
BON00001328,U0002731,3,2021-10-31 13:00:00,20211031,500.0,0,,
BON00001329,U0003912,3,2021-10-31 00:00:00,20211031,1000.0,0,,
BON00001330,U0002001,1,2020-07-12 17:00:00,20200712,200.0,1,2020-07-17 16:01:42,20200717.0
BON00001331,U0000846,4,2024-01-04 08:00:00,20240104,500.0,1,2024-01-08 19:58:13,20240108.0
BON00001332,U0002905,1,2023-06-21 09:00:00,20230621,100.0,0,,
BON00001333,U0000793,2,2021-11-26 07:00:00,20211126,1000.0,0,,
BON00001334,U0001642,2,2023-11-03 00:00:00,20231103,1000.0,1,2023-11-03 20:03:02,20231103.0
BON00001335,U0001599,2,2023-10-28 04:00:00,20231028,1000.0,0,,
BON00001336,U0002654,2,2022-03-12 22:00:00,20220312,500.0,1,2022-03-15 17:10:36,20220315.0
BON00001337,U0003370,3,2020-04-16 20:00:00,20200416,200.0,1,2020-04-25 09:18:25,20200425.0
BON00001338,U0002771,1,2021-02-20 20:00:00,20210220,200.0,1,2021-02-22 22:40:01,20210222.0
BON00001339,U0000686,2,2024-10-09 11:00:00,20241009,1000.0,1,2024-10-15 01:17:44,20241015.0
BON00001340,U0003215,1,2020-04-22 08:00:00,20200422,50.0,1,2020-05-22 08:00:00,20200522.0
BON00001341,U0000587,5,2021-12-16 14:00:00,20211216,20000.0,1,2021-12-29 22:47:08,20211229.0
BON00001342,U0003339,1,2020-06-29 00:00:00,20200629,200.0,0,,
BON00001343,U0002724,2,2019-05-19 00:00:00,20190519,5000.0,0,,
BON00001344,U0003168,1,2019-07-09 15:00:00,20190709,200.0,1,2019-07-17 15:26:14,20190717.0
BON00001345,U0003747,4,2020-11-02 17:00:00,20201102,2000.0,1,2020-11-04 14:39:33,20201104.0
BON00001346,U0001516,2,2021-12-05 03:00:00,20211205,1000.0,1,2021-12-25 23:57:31,20211225.0
BON00001347,U0003642,2,2024-01-06 19:00:00,20240106,1000.0,0,,
BON00001348,U0001910,1,2020-12-09 09:00:00,20201209,50.0,0,,
BON00001349,U0003841,1,2020-07-14 07:00:00,20200714,20.0,1,2020-07-15 14:22:56,20200715.0
BON00001350,U0001176,1,2019-05-11 19:00:00,20190511,50.0,1,2019-05-12 06:22:11,20190512.0
BON00001351,U0000083,4,2023-11-22 12:00:00,20231122,1000.0,1,2023-12-06 02:34:22,20231206.0
BON00001352,U0001205,4,2024-11-05 02:00:00,20241105,500.0,1,2024-11-21 02:44:00,20241121.0
BON00001353,U0002958,2,2025-07-06 12:00:00,20250706,500.0,1,2025-07-06 18:14:23,20250706.0
BON00001354,U0002317,4,2024-01-18 15:00:00,20240118,3000.0,1,2024-01-22 08:38:41,20240122.0
BON00001355,U0003826,4,2022-08-30 17:00:00,20220830,1000.0,1,2022-08-30 17:40:22,20220830.0
BON00001356,U0001143,3,2024-03-02 15:00:00,20240302,200.0,0,,
BON00001357,U0000348,5,2025-05-09 11:00:00,20250509,10000.0,1,2025-05-11 10:16:15,20250511.0
BON00001358,U0000289,2,2019-01-01 04:00:00,20190101,1000.0,1,2019-01-07 07:15:45,20190107.0
BON00001359,U0003286,1,2019-01-31 03:00:00,20190131,100.0,1,2019-02-03 16:51:42,20190203.0
BON00001360,U0001897,2,2024-01-17 09:00:00,20240117,2000.0,1,2024-01-17 20:28:28,20240117.0
BON00001361,U0003539,2,2021-05-02 23:00:00,20210502,10000.0,1,2021-05-07 21:43:41,20210507.0
BON00001362,U0003668,1,2022-04-19 02:00:00,20220419,200.0,1,2022-04-21 14:31:55,20220421.0
BON00001363,U0002435,5,2022-07-23 02:00:00,20220723,2000.0,1,2022-07-31 10:57:09,20220731.0
BON00001364,U0003041,1,2021-03-04 10:00:00,20210304,50.0,0,,
BON00001365,U0003169,1,2024-11-07 16:00:00,20241107,50.0,1,2024-11-12 04:01:03,20241112.0
BON00001366,U0002185,1,2021-12-05 00:00:00,20211205,200.0,1,2021-12-11 05:00:59,20211211.0
BON00001367,U0001215,5,2023-02-04 08:00:00,20230204,5000.0,1,2023-02-13 09:09:52,20230213.0
BON00001368,U0000110,2,2019-08-25 13:00:00,20190825,5000.0,0,,
BON00001369,U0003951,1,2020-02-02 23:00:00,20200202,100.0,1,2020-02-11 21:27:44,20200211.0
BON00001370,U0000093,2,2025-06-17 05:00:00,20250617,2000.0,1,2025-06-30 09:54:13,20250630.0
BON00001371,U0002111,2,2019-04-02 06:00:00,20190402,10000.0,1,2019-04-09 03:14:38,20190409.0
BON00001372,U0003580,3,2021-08-10 09:00:00,20210810,2000.0,1,2021-08-21 01:29:53,20210821.0
BON00001373,U0000904,1,2022-07-08 10:00:00,20220708,200.0,1,2022-07-25 21:46:08,20220725.0
BON00001374,U0002947,1,2025-05-26 04:00:00,20250526,50.0,0,,
BON00001375,U0002149,3,2019-10-24 12:00:00,20191024,2000.0,0,,
BON00001376,U0003899,2,2021-04-23 20:00:00,20210423,500.0,1,2021-05-07 05:47:53,20210507.0
BON00001377,U0000005,2,2022-12-10 03:00:00,20221210,500.0,1,2022-12-14 13:14:04,20221214.0
BON00001378,U0002404,2,2025-07-12 04:00:00,20250712,5000.0,1,2025-07-23 23:04:43,20250723.0
BON00001379,U0001120,3,2019-07-04 16:00:00,20190704,1000.0,1,2019-07-09 21:30:07,20190709.0
BON00001380,U0003476,1,2024-08-03 21:00:00,20240803,100.0,0,,
BON00001381,U0002472,3,2019-08-15 20:00:00,20190815,1000.0,1,2019-08-19 21:37:24,20190819.0
BON00001382,U0001946,1,2021-08-26 06:00:00,20210826,200.0,1,2021-08-31 23:17:41,20210831.0
BON00001383,U0002675,4,2022-08-29 16:00:00,20220829,2000.0,1,2022-08-29 19:53:27,20220829.0
BON00001384,U0000179,2,2024-11-22 19:00:00,20241122,500.0,0,,
BON00001385,U0001046,5,2024-06-07 07:00:00,20240607,10000.0,1,2024-06-12 01:55:57,20240612.0
BON00001386,U0003062,3,2023-09-17 22:00:00,20230917,500.0,1,2023-09-19 11:54:26,20230919.0
BON00001387,U0002327,5,2019-01-10 11:00:00,20190110,10000.0,0,,
BON00001388,U0003735,2,2022-02-09 05:00:00,20220209,1000.0,1,2022-02-11 23:20:09,20220211.0
BON00001389,U0001889,2,2020-04-09 03:00:00,20200409,10000.0,1,2020-04-15 06:03:20,20200415.0
BON00001390,U0003578,3,2025-06-07 08:00:00,20250607,500.0,1,2025-06-23 02:54:54,20250623.0
BON00001391,U0003227,2,2024-10-28 11:00:00,20241028,10000.0,1,2024-11-08 19:38:04,20241108.0
BON00001392,U0001396,2,2023-08-25 05:00:00,20230825,5000.0,1,2023-09-14 04:33:13,20230914.0
BON00001393,U0003573,1,2019-03-26 17:00:00,20190326,100.0,0,,
BON00001394,U0000771,1,2024-03-04 08:00:00,20240304,100.0,1,2024-03-09 04:23:56,20240309.0
BON00001395,U0001093,2,2021-10-11 14:00:00,20211011,1000.0,1,2021-10-19 05:56:30,20211019.0
BON00001396,U0002750,4,2025-04-12 23:00:00,20250412,3000.0,0,,
BON00001397,U0003783,2,2020-10-12 17:00:00,20201012,2000.0,1,2020-10-27 07:59:36,20201027.0
BON00001398,U0000913,1,2022-12-23 08:00:00,20221223,50.0,0,,
BON00001399,U0001414,1,2022-06-28 23:00:00,20220628,100.0,0,,
BON00001400,U0003964,3,2022-01-03 17:00:00,20220103,500.0,1,2022-01-10 05:41:32,20220110.0
BON00001401,U0002931,4,2025-12-30 07:00:00,20251230,3000.0,1,2026-01-01 08:54:04,20260101.0
BON00001402,U0000596,1,2021-03-08 02:00:00,20210308,100.0,1,2021-03-10 14:44:22,20210310.0
BON00001403,U0000290,5,2019-10-22 02:00:00,20191022,5000.0,1,2019-10-23 17:06:47,20191023.0
BON00001404,U0001006,1,2022-04-11 06:00:00,20220411,100.0,1,2022-04-18 22:35:02,20220418.0
BON00001405,U0000664,2,2025-07-15 13:00:00,20250715,1000.0,1,2025-07-20 20:53:13,20250720.0
BON00001406,U0000349,3,2022-09-30 08:00:00,20220930,500.0,0,,
BON00001407,U0002263,1,2020-09-27 17:00:00,20200927,200.0,0,,
BON00001408,U0003315,4,2019-12-08 18:00:00,20191208,500.0,1,2019-12-09 14:21:37,20191209.0
BON00001409,U0002664,2,2023-08-09 02:00:00,20230809,2000.0,1,2023-08-14 01:47:58,20230814.0
BON00001410,U0000275,4,2020-01-29 19:00:00,20200129,500.0,1,2020-01-31 10:24:18,20200131.0
BON00001411,U0002767,2,2025-07-24 17:00:00,20250724,1000.0,0,,
BON00001412,U0002870,4,2025-12-17 07:00:00,20251217,500.0,0,,
BON00001413,U0003084,2,2020-03-10 07:00:00,20200310,1000.0,0,,
BON00001414,U0002257,2,2020-01-29 22:00:00,20200129,2000.0,0,,
BON00001415,U0003826,4,2022-07-03 03:00:00,20220703,3000.0,0,,
BON00001416,U0001322,1,2025-03-11 03:00:00,20250311,100.0,1,2025-03-13 17:37:47,20250313.0
BON00001417,U0001066,1,2023-03-25 08:00:00,20230325,100.0,1,2023-04-03 03:43:10,20230403.0
BON00001418,U0000292,2,2019-06-06 12:00:00,20190606,5000.0,1,2019-06-23 13:31:30,20190623.0
BON00001419,U0001999,1,2021-06-02 07:00:00,20210602,200.0,1,2021-06-15 14:58:50,20210615.0
BON00001420,U0003198,2,2020-07-22 13:00:00,20200722,5000.0,0,,
BON00001421,U0000228,2,2021-11-07 21:00:00,20211107,500.0,0,,
BON00001422,U0001033,1,2019-02-07 20:00:00,20190207,100.0,0,,
BON00001423,U0003180,2,2023-02-26 05:00:00,20230226,5000.0,1,2023-03-01 00:02:36,20230301.0
BON00001424,U0003910,1,2019-05-17 21:00:00,20190517,20.0,1,2019-05-18 08:27:47,20190518.0
BON00001425,U0000707,3,2024-08-10 08:00:00,20240810,500.0,1,2024-08-13 03:07:31,20240813.0
BON00001426,U0003685,4,2024-07-06 13:00:00,20240706,1000.0,0,,
BON00001427,U0003793,4,2024-10-26 12:00:00,20241026,500.0,1,2024-10-27 14:33:40,20241027.0
BON00001428,U0002024,2,2021-03-22 20:00:00,20210322,2000.0,0,,
BON00001429,U0003453,4,2020-03-27 07:00:00,20200327,2000.0,1,2020-03-28 09:04:24,20200328.0
BON00001430,U0001967,4,2021-03-27 12:00:00,20210327,500.0,0,,
BON00001431,U0001338,1,2022-10-15 17:00:00,20221015,200.0,0,,
BON00001432,U0002425,1,2022-07-15 14:00:00,20220715,50.0,0,,
BON00001433,U0003684,4,2025-11-24 18:00:00,20251124,2000.0,1,2025-12-02 11:34:32,20251202.0
BON00001434,U0002128,2,2025-10-16 23:00:00,20251016,2000.0,1,2025-10-24 08:49:34,20251024.0
BON00001435,U0001270,2,2022-12-10 20:00:00,20221210,2000.0,1,2022-12-14 06:16:30,20221214.0
BON00001436,U0003342,1,2021-03-17 12:00:00,20210317,50.0,0,,
BON00001437,U0000006,2,2025-03-06 05:00:00,20250306,2000.0,0,,
BON00001438,U0000549,5,2024-09-24 16:00:00,20240924,2000.0,1,2024-09-26 23:54:35,20240926.0
BON00001439,U0002171,4,2021-10-22 02:00:00,20211022,3000.0,1,2021-10-23 18:59:05,20211023.0
BON00001440,U0002210,1,2022-05-07 03:00:00,20220507,200.0,1,2022-05-08 21:30:16,20220508.0
BON00001441,U0003467,3,2024-08-13 15:00:00,20240813,500.0,1,2024-08-18 12:13:53,20240818.0
BON00001442,U0001873,2,2022-05-09 22:00:00,20220509,500.0,1,2022-05-10 01:31:43,20220510.0
BON00001443,U0001241,2,2025-02-24 10:00:00,20250224,2000.0,1,2025-03-26 10:00:00,20250326.0
BON00001444,U0002759,1,2019-08-27 08:00:00,20190827,50.0,0,,
BON00001445,U0002769,2,2024-09-27 22:00:00,20240927,2000.0,0,,
BON00001446,U0001895,2,2025-07-13 20:00:00,20250713,500.0,0,,
BON00001447,U0002159,1,2025-03-03 02:00:00,20250303,100.0,1,2025-03-05 14:40:23,20250305.0
BON00001448,U0001122,1,2019-03-23 06:00:00,20190323,50.0,1,2019-03-26 13:34:06,20190326.0
BON00001449,U0003668,5,2021-05-20 13:00:00,20210520,20000.0,0,,
BON00001450,U0001818,4,2020-07-27 16:00:00,20200727,1000.0,1,2020-07-30 01:28:51,20200730.0
BON00001451,U0003599,1,2024-12-21 18:00:00,20241221,50.0,1,2024-12-22 12:20:46,20241222.0
BON00001452,U0003470,4,2022-04-27 16:00:00,20220427,2000.0,0,,
BON00001453,U0000125,3,2021-06-17 17:00:00,20210617,2000.0,1,2021-06-20 05:28:11,20210620.0
BON00001454,U0001909,2,2021-12-13 17:00:00,20211213,10000.0,1,2021-12-15 08:31:59,20211215.0
BON00001455,U0003062,4,2021-08-09 18:00:00,20210809,3000.0,0,,
BON00001456,U0003677,1,2020-01-26 18:00:00,20200126,50.0,0,,
BON00001457,U0001293,2,2022-08-11 23:00:00,20220811,5000.0,1,2022-08-26 19:56:14,20220826.0
BON00001458,U0001561,4,2021-02-27 01:00:00,20210227,2000.0,1,2021-03-02 20:58:45,20210302.0
BON00001459,U0001633,1,2020-08-27 07:00:00,20200827,100.0,1,2020-08-28 21:16:39,20200828.0
BON00001460,U0003349,2,2024-03-18 16:00:00,20240318,10000.0,0,,
BON00001461,U0002631,1,2023-08-08 11:00:00,20230808,200.0,1,2023-08-13 16:44:23,20230813.0
BON00001462,U0003679,3,2023-02-13 16:00:00,20230213,500.0,1,2023-03-06 11:03:14,20230306.0
BON00001463,U0002836,4,2023-08-27 04:00:00,20230827,2000.0,0,,
BON00001464,U0003962,2,2021-06-30 19:00:00,20210630,2000.0,1,2021-07-03 03:37:42,20210703.0
BON00001465,U0000012,2,2023-12-29 07:00:00,20231229,2000.0,0,,
BON00001466,U0003684,3,2019-09-21 05:00:00,20190921,1000.0,1,2019-09-27 07:12:02,20190927.0
BON00001467,U0000664,3,2022-05-16 05:00:00,20220516,500.0,0,,
BON00001468,U0000290,4,2022-12-29 06:00:00,20221229,500.0,1,2023-01-03 21:09:43,20230103.0
BON00001469,U0003375,1,2021-08-07 00:00:00,20210807,200.0,0,,
BON00001470,U0001264,1,2025-06-30 04:00:00,20250630,200.0,1,2025-07-18 18:28:13,20250718.0
BON00001471,U0002364,3,2024-08-25 21:00:00,20240825,2000.0,1,2024-08-25 21:16:20,20240825.0
BON00001472,U0001284,2,2024-08-04 17:00:00,20240804,5000.0,1,2024-08-12 11:09:41,20240812.0
BON00001473,U0002782,4,2021-11-12 09:00:00,20211112,2000.0,0,,
BON00001474,U0002412,1,2025-10-07 08:00:00,20251007,50.0,1,2025-10-07 10:27:37,20251007.0
BON00001475,U0000591,1,2022-12-08 07:00:00,20221208,20.0,1,2022-12-14 17:23:08,20221214.0
BON00001476,U0000647,1,2019-01-31 05:00:00,20190131,200.0,0,,
BON00001477,U0003476,3,2022-02-21 18:00:00,20220221,500.0,0,,
BON00001478,U0001908,2,2019-06-06 20:00:00,20190606,5000.0,0,,
BON00001479,U0000790,4,2020-06-20 00:00:00,20200620,1000.0,0,,
BON00001480,U0003418,5,2021-02-05 14:00:00,20210205,20000.0,1,2021-02-09 12:01:56,20210209.0
BON00001481,U0002662,2,2019-01-02 10:00:00,20190102,1000.0,0,,
BON00001482,U0002910,3,2023-09-25 08:00:00,20230925,2000.0,1,2023-10-09 00:47:44,20231009.0
BON00001483,U0000257,1,2019-04-25 19:00:00,20190425,50.0,1,2019-04-28 20:24:58,20190428.0
BON00001484,U0001913,3,2025-08-24 05:00:00,20250824,500.0,1,2025-08-24 21:27:15,20250824.0
BON00001485,U0000382,1,2020-05-04 17:00:00,20200504,20.0,1,2020-06-03 17:00:00,20200603.0
BON00001486,U0002243,2,2024-01-27 14:00:00,20240127,10000.0,0,,
BON00001487,U0001197,1,2025-11-10 18:00:00,20251110,20.0,1,2025-11-15 07:02:56,20251115.0
BON00001488,U0002722,5,2020-03-27 21:00:00,20200327,2000.0,1,2020-04-07 00:07:54,20200407.0
BON00001489,U0002348,2,2024-06-13 12:00:00,20240613,10000.0,1,2024-06-17 02:23:38,20240617.0
BON00001490,U0001752,1,2019-03-29 05:00:00,20190329,20.0,0,,
BON00001491,U0001141,2,2024-07-10 17:00:00,20240710,5000.0,0,,
BON00001492,U0000449,2,2022-11-14 19:00:00,20221114,10000.0,0,,
BON00001493,U0000722,1,2022-10-11 18:00:00,20221011,100.0,1,2022-10-16 13:12:30,20221016.0
BON00001494,U0001304,1,2024-03-27 17:00:00,20240327,100.0,0,,
BON00001495,U0002624,2,2023-06-12 08:00:00,20230612,10000.0,0,,
BON00001496,U0000319,2,2025-10-17 11:00:00,20251017,5000.0,1,2025-10-18 01:23:14,20251018.0
BON00001497,U0002425,2,2025-08-12 00:00:00,20250812,1000.0,0,,
BON00001498,U0003022,2,2025-11-23 12:00:00,20251123,2000.0,0,,
BON00001499,U0000265,1,2020-07-15 16:00:00,20200715,20.0,1,2020-07-21 03:49:39,20200721.0
BON00001500,U0000133,3,2020-02-28 01:00:00,20200228,2000.0,1,2020-03-08 11:00:41,20200308.0
BON00001501,U0000532,2,2021-09-12 15:00:00,20210912,5000.0,0,,
BON00001502,U0000866,1,2019-03-15 18:00:00,20190315,20.0,1,2019-03-19 12:16:45,20190319.0
BON00001503,U0002312,1,2023-04-21 12:00:00,20230421,50.0,1,2023-05-19 20:43:55,20230519.0
BON00001504,U0003546,3,2019-08-19 18:00:00,20190819,2000.0,0,,
BON00001505,U0002826,2,2025-12-26 20:00:00,20251226,10000.0,1,2026-01-01 04:04:23,20260101.0
BON00001506,U0000506,1,2021-04-22 15:00:00,20210422,200.0,1,2021-05-17 13:32:52,20210517.0
BON00001507,U0000887,5,2020-12-24 22:00:00,20201224,20000.0,1,2020-12-25 17:08:34,20201225.0
BON00001508,U0000704,5,2020-12-10 05:00:00,20201210,20000.0,0,,
BON00001509,U0000482,1,2019-06-16 14:00:00,20190616,200.0,1,2019-06-18 07:49:31,20190618.0
BON00001510,U0000687,1,2022-02-05 14:00:00,20220205,100.0,0,,
BON00001511,U0001155,3,2024-10-24 22:00:00,20241024,500.0,1,2024-10-27 10:43:27,20241027.0
BON00001512,U0001152,2,2025-10-29 02:00:00,20251029,5000.0,1,2025-11-06 05:51:29,20251106.0
BON00001513,U0001020,2,2020-01-27 08:00:00,20200127,5000.0,0,,
BON00001514,U0003880,1,2020-12-06 01:00:00,20201206,200.0,1,2020-12-06 23:55:58,20201206.0
BON00001515,U0002392,4,2022-04-19 17:00:00,20220419,2000.0,1,2022-04-20 21:02:26,20220420.0
BON00001516,U0002423,2,2019-05-22 15:00:00,20190522,5000.0,1,2019-06-05 06:14:24,20190605.0
BON00001517,U0001766,5,2024-12-07 21:00:00,20241207,10000.0,0,,
BON00001518,U0002826,4,2021-04-01 15:00:00,20210401,3000.0,1,2021-04-11 20:58:41,20210411.0
BON00001519,U0002980,2,2023-01-16 22:00:00,20230116,1000.0,1,2023-02-02 08:18:56,20230202.0
BON00001520,U0001481,2,2021-09-22 19:00:00,20210922,500.0,0,,
BON00001521,U0002655,2,2022-02-21 20:00:00,20220221,5000.0,1,2022-02-22 04:49:07,20220222.0
BON00001522,U0002448,4,2022-04-08 05:00:00,20220408,1000.0,1,2022-04-14 19:53:34,20220414.0
BON00001523,U0003642,2,2023-03-21 23:00:00,20230321,2000.0,0,,
BON00001524,U0002234,4,2022-11-09 05:00:00,20221109,1000.0,1,2022-11-27 03:20:57,20221127.0
BON00001525,U0002003,1,2022-02-09 00:00:00,20220209,50.0,0,,
BON00001526,U0003908,1,2024-01-21 01:00:00,20240121,200.0,0,,
BON00001527,U0002040,1,2020-05-23 18:00:00,20200523,20.0,1,2020-06-15 10:02:04,20200615.0
BON00001528,U0000782,4,2023-04-22 08:00:00,20230422,2000.0,1,2023-04-22 13:18:53,20230422.0
BON00001529,U0000274,1,2021-04-30 19:00:00,20210430,100.0,0,,
BON00001530,U0002120,2,2025-11-11 17:00:00,20251111,1000.0,0,,
BON00001531,U0003070,2,2024-06-28 22:00:00,20240628,1000.0,0,,
BON00001532,U0002674,3,2024-04-26 19:00:00,20240426,2000.0,1,2024-04-29 11:57:52,20240429.0
BON00001533,U0001407,2,2020-08-02 20:00:00,20200802,10000.0,0,,
BON00001534,U0000193,2,2022-09-10 13:00:00,20220910,1000.0,1,2022-09-22 06:31:04,20220922.0
BON00001535,U0003212,1,2019-08-28 20:00:00,20190828,200.0,1,2019-08-29 00:13:48,20190829.0
BON00001536,U0003105,3,2022-12-15 07:00:00,20221215,500.0,1,2022-12-17 22:27:20,20221217.0
BON00001537,U0003964,3,2024-02-12 08:00:00,20240212,200.0,0,,
BON00001538,U0002008,4,2021-07-28 08:00:00,20210728,3000.0,0,,
BON00001539,U0002114,2,2019-02-10 14:00:00,20190210,500.0,1,2019-02-11 23:18:00,20190211.0
BON00001540,U0001209,1,2022-02-05 02:00:00,20220205,200.0,0,,
BON00001541,U0003782,2,2021-09-25 17:00:00,20210925,10000.0,0,,
BON00001542,U0000044,5,2019-05-13 12:00:00,20190513,20000.0,1,2019-05-15 05:39:30,20190515.0
BON00001543,U0003482,4,2022-08-03 03:00:00,20220803,500.0,1,2022-08-08 04:16:53,20220808.0
BON00001544,U0000250,2,2024-01-16 20:00:00,20240116,10000.0,1,2024-01-19 21:04:49,20240119.0
BON00001545,U0003524,1,2024-08-08 13:00:00,20240808,100.0,1,2024-08-10 03:07:13,20240810.0
BON00001546,U0001256,4,2025-02-01 19:00:00,20250201,2000.0,1,2025-02-02 16:02:36,20250202.0
BON00001547,U0001678,2,2019-08-01 07:00:00,20190801,2000.0,0,,
BON00001548,U0001748,4,2019-08-28 18:00:00,20190828,2000.0,1,2019-09-01 21:54:42,20190901.0
BON00001549,U0002412,1,2023-12-13 06:00:00,20231213,100.0,1,2023-12-28 09:22:46,20231228.0
BON00001550,U0001917,2,2024-09-10 08:00:00,20240910,2000.0,0,,
BON00001551,U0001114,1,2021-12-22 21:00:00,20211222,200.0,1,2021-12-23 09:15:55,20211223.0
BON00001552,U0002990,2,2025-01-04 10:00:00,20250104,10000.0,1,2025-01-12 14:14:03,20250112.0
BON00001553,U0000268,3,2020-12-20 19:00:00,20201220,1000.0,1,2020-12-25 07:49:50,20201225.0
BON00001554,U0003109,1,2025-06-04 18:00:00,20250604,20.0,1,2025-06-10 23:54:50,20250610.0
BON00001555,U0001694,2,2024-02-14 09:00:00,20240214,500.0,1,2024-02-14 19:05:26,20240214.0
BON00001556,U0003022,1,2024-12-22 08:00:00,20241222,20.0,0,,
BON00001557,U0000599,2,2024-10-31 06:00:00,20241031,1000.0,1,2024-11-06 02:02:16,20241106.0
BON00001558,U0002969,2,2021-04-01 13:00:00,20210401,1000.0,1,2021-04-08 22:12:12,20210408.0
BON00001559,U0003873,2,2022-06-10 14:00:00,20220610,1000.0,0,,
BON00001560,U0003381,1,2021-01-30 08:00:00,20210130,20.0,0,,
BON00001561,U0003066,3,2020-01-05 07:00:00,20200105,500.0,0,,
BON00001562,U0001680,2,2024-12-14 07:00:00,20241214,1000.0,0,,
BON00001563,U0003573,2,2020-12-19 21:00:00,20201219,500.0,1,2020-12-28 01:28:57,20201228.0
BON00001564,U0002510,1,2025-02-07 08:00:00,20250207,50.0,1,2025-02-10 19:03:51,20250210.0
BON00001565,U0000498,2,2022-02-02 13:00:00,20220202,5000.0,1,2022-02-05 04:06:57,20220205.0
BON00001566,U0003049,2,2022-12-12 08:00:00,20221212,5000.0,1,2022-12-17 13:25:52,20221217.0
BON00001567,U0003104,2,2019-12-08 15:00:00,20191208,500.0,0,,
BON00001568,U0000424,2,2021-01-04 03:00:00,20210104,500.0,0,,
BON00001569,U0002083,3,2025-04-27 06:00:00,20250427,200.0,0,,
BON00001570,U0002070,2,2024-12-20 01:00:00,20241220,5000.0,1,2025-01-06 11:44:13,20250106.0
BON00001571,U0003725,2,2021-09-19 05:00:00,20210919,5000.0,0,,
BON00001572,U0000252,2,2024-04-27 03:00:00,20240427,1000.0,1,2024-05-01 01:56:17,20240501.0
BON00001573,U0002391,1,2025-11-19 16:00:00,20251119,50.0,1,2025-11-20 02:36:39,20251120.0
BON00001574,U0001556,3,2023-08-14 23:00:00,20230814,500.0,1,2023-08-18 22:20:33,20230818.0
BON00001575,U0002895,2,2019-06-26 03:00:00,20190626,2000.0,1,2019-06-29 01:02:17,20190629.0
BON00001576,U0000122,4,2025-09-28 03:00:00,20250928,1000.0,1,2025-10-04 18:55:26,20251004.0
BON00001577,U0003618,4,2024-01-29 02:00:00,20240129,1000.0,1,2024-02-09 10:17:41,20240209.0
BON00001578,U0000099,2,2022-10-22 11:00:00,20221022,10000.0,1,2022-10-30 04:54:43,20221030.0
BON00001579,U0000894,2,2020-10-04 04:00:00,20201004,5000.0,0,,
BON00001580,U0001332,4,2021-12-03 20:00:00,20211203,3000.0,1,2021-12-09 19:55:44,20211209.0
BON00001581,U0002270,1,2020-01-29 21:00:00,20200129,20.0,1,2020-01-30 02:43:51,20200130.0
BON00001582,U0000849,4,2023-05-02 17:00:00,20230502,500.0,1,2023-05-04 08:34:39,20230504.0
BON00001583,U0003597,1,2022-03-06 09:00:00,20220306,50.0,1,2022-03-08 08:37:57,20220308.0
BON00001584,U0002804,2,2019-10-12 05:00:00,20191012,10000.0,1,2019-10-13 06:44:45,20191013.0
BON00001585,U0001587,2,2024-03-22 16:00:00,20240322,10000.0,1,2024-03-26 08:24:48,20240326.0
BON00001586,U0002664,1,2020-11-25 12:00:00,20201125,100.0,1,2020-11-29 10:31:52,20201129.0
BON00001587,U0001526,2,2023-03-09 17:00:00,20230309,5000.0,0,,
BON00001588,U0000359,3,2019-11-30 14:00:00,20191130,2000.0,0,,
BON00001589,U0000964,4,2020-05-11 05:00:00,20200511,500.0,1,2020-05-12 18:21:17,20200512.0
BON00001590,U0000154,1,2023-05-03 03:00:00,20230503,100.0,0,,
BON00001591,U0001206,1,2021-08-05 12:00:00,20210805,100.0,0,,
BON00001592,U0001656,4,2024-12-12 12:00:00,20241212,500.0,0,,
BON00001593,U0001406,2,2019-11-22 17:00:00,20191122,500.0,1,2019-11-26 15:22:05,20191126.0
BON00001594,U0003794,1,2021-02-26 16:00:00,20210226,20.0,1,2021-03-22 15:16:10,20210322.0
BON00001595,U0002231,4,2024-03-10 04:00:00,20240310,3000.0,0,,
BON00001596,U0003582,1,2022-06-26 20:00:00,20220626,20.0,1,2022-06-27 04:24:59,20220627.0
BON00001597,U0001798,1,2019-08-15 02:00:00,20190815,200.0,1,2019-08-30 21:08:37,20190830.0
BON00001598,U0001349,2,2019-03-13 23:00:00,20190313,2000.0,1,2019-03-22 23:55:48,20190322.0
BON00001599,U0001968,2,2025-02-24 22:00:00,20250224,2000.0,0,,
BON00001600,U0002319,2,2019-11-07 18:00:00,20191107,10000.0,1,2019-11-29 02:32:31,20191129.0
BON00001601,U0003104,1,2020-02-03 05:00:00,20200203,50.0,1,2020-02-07 07:01:35,20200207.0
BON00001602,U0002695,1,2022-09-04 12:00:00,20220904,100.0,1,2022-09-04 23:24:42,20220904.0
BON00001603,U0000467,1,2024-01-03 11:00:00,20240103,200.0,1,2024-01-06 02:25:21,20240106.0
BON00001604,U0002551,2,2021-08-18 08:00:00,20210818,2000.0,1,2021-08-19 07:15:41,20210819.0
BON00001605,U0003290,4,2021-07-09 15:00:00,20210709,3000.0,1,2021-07-15 04:40:19,20210715.0
BON00001606,U0003570,1,2024-05-07 01:00:00,20240507,100.0,0,,
BON00001607,U0003787,1,2022-03-13 19:00:00,20220313,200.0,0,,
BON00001608,U0000351,2,2025-06-21 04:00:00,20250621,500.0,0,,
BON00001609,U0003062,2,2020-07-16 00:00:00,20200716,1000.0,1,2020-07-20 15:41:28,20200720.0
BON00001610,U0002375,1,2021-04-03 12:00:00,20210403,200.0,0,,
BON00001611,U0000366,4,2019-01-14 03:00:00,20190114,1000.0,0,,
BON00001612,U0002004,5,2023-01-02 10:00:00,20230102,5000.0,1,2023-01-06 02:37:10,20230106.0
BON00001613,U0000563,1,2024-07-10 19:00:00,20240710,100.0,0,,
BON00001614,U0002296,1,2022-04-16 18:00:00,20220416,20.0,1,2022-04-18 14:40:10,20220418.0
BON00001615,U0000174,2,2022-09-05 09:00:00,20220905,5000.0,0,,
BON00001616,U0000896,2,2025-10-17 02:00:00,20251017,5000.0,1,2025-10-20 14:40:57,20251020.0
BON00001617,U0002876,2,2019-05-06 02:00:00,20190506,500.0,1,2019-05-13 07:59:02,20190513.0
BON00001618,U0003284,2,2024-06-15 17:00:00,20240615,500.0,1,2024-07-01 14:27:48,20240701.0
BON00001619,U0000638,3,2024-09-29 00:00:00,20240929,500.0,1,2024-10-02 22:15:26,20241002.0
BON00001620,U0003689,2,2020-10-11 02:00:00,20201011,2000.0,1,2020-11-08 08:17:43,20201108.0
BON00001621,U0001929,3,2025-09-19 08:00:00,20250919,500.0,1,2025-09-22 05:19:04,20250922.0
BON00001622,U0001306,1,2019-08-28 03:00:00,20190828,20.0,0,,
BON00001623,U0000680,1,2023-12-08 17:00:00,20231208,50.0,1,2023-12-10 10:26:14,20231210.0
BON00001624,U0002407,1,2024-10-11 20:00:00,20241011,20.0,1,2024-10-20 03:34:22,20241020.0
BON00001625,U0002437,1,2022-11-21 13:00:00,20221121,100.0,0,,
BON00001626,U0002494,1,2020-12-24 04:00:00,20201224,50.0,1,2020-12-27 22:13:30,20201227.0
BON00001627,U0000599,1,2021-05-02 21:00:00,20210502,20.0,1,2021-05-07 04:17:18,20210507.0
BON00001628,U0002880,1,2022-09-20 05:00:00,20220920,20.0,1,2022-10-08 11:39:25,20221008.0
BON00001629,U0000646,2,2019-05-23 03:00:00,20190523,5000.0,1,2019-05-31 03:19:48,20190531.0
BON00001630,U0002819,1,2022-04-16 20:00:00,20220416,20.0,1,2022-04-19 05:34:38,20220419.0
BON00001631,U0002880,2,2025-04-18 04:00:00,20250418,10000.0,1,2025-04-23 14:46:41,20250423.0
BON00001632,U0002435,1,2019-07-09 07:00:00,20190709,200.0,1,2019-07-16 09:40:54,20190716.0
BON00001633,U0000851,1,2025-02-09 17:00:00,20250209,200.0,1,2025-02-14 21:02:42,20250214.0
BON00001634,U0000574,4,2020-07-04 02:00:00,20200704,2000.0,1,2020-07-04 17:38:39,20200704.0
BON00001635,U0003296,1,2019-07-20 17:00:00,20190720,200.0,0,,
BON00001636,U0002946,1,2022-08-25 02:00:00,20220825,20.0,1,2022-08-25 18:53:14,20220825.0
BON00001637,U0000834,2,2022-01-10 15:00:00,20220110,1000.0,1,2022-01-19 08:43:59,20220119.0
BON00001638,U0002471,4,2019-10-19 22:00:00,20191019,3000.0,1,2019-10-28 16:20:43,20191028.0
BON00001639,U0000928,4,2025-08-17 21:00:00,20250817,1000.0,1,2025-08-29 15:07:31,20250829.0
BON00001640,U0002337,1,2020-05-06 12:00:00,20200506,100.0,1,2020-05-08 23:22:00,20200508.0
BON00001641,U0003539,2,2025-12-12 12:00:00,20251212,1000.0,0,,
BON00001642,U0001947,2,2020-10-13 08:00:00,20201013,10000.0,0,,
BON00001643,U0003026,3,2024-12-30 18:00:00,20241230,500.0,0,,
BON00001644,U0001730,2,2023-12-18 03:00:00,20231218,500.0,1,2023-12-20 11:50:56,20231220.0
BON00001645,U0001593,2,2023-11-24 07:00:00,20231124,2000.0,1,2023-12-01 23:00:00,20231201.0
BON00001646,U0000401,1,2020-10-28 05:00:00,20201028,200.0,1,2020-11-08 21:06:38,20201108.0
BON00001647,U0000802,1,2020-06-04 06:00:00,20200604,50.0,1,2020-06-05 08:54:05,20200605.0
BON00001648,U0003315,3,2023-10-30 04:00:00,20231030,1000.0,1,2023-10-30 20:39:03,20231030.0
BON00001649,U0000745,2,2019-01-11 03:00:00,20190111,500.0,1,2019-01-14 13:03:29,20190114.0
BON00001650,U0001011,1,2020-03-05 02:00:00,20200305,20.0,1,2020-03-21 13:52:52,20200321.0
BON00001651,U0003476,2,2021-02-23 17:00:00,20210223,1000.0,1,2021-02-24 10:15:20,20210224.0
BON00001652,U0002921,2,2025-01-15 17:00:00,20250115,5000.0,0,,
BON00001653,U0002826,4,2023-02-13 10:00:00,20230213,500.0,0,,
BON00001654,U0002316,1,2019-03-22 19:00:00,20190322,50.0,1,2019-03-28 02:15:52,20190328.0
BON00001655,U0003633,3,2019-04-08 22:00:00,20190408,200.0,0,,
BON00001656,U0000710,2,2021-09-13 20:00:00,20210913,5000.0,1,2021-09-26 07:46:56,20210926.0
BON00001657,U0003539,1,2021-04-13 16:00:00,20210413,20.0,0,,
BON00001658,U0002793,1,2025-10-05 13:00:00,20251005,20.0,1,2025-10-12 17:52:36,20251012.0
BON00001659,U0002331,2,2020-11-30 01:00:00,20201130,5000.0,0,,
BON00001660,U0000835,2,2024-09-07 13:00:00,20240907,500.0,1,2024-09-23 19:52:10,20240923.0
BON00001661,U0002231,4,2022-01-25 19:00:00,20220125,2000.0,1,2022-01-28 08:26:19,20220128.0
BON00001662,U0001082,2,2021-05-04 09:00:00,20210504,1000.0,0,,
BON00001663,U0000674,4,2021-05-15 04:00:00,20210515,1000.0,1,2021-05-15 12:24:24,20210515.0
BON00001664,U0001716,2,2022-07-03 10:00:00,20220703,5000.0,0,,
BON00001665,U0000903,1,2025-11-29 21:00:00,20251129,20.0,1,2025-12-04 13:02:51,20251204.0
BON00001666,U0001378,2,2023-11-28 01:00:00,20231128,2000.0,0,,
BON00001667,U0002617,2,2021-04-09 22:00:00,20210409,5000.0,1,2021-04-10 21:44:30,20210410.0
BON00001668,U0003378,1,2024-10-09 12:00:00,20241009,100.0,1,2024-10-13 11:50:44,20241013.0
BON00001669,U0003045,3,2025-05-29 20:00:00,20250529,1000.0,0,,
BON00001670,U0000956,4,2022-01-29 19:00:00,20220129,3000.0,1,2022-01-30 02:43:50,20220130.0
BON00001671,U0001513,1,2023-07-06 07:00:00,20230706,200.0,0,,
BON00001672,U0002346,1,2022-12-07 05:00:00,20221207,50.0,0,,
BON00001673,U0002300,2,2021-07-24 05:00:00,20210724,5000.0,0,,
BON00001674,U0000910,2,2020-09-07 04:00:00,20200907,2000.0,0,,
BON00001675,U0000290,2,2020-01-22 21:00:00,20200122,1000.0,1,2020-02-04 21:02:49,20200204.0
BON00001676,U0002207,2,2022-05-01 02:00:00,20220501,500.0,0,,
BON00001677,U0003967,2,2020-04-22 01:00:00,20200422,5000.0,0,,
BON00001678,U0000851,2,2025-06-17 02:00:00,20250617,500.0,1,2025-06-20 06:19:39,20250620.0
BON00001679,U0000714,3,2021-05-01 13:00:00,20210501,1000.0,1,2021-05-04 07:03:47,20210504.0
BON00001680,U0002007,3,2022-12-22 01:00:00,20221222,2000.0,0,,
BON00001681,U0002348,2,2021-06-22 09:00:00,20210622,5000.0,1,2021-06-23 16:18:18,20210623.0
BON00001682,U0003932,2,2025-11-05 23:00:00,20251105,500.0,0,,
BON00001683,U0002403,2,2020-03-01 20:00:00,20200301,2000.0,1,2020-03-05 19:28:11,20200305.0
BON00001684,U0000756,5,2025-10-06 10:00:00,20251006,5000.0,1,2025-10-16 07:47:23,20251016.0
BON00001685,U0002689,5,2025-07-06 22:00:00,20250706,10000.0,1,2025-07-08 06:46:26,20250708.0
BON00001686,U0003320,1,2020-09-12 21:00:00,20200912,100.0,0,,
BON00001687,U0002147,4,2024-02-10 20:00:00,20240210,2000.0,1,2024-02-14 18:48:41,20240214.0
BON00001688,U0000678,1,2021-03-13 22:00:00,20210313,50.0,1,2021-03-24 01:29:48,20210324.0
BON00001689,U0001911,5,2021-04-01 11:00:00,20210401,10000.0,1,2021-04-04 11:26:41,20210404.0
BON00001690,U0003432,2,2019-05-25 21:00:00,20190525,5000.0,1,2019-06-01 00:25:57,20190601.0
BON00001691,U0001654,2,2024-11-05 22:00:00,20241105,5000.0,0,,
BON00001692,U0000511,4,2023-06-04 07:00:00,20230604,3000.0,1,2023-06-09 02:54:21,20230609.0
BON00001693,U0002915,2,2021-06-03 23:00:00,20210603,1000.0,1,2021-07-03 23:00:00,20210703.0
BON00001694,U0003140,4,2023-08-12 17:00:00,20230812,2000.0,0,,
BON00001695,U0001103,1,2020-03-31 15:00:00,20200331,50.0,1,2020-04-22 19:26:07,20200422.0
BON00001696,U0002926,1,2025-10-06 22:00:00,20251006,20.0,1,2025-10-23 05:10:59,20251023.0
BON00001697,U0002847,1,2025-01-24 16:00:00,20250124,20.0,0,,
BON00001698,U0002538,5,2019-01-09 01:00:00,20190109,5000.0,0,,
BON00001699,U0001613,2,2021-06-27 07:00:00,20210627,10000.0,1,2021-06-28 02:19:12,20210628.0
BON00001700,U0003551,5,2023-08-23 05:00:00,20230823,2000.0,1,2023-08-23 20:55:47,20230823.0
BON00001701,U0000907,1,2020-07-14 05:00:00,20200714,200.0,0,,
BON00001702,U0000269,2,2021-12-24 22:00:00,20211224,5000.0,1,2022-01-09 18:36:44,20220109.0
BON00001703,U0002137,1,2019-03-26 21:00:00,20190326,100.0,0,,
BON00001704,U0000286,4,2019-05-14 00:00:00,20190514,1000.0,0,,
BON00001705,U0001455,2,2024-12-18 11:00:00,20241218,10000.0,1,2024-12-18 21:48:57,20241218.0
BON00001706,U0003506,4,2022-04-24 21:00:00,20220424,2000.0,0,,
BON00001707,U0002433,1,2023-12-08 19:00:00,20231208,200.0,0,,
BON00001708,U0000219,1,2022-02-06 08:00:00,20220206,200.0,1,2022-02-13 18:00:23,20220213.0
BON00001709,U0002887,2,2025-07-10 07:00:00,20250710,10000.0,1,2025-07-22 11:48:24,20250722.0
BON00001710,U0003851,2,2022-08-08 10:00:00,20220808,5000.0,1,2022-08-08 21:54:57,20220808.0
BON00001711,U0000196,2,2023-03-30 03:00:00,20230330,5000.0,0,,
BON00001712,U0000368,2,2025-03-16 08:00:00,20250316,5000.0,1,2025-03-19 02:08:58,20250319.0
BON00001713,U0002675,2,2021-05-13 11:00:00,20210513,2000.0,0,,
BON00001714,U0001160,2,2025-05-08 11:00:00,20250508,500.0,0,,
BON00001715,U0002722,2,2022-09-27 11:00:00,20220927,1000.0,1,2022-10-07 04:08:07,20221007.0
BON00001716,U0003668,3,2024-05-29 06:00:00,20240529,1000.0,0,,
BON00001717,U0002119,2,2019-12-19 22:00:00,20191219,10000.0,0,,
BON00001718,U0000728,4,2022-03-22 05:00:00,20220322,3000.0,1,2022-03-22 16:11:21,20220322.0
BON00001719,U0000438,2,2021-01-15 07:00:00,20210115,2000.0,1,2021-01-16 20:40:08,20210116.0
BON00001720,U0001897,2,2025-07-31 05:00:00,20250731,10000.0,1,2025-07-31 07:55:22,20250731.0
BON00001721,U0002109,1,2021-04-10 22:00:00,20210410,50.0,1,2021-04-17 17:24:07,20210417.0
BON00001722,U0001186,2,2021-08-12 03:00:00,20210812,500.0,1,2021-08-18 00:45:27,20210818.0
BON00001723,U0002433,1,2022-10-27 22:00:00,20221027,20.0,1,2022-11-08 23:27:59,20221108.0
BON00001724,U0000855,3,2025-07-12 04:00:00,20250712,500.0,1,2025-07-14 16:22:55,20250714.0
BON00001725,U0001137,2,2021-07-06 01:00:00,20210706,10000.0,1,2021-07-10 04:23:21,20210710.0
BON00001726,U0001281,1,2020-05-26 19:00:00,20200526,200.0,0,,
BON00001727,U0003550,1,2019-01-15 10:00:00,20190115,100.0,1,2019-01-29 01:05:47,20190129.0
BON00001728,U0002416,2,2021-04-24 11:00:00,20210424,2000.0,1,2021-05-06 06:32:43,20210506.0
BON00001729,U0003771,2,2019-09-03 13:00:00,20190903,5000.0,1,2019-09-17 19:37:21,20190917.0
BON00001730,U0001788,1,2019-04-19 08:00:00,20190419,20.0,0,,
BON00001731,U0003257,2,2023-05-16 10:00:00,20230516,10000.0,1,2023-05-18 22:55:09,20230518.0
BON00001732,U0004000,2,2025-11-30 21:00:00,20251130,1000.0,0,,
BON00001733,U0001383,1,2021-04-19 21:00:00,20210419,20.0,0,,
BON00001734,U0003900,1,2024-09-09 16:00:00,20240909,200.0,0,,
BON00001735,U0003979,1,2022-09-03 16:00:00,20220903,20.0,1,2022-09-10 03:31:17,20220910.0
BON00001736,U0001897,2,2019-10-05 06:00:00,20191005,2000.0,0,,
BON00001737,U0002389,1,2025-11-05 03:00:00,20251105,200.0,0,,
BON00001738,U0001444,2,2024-12-09 07:00:00,20241209,2000.0,0,,
BON00001739,U0000939,2,2019-04-03 16:00:00,20190403,5000.0,1,2019-04-19 12:31:25,20190419.0
BON00001740,U0002303,1,2025-07-08 03:00:00,20250708,50.0,1,2025-07-13 13:05:56,20250713.0
BON00001741,U0001662,2,2023-03-22 15:00:00,20230322,500.0,1,2023-04-02 20:16:39,20230402.0
BON00001742,U0000934,1,2024-09-23 12:00:00,20240923,50.0,1,2024-09-28 20:55:40,20240928.0
BON00001743,U0001662,3,2023-01-30 11:00:00,20230130,200.0,0,,
BON00001744,U0003454,3,2022-07-29 14:00:00,20220729,200.0,1,2022-07-30 13:42:45,20220730.0
BON00001745,U0000360,2,2019-09-13 17:00:00,20190913,500.0,1,2019-09-23 13:22:43,20190923.0
BON00001746,U0000473,2,2019-06-17 12:00:00,20190617,5000.0,1,2019-06-19 10:54:02,20190619.0
BON00001747,U0002882,1,2022-07-04 17:00:00,20220704,50.0,1,2022-07-09 09:41:22,20220709.0
BON00001748,U0001644,2,2020-12-28 12:00:00,20201228,2000.0,0,,
BON00001749,U0003552,1,2022-11-19 06:00:00,20221119,200.0,1,2022-11-27 18:22:12,20221127.0
BON00001750,U0000240,2,2022-01-18 22:00:00,20220118,2000.0,0,,
BON00001751,U0003375,2,2024-04-20 09:00:00,20240420,500.0,1,2024-04-21 21:39:32,20240421.0
BON00001752,U0003098,3,2020-09-09 18:00:00,20200909,500.0,1,2020-09-11 22:28:33,20200911.0
BON00001753,U0001701,5,2025-10-01 02:00:00,20251001,5000.0,0,,
BON00001754,U0000589,4,2019-12-04 02:00:00,20191204,1000.0,1,2019-12-08 18:36:11,20191208.0
BON00001755,U0002933,2,2020-02-27 06:00:00,20200227,10000.0,1,2020-03-07 23:16:35,20200307.0
BON00001756,U0002788,4,2025-05-15 12:00:00,20250515,2000.0,1,2025-05-20 23:16:05,20250520.0
BON00001757,U0000066,2,2021-08-06 22:00:00,20210806,1000.0,1,2021-08-07 18:15:24,20210807.0
BON00001758,U0002558,2,2024-04-04 23:00:00,20240404,5000.0,1,2024-04-12 16:42:03,20240412.0
BON00001759,U0001897,4,2019-03-30 17:00:00,20190330,500.0,1,2019-04-01 04:34:45,20190401.0
BON00001760,U0000729,1,2021-06-25 12:00:00,20210625,20.0,1,2021-07-01 00:40:00,20210701.0
BON00001761,U0002253,2,2023-12-29 07:00:00,20231229,10000.0,0,,
BON00001762,U0001206,2,2019-06-19 21:00:00,20190619,1000.0,1,2019-07-04 08:08:54,20190704.0
BON00001763,U0003210,2,2020-08-06 06:00:00,20200806,1000.0,1,2020-08-09 12:03:06,20200809.0
BON00001764,U0001177,1,2024-01-24 19:00:00,20240124,100.0,1,2024-01-26 22:20:25,20240126.0
BON00001765,U0001211,2,2024-04-04 05:00:00,20240404,500.0,0,,
BON00001766,U0000104,1,2022-06-12 06:00:00,20220612,200.0,1,2022-06-15 12:24:06,20220615.0
BON00001767,U0001593,3,2020-07-01 19:00:00,20200701,1000.0,0,,
BON00001768,U0002534,1,2020-02-13 13:00:00,20200213,200.0,1,2020-02-14 04:19:36,20200214.0
BON00001769,U0002834,3,2022-04-08 08:00:00,20220408,200.0,1,2022-04-14 14:53:25,20220414.0
BON00001770,U0003994,2,2022-11-12 02:00:00,20221112,1000.0,1,2022-11-18 01:04:00,20221118.0
BON00001771,U0000185,1,2022-07-18 01:00:00,20220718,200.0,1,2022-07-26 01:59:37,20220726.0
BON00001772,U0001098,2,2024-01-20 15:00:00,20240120,1000.0,1,2024-01-22 05:59:25,20240122.0
BON00001773,U0003306,1,2024-02-12 10:00:00,20240212,50.0,1,2024-02-13 22:23:50,20240213.0
BON00001774,U0002368,2,2022-07-04 09:00:00,20220704,1000.0,0,,
BON00001775,U0000274,4,2025-05-31 10:00:00,20250531,1000.0,0,,
BON00001776,U0000149,1,2025-11-26 21:00:00,20251126,100.0,0,,
BON00001777,U0001911,4,2024-12-25 23:00:00,20241225,2000.0,0,,
BON00001778,U0003743,2,2019-01-12 13:00:00,20190112,5000.0,0,,
BON00001779,U0001972,1,2023-10-27 11:00:00,20231027,50.0,0,,
BON00001780,U0003515,4,2023-09-08 20:00:00,20230908,500.0,0,,
BON00001781,U0003540,1,2024-12-29 23:00:00,20241229,50.0,1,2024-12-31 17:32:06,20241231.0
BON00001782,U0002131,5,2021-09-15 05:00:00,20210915,2000.0,1,2021-09-22 10:38:04,20210922.0
BON00001783,U0001203,1,2022-09-11 04:00:00,20220911,20.0,0,,
BON00001784,U0000437,1,2022-07-14 22:00:00,20220714,20.0,1,2022-07-20 15:50:15,20220720.0
BON00001785,U0001636,4,2023-07-05 08:00:00,20230705,3000.0,1,2023-07-10 12:49:26,20230710.0
BON00001786,U0002157,1,2022-12-04 05:00:00,20221204,200.0,1,2022-12-15 18:43:20,20221215.0
BON00001787,U0003302,3,2025-04-25 21:00:00,20250425,200.0,1,2025-04-28 04:57:38,20250428.0
BON00001788,U0001667,4,2024-07-03 19:00:00,20240703,1000.0,1,2024-07-05 21:48:30,20240705.0
BON00001789,U0001884,3,2022-10-13 01:00:00,20221013,1000.0,1,2022-10-20 12:16:17,20221020.0
BON00001790,U0002108,4,2025-03-02 23:00:00,20250302,3000.0,1,2025-03-06 11:49:56,20250306.0
BON00001791,U0003744,1,2020-10-23 00:00:00,20201023,50.0,0,,
BON00001792,U0003254,1,2023-10-13 06:00:00,20231013,100.0,1,2023-10-16 19:29:36,20231016.0
BON00001793,U0001402,1,2023-10-24 10:00:00,20231024,20.0,0,,
BON00001794,U0003303,1,2025-11-28 21:00:00,20251128,20.0,0,,
BON00001795,U0001378,2,2025-02-14 12:00:00,20250214,2000.0,0,,
BON00001796,U0000799,2,2024-06-30 08:00:00,20240630,2000.0,1,2024-07-07 12:56:52,20240707.0
BON00001797,U0002703,1,2025-09-21 21:00:00,20250921,100.0,1,2025-09-25 08:06:18,20250925.0
BON00001798,U0002841,1,2025-10-05 08:00:00,20251005,100.0,0,,
BON00001799,U0003134,5,2023-05-04 04:00:00,20230504,10000.0,1,2023-05-06 21:45:57,20230506.0
BON00001800,U0003614,5,2020-12-08 10:00:00,20201208,10000.0,0,,
BON00001801,U0000007,2,2023-09-23 13:00:00,20230923,1000.0,1,2023-09-26 13:05:00,20230926.0
BON00001802,U0001078,2,2025-11-15 01:00:00,20251115,5000.0,1,2025-11-20 01:52:01,20251120.0
BON00001803,U0000880,4,2025-03-22 00:00:00,20250322,1000.0,1,2025-03-25 11:10:28,20250325.0
BON00001804,U0001940,4,2019-04-15 06:00:00,20190415,500.0,0,,
BON00001805,U0000666,1,2019-09-19 05:00:00,20190919,100.0,0,,
BON00001806,U0003684,2,2024-02-10 14:00:00,20240210,2000.0,0,,
BON00001807,U0003060,1,2023-11-04 06:00:00,20231104,100.0,1,2023-11-12 05:12:50,20231112.0
BON00001808,U0002160,1,2024-05-07 21:00:00,20240507,50.0,0,,
BON00001809,U0002211,2,2019-10-22 10:00:00,20191022,500.0,0,,
BON00001810,U0000881,1,2019-08-08 06:00:00,20190808,50.0,1,2019-08-09 21:17:04,20190809.0
BON00001811,U0000956,1,2024-06-25 14:00:00,20240625,50.0,1,2024-06-28 06:19:12,20240628.0
BON00001812,U0000279,1,2023-11-13 04:00:00,20231113,100.0,0,,
BON00001813,U0003109,1,2022-09-20 19:00:00,20220920,50.0,1,2022-09-27 04:13:07,20220927.0
BON00001814,U0000978,2,2024-12-24 20:00:00,20241224,10000.0,1,2024-12-25 17:33:22,20241225.0
BON00001815,U0001814,1,2025-01-11 02:00:00,20250111,200.0,0,,
BON00001816,U0003782,2,2020-12-29 13:00:00,20201229,500.0,1,2021-01-02 13:53:27,20210102.0
BON00001817,U0001434,2,2022-10-26 03:00:00,20221026,10000.0,1,2022-10-30 09:06:16,20221030.0
BON00001818,U0003628,1,2025-11-11 10:00:00,20251111,20.0,1,2025-11-11 11:22:25,20251111.0
BON00001819,U0003373,1,2023-04-15 09:00:00,20230415,50.0,1,2023-04-25 01:42:55,20230425.0
BON00001820,U0002814,2,2025-04-08 00:00:00,20250408,1000.0,1,2025-04-22 14:55:47,20250422.0
BON00001821,U0003484,2,2021-07-12 20:00:00,20210712,10000.0,1,2021-07-16 01:54:13,20210716.0
BON00001822,U0000161,1,2021-11-20 19:00:00,20211120,20.0,1,2021-11-21 21:08:06,20211121.0
BON00001823,U0001274,1,2019-10-07 15:00:00,20191007,20.0,0,,
BON00001824,U0000412,2,2023-05-26 15:00:00,20230526,10000.0,1,2023-06-09 10:40:20,20230609.0
BON00001825,U0001691,1,2023-09-27 22:00:00,20230927,100.0,1,2023-10-01 03:23:56,20231001.0
BON00001826,U0002448,3,2020-10-15 13:00:00,20201015,1000.0,0,,
BON00001827,U0003219,4,2023-07-07 02:00:00,20230707,1000.0,1,2023-07-19 20:07:09,20230719.0
BON00001828,U0001253,2,2023-09-09 07:00:00,20230909,500.0,0,,
BON00001829,U0002002,2,2022-06-18 04:00:00,20220618,10000.0,1,2022-07-06 15:10:09,20220706.0
BON00001830,U0000396,1,2023-06-23 22:00:00,20230623,50.0,1,2023-06-26 08:39:41,20230626.0
BON00001831,U0002231,2,2019-10-14 16:00:00,20191014,1000.0,1,2019-10-21 13:41:23,20191021.0
BON00001832,U0000509,1,2019-05-18 19:00:00,20190518,20.0,0,,
BON00001833,U0001647,1,2019-05-24 13:00:00,20190524,20.0,1,2019-06-20 09:46:31,20190620.0
BON00001834,U0001076,5,2025-07-22 11:00:00,20250722,2000.0,1,2025-07-29 18:43:58,20250729.0
BON00001835,U0002632,2,2025-12-17 06:00:00,20251217,1000.0,0,,
BON00001836,U0000496,1,2020-03-20 01:00:00,20200320,20.0,1,2020-03-27 14:27:14,20200327.0
BON00001837,U0002548,2,2022-11-15 15:00:00,20221115,2000.0,0,,
BON00001838,U0002830,2,2021-05-29 22:00:00,20210529,5000.0,0,,
BON00001839,U0003539,3,2023-06-19 02:00:00,20230619,1000.0,0,,
BON00001840,U0002944,1,2024-09-24 09:00:00,20240924,50.0,1,2024-09-24 12:03:50,20240924.0
BON00001841,U0002781,2,2021-09-29 19:00:00,20210929,500.0,0,,
BON00001842,U0000605,2,2023-07-23 04:00:00,20230723,500.0,1,2023-07-25 06:29:15,20230725.0
BON00001843,U0002386,2,2025-03-01 16:00:00,20250301,2000.0,1,2025-03-04 23:49:04,20250304.0
BON00001844,U0002222,5,2024-01-07 05:00:00,20240107,20000.0,0,,
BON00001845,U0003400,2,2023-08-04 00:00:00,20230804,10000.0,1,2023-08-05 12:01:33,20230805.0
BON00001846,U0000706,1,2022-08-29 17:00:00,20220829,20.0,1,2022-09-02 22:18:28,20220902.0
BON00001847,U0001502,4,2020-02-24 14:00:00,20200224,3000.0,1,2020-03-11 00:19:30,20200311.0
BON00001848,U0000701,3,2023-06-11 03:00:00,20230611,2000.0,1,2023-06-21 14:04:41,20230621.0
BON00001849,U0001618,1,2021-01-09 03:00:00,20210109,20.0,1,2021-01-09 09:52:31,20210109.0
BON00001850,U0003783,5,2019-01-19 11:00:00,20190119,10000.0,0,,
BON00001851,U0003213,5,2025-03-10 14:00:00,20250310,2000.0,1,2025-03-11 21:57:15,20250311.0
BON00001852,U0000689,2,2022-08-29 06:00:00,20220829,1000.0,1,2022-09-22 13:07:35,20220922.0
BON00001853,U0003344,1,2019-02-24 00:00:00,20190224,100.0,1,2019-03-01 18:18:02,20190301.0
BON00001854,U0002284,2,2025-07-23 16:00:00,20250723,1000.0,1,2025-07-24 13:01:59,20250724.0
BON00001855,U0000044,2,2025-05-18 04:00:00,20250518,1000.0,1,2025-05-24 21:41:51,20250524.0
BON00001856,U0001472,4,2022-03-31 10:00:00,20220331,1000.0,0,,
BON00001857,U0001528,2,2019-09-28 02:00:00,20190928,2000.0,0,,
BON00001858,U0002121,2,2019-04-09 21:00:00,20190409,2000.0,0,,
BON00001859,U0001889,3,2021-11-27 00:00:00,20211127,2000.0,1,2021-12-09 18:27:22,20211209.0
BON00001860,U0002605,1,2024-10-24 07:00:00,20241024,200.0,0,,
BON00001861,U0000793,2,2024-04-14 03:00:00,20240414,5000.0,1,2024-04-17 08:28:00,20240417.0
BON00001862,U0002258,1,2023-12-17 15:00:00,20231217,200.0,1,2023-12-31 03:09:40,20231231.0
BON00001863,U0000738,4,2024-01-22 20:00:00,20240122,500.0,1,2024-02-02 21:06:42,20240202.0
BON00001864,U0002227,4,2025-03-11 22:00:00,20250311,3000.0,0,,
BON00001865,U0000341,5,2025-06-11 03:00:00,20250611,5000.0,0,,
BON00001866,U0001209,2,2019-10-31 13:00:00,20191031,500.0,0,,
BON00001867,U0000825,3,2019-03-27 07:00:00,20190327,200.0,1,2019-03-31 18:35:34,20190331.0
BON00001868,U0003001,1,2025-04-09 19:00:00,20250409,50.0,1,2025-04-17 07:45:02,20250417.0
BON00001869,U0001929,2,2019-02-13 20:00:00,20190213,500.0,0,,
BON00001870,U0001250,3,2021-09-28 04:00:00,20210928,200.0,0,,
BON00001871,U0003607,2,2022-09-02 09:00:00,20220902,1000.0,1,2022-09-11 21:11:32,20220911.0
BON00001872,U0003408,3,2021-01-08 02:00:00,20210108,2000.0,0,,
BON00001873,U0001322,4,2024-02-13 02:00:00,20240213,1000.0,0,,
BON00001874,U0002028,4,2021-01-30 19:00:00,20210130,2000.0,0,,
BON00001875,U0002086,3,2025-09-01 04:00:00,20250901,500.0,1,2025-09-05 07:01:14,20250905.0
BON00001876,U0000520,2,2020-10-26 08:00:00,20201026,5000.0,0,,
BON00001877,U0003915,2,2025-07-05 18:00:00,20250705,10000.0,1,2025-07-11 02:30:44,20250711.0
BON00001878,U0002560,2,2024-04-02 21:00:00,20240402,10000.0,1,2024-04-07 11:47:35,20240407.0
BON00001879,U0003919,3,2023-11-14 02:00:00,20231114,1000.0,0,,
BON00001880,U0003949,3,2022-02-07 18:00:00,20220207,500.0,1,2022-02-24 06:40:11,20220224.0
BON00001881,U0002944,1,2019-06-30 13:00:00,20190630,50.0,1,2019-07-05 23:06:13,20190705.0
BON00001882,U0001298,1,2022-06-30 03:00:00,20220630,100.0,1,2022-07-05 02:51:18,20220705.0
BON00001883,U0003301,2,2021-06-29 19:00:00,20210629,10000.0,1,2021-07-03 00:24:42,20210703.0
BON00001884,U0003169,2,2020-06-04 03:00:00,20200604,2000.0,1,2020-06-19 01:26:00,20200619.0
BON00001885,U0003994,3,2024-01-20 11:00:00,20240120,200.0,1,2024-01-29 13:41:46,20240129.0
BON00001886,U0003235,1,2022-05-14 14:00:00,20220514,100.0,1,2022-05-17 05:51:00,20220517.0
BON00001887,U0003556,3,2022-07-16 02:00:00,20220716,500.0,0,,
BON00001888,U0001004,1,2020-09-07 08:00:00,20200907,20.0,1,2020-09-07 12:08:21,20200907.0
BON00001889,U0000624,4,2023-04-20 15:00:00,20230420,3000.0,0,,
BON00001890,U0001097,4,2022-11-26 07:00:00,20221126,3000.0,1,2022-12-06 18:09:35,20221206.0
BON00001891,U0003474,2,2025-12-27 03:00:00,20251227,10000.0,1,2025-12-29 14:16:09,20251229.0
BON00001892,U0002425,3,2024-11-21 15:00:00,20241121,2000.0,1,2024-12-04 05:04:15,20241204.0
BON00001893,U0000677,2,2024-08-12 07:00:00,20240812,5000.0,0,,
BON00001894,U0000552,1,2022-01-12 03:00:00,20220112,100.0,1,2022-01-14 05:14:38,20220114.0
BON00001895,U0001320,2,2020-07-29 01:00:00,20200729,2000.0,0,,
BON00001896,U0003829,1,2020-08-16 18:00:00,20200816,20.0,1,2020-08-22 02:27:35,20200822.0
BON00001897,U0000816,2,2024-07-23 09:00:00,20240723,5000.0,0,,
BON00001898,U0000133,3,2022-07-21 17:00:00,20220721,2000.0,1,2022-08-05 06:54:58,20220805.0
BON00001899,U0000036,2,2021-01-16 18:00:00,20210116,500.0,1,2021-01-30 15:42:42,20210130.0
BON00001900,U0001457,2,2022-09-28 06:00:00,20220928,10000.0,1,2022-09-29 01:05:33,20220929.0
BON00001901,U0000326,5,2020-03-27 17:00:00,20200327,10000.0,0,,
BON00001902,U0001759,5,2025-05-26 12:00:00,20250526,5000.0,1,2025-05-29 07:05:09,20250529.0
BON00001903,U0001691,4,2024-05-24 13:00:00,20240524,1000.0,1,2024-05-27 21:46:09,20240527.0
BON00001904,U0002431,1,2023-03-31 06:00:00,20230331,100.0,1,2023-04-04 12:49:44,20230404.0
BON00001905,U0003643,5,2024-03-20 23:00:00,20240320,20000.0,1,2024-03-25 09:24:32,20240325.0
BON00001906,U0000618,2,2025-01-05 23:00:00,20250105,5000.0,1,2025-01-19 21:32:25,20250119.0
BON00001907,U0003183,3,2021-11-13 20:00:00,20211113,500.0,1,2021-11-16 14:49:14,20211116.0
BON00001908,U0001953,1,2021-08-28 14:00:00,20210828,100.0,1,2021-09-05 21:18:48,20210905.0
BON00001909,U0000571,4,2025-04-24 23:00:00,20250424,2000.0,1,2025-04-26 14:22:48,20250426.0
BON00001910,U0001145,1,2022-12-09 06:00:00,20221209,200.0,1,2022-12-09 17:54:48,20221209.0
BON00001911,U0002991,3,2023-04-19 20:00:00,20230419,200.0,0,,
BON00001912,U0001570,4,2022-04-30 06:00:00,20220430,2000.0,1,2022-05-14 09:12:26,20220514.0
BON00001913,U0000178,3,2019-02-20 06:00:00,20190220,1000.0,1,2019-03-05 15:12:02,20190305.0
BON00001914,U0001973,1,2020-01-23 11:00:00,20200123,100.0,1,2020-02-12 18:01:13,20200212.0
BON00001915,U0001237,1,2023-09-09 11:00:00,20230909,20.0,0,,
BON00001916,U0002852,5,2024-06-21 06:00:00,20240621,5000.0,0,,
BON00001917,U0000238,2,2024-12-27 07:00:00,20241227,2000.0,0,,
BON00001918,U0002200,2,2025-04-30 15:00:00,20250430,5000.0,0,,
BON00001919,U0001425,2,2023-04-14 22:00:00,20230414,2000.0,1,2023-04-15 14:44:37,20230415.0
BON00001920,U0001046,1,2025-08-07 13:00:00,20250807,20.0,0,,
BON00001921,U0000240,1,2023-08-07 04:00:00,20230807,50.0,1,2023-08-28 08:13:13,20230828.0
BON00001922,U0001314,3,2024-03-04 08:00:00,20240304,2000.0,1,2024-03-10 08:59:03,20240310.0
BON00001923,U0001890,2,2020-05-03 11:00:00,20200503,500.0,0,,
BON00001924,U0000851,4,2025-04-06 05:00:00,20250406,2000.0,1,2025-04-22 20:01:26,20250422.0
BON00001925,U0002531,2,2021-09-06 22:00:00,20210906,5000.0,1,2021-09-12 04:44:25,20210912.0
BON00001926,U0000581,1,2024-02-04 05:00:00,20240204,100.0,1,2024-02-12 09:52:51,20240212.0
BON00001927,U0000246,4,2024-09-18 03:00:00,20240918,500.0,1,2024-10-02 17:35:50,20241002.0
BON00001928,U0001055,2,2022-06-26 09:00:00,20220626,2000.0,1,2022-07-02 20:41:53,20220702.0
BON00001929,U0002373,1,2025-01-25 16:00:00,20250125,20.0,1,2025-02-06 02:28:28,20250206.0
BON00001930,U0003962,1,2020-12-25 22:00:00,20201225,100.0,0,,
BON00001931,U0001621,3,2025-07-13 22:00:00,20250713,1000.0,1,2025-07-17 05:19:20,20250717.0
BON00001932,U0001587,1,2020-02-29 13:00:00,20200229,200.0,0,,
BON00001933,U0003481,2,2022-04-25 09:00:00,20220425,1000.0,0,,
BON00001934,U0001249,1,2020-06-11 18:00:00,20200611,50.0,0,,
BON00001935,U0002108,2,2024-03-07 00:00:00,20240307,5000.0,0,,
BON00001936,U0003062,1,2022-09-25 11:00:00,20220925,50.0,1,2022-10-22 04:30:30,20221022.0
BON00001937,U0000013,2,2021-09-04 06:00:00,20210904,500.0,0,,
BON00001938,U0001028,1,2024-02-12 21:00:00,20240212,50.0,1,2024-02-18 07:12:57,20240218.0
BON00001939,U0001249,2,2021-09-27 00:00:00,20210927,10000.0,1,2021-09-28 16:00:03,20210928.0
BON00001940,U0003086,2,2023-04-12 16:00:00,20230412,2000.0,1,2023-04-16 03:50:25,20230416.0
BON00001941,U0003092,1,2025-06-16 22:00:00,20250616,100.0,0,,
BON00001942,U0003588,4,2024-12-13 04:00:00,20241213,500.0,1,2024-12-16 11:46:52,20241216.0
BON00001943,U0003007,4,2020-11-07 07:00:00,20201107,3000.0,0,,
BON00001944,U0000454,1,2020-07-09 10:00:00,20200709,200.0,0,,
BON00001945,U0001478,1,2024-05-14 04:00:00,20240514,50.0,0,,
BON00001946,U0001576,1,2023-01-18 12:00:00,20230118,100.0,0,,
BON00001947,U0002655,2,2021-05-09 05:00:00,20210509,1000.0,0,,
BON00001948,U0001011,1,2025-02-13 00:00:00,20250213,200.0,0,,
BON00001949,U0002151,1,2022-12-30 13:00:00,20221230,100.0,0,,
BON00001950,U0001300,3,2023-02-12 22:00:00,20230212,500.0,1,2023-02-20 01:17:19,20230220.0
BON00001951,U0002059,2,2025-01-13 23:00:00,20250113,1000.0,0,,
BON00001952,U0001021,3,2025-05-06 18:00:00,20250506,1000.0,0,,
BON00001953,U0001968,5,2019-05-09 08:00:00,20190509,5000.0,0,,
BON00001954,U0001235,1,2021-09-02 19:00:00,20210902,100.0,0,,
BON00001955,U0003935,1,2022-08-07 14:00:00,20220807,200.0,0,,
BON00001956,U0003079,1,2019-03-30 02:00:00,20190330,200.0,1,2019-04-02 06:36:32,20190402.0
BON00001957,U0002367,1,2019-03-15 12:00:00,20190315,100.0,0,,
BON00001958,U0003803,1,2022-02-18 03:00:00,20220218,50.0,1,2022-02-18 13:15:45,20220218.0
BON00001959,U0003052,1,2021-09-10 14:00:00,20210910,20.0,1,2021-09-20 19:36:33,20210920.0
BON00001960,U0001243,1,2019-05-12 02:00:00,20190512,100.0,0,,
BON00001961,U0003935,1,2021-08-04 13:00:00,20210804,100.0,1,2021-08-09 19:19:56,20210809.0
BON00001962,U0003611,4,2022-03-27 20:00:00,20220327,2000.0,1,2022-04-04 11:07:21,20220404.0
BON00001963,U0000250,3,2020-12-20 19:00:00,20201220,2000.0,0,,
BON00001964,U0000562,2,2021-02-15 15:00:00,20210215,2000.0,1,2021-02-19 13:05:25,20210219.0
BON00001965,U0000552,1,2025-04-16 22:00:00,20250416,100.0,1,2025-05-02 07:01:51,20250502.0
BON00001966,U0000586,2,2025-03-08 17:00:00,20250308,10000.0,1,2025-03-23 12:04:27,20250323.0
BON00001967,U0003507,3,2022-07-12 23:00:00,20220712,1000.0,1,2022-07-26 03:16:26,20220726.0
BON00001968,U0000585,2,2019-02-19 10:00:00,20190219,1000.0,1,2019-02-24 01:37:33,20190224.0
BON00001969,U0002507,3,2024-09-19 19:00:00,20240919,1000.0,1,2024-09-24 20:38:11,20240924.0
BON00001970,U0001505,3,2021-02-02 05:00:00,20210202,2000.0,1,2021-02-15 04:02:17,20210215.0
BON00001971,U0002702,3,2023-12-21 13:00:00,20231221,1000.0,1,2024-01-01 19:25:42,20240101.0
BON00001972,U0000832,4,2021-08-24 06:00:00,20210824,3000.0,1,2021-08-30 13:00:25,20210830.0
BON00001973,U0002401,1,2023-09-17 13:00:00,20230917,50.0,0,,
BON00001974,U0001515,2,2019-06-29 12:00:00,20190629,2000.0,1,2019-07-02 05:30:47,20190702.0
BON00001975,U0002826,1,2020-01-01 08:00:00,20200101,50.0,1,2020-01-07 15:55:54,20200107.0
BON00001976,U0002819,3,2020-08-29 12:00:00,20200829,500.0,1,2020-09-10 08:52:10,20200910.0
BON00001977,U0002776,4,2023-08-04 10:00:00,20230804,500.0,1,2023-08-07 00:14:07,20230807.0
BON00001978,U0000800,2,2019-02-25 13:00:00,20190225,500.0,0,,
BON00001979,U0001434,1,2020-03-19 04:00:00,20200319,50.0,1,2020-03-19 11:00:01,20200319.0
BON00001980,U0000656,2,2019-03-27 07:00:00,20190327,10000.0,1,2019-04-05 08:45:21,20190405.0
BON00001981,U0003557,1,2023-06-20 18:00:00,20230620,50.0,0,,
BON00001982,U0000875,1,2024-09-20 21:00:00,20240920,20.0,1,2024-09-21 13:26:11,20240921.0
BON00001983,U0003956,3,2022-06-07 20:00:00,20220607,200.0,1,2022-06-10 03:05:12,20220610.0
BON00001984,U0000950,4,2021-04-28 20:00:00,20210428,2000.0,1,2021-05-04 06:47:26,20210504.0
BON00001985,U0001475,3,2019-10-16 11:00:00,20191016,1000.0,0,,
BON00001986,U0000236,1,2023-12-10 13:00:00,20231210,20.0,1,2023-12-18 03:30:32,20231218.0
BON00001987,U0003642,1,2019-12-16 23:00:00,20191216,200.0,0,,
BON00001988,U0002847,3,2025-10-12 11:00:00,20251012,200.0,1,2025-10-17 17:47:42,20251017.0
BON00001989,U0001183,2,2025-11-19 11:00:00,20251119,10000.0,0,,
BON00001990,U0000193,3,2025-12-14 05:00:00,20251214,2000.0,1,2025-12-19 05:47:36,20251219.0
BON00001991,U0000391,2,2020-12-20 00:00:00,20201220,5000.0,0,,
BON00001992,U0000032,2,2019-11-15 06:00:00,20191115,5000.0,1,2019-11-17 21:34:45,20191117.0
BON00001993,U0001246,1,2021-12-22 01:00:00,20211222,200.0,1,2021-12-23 18:47:10,20211223.0
BON00001994,U0003162,1,2021-05-21 04:00:00,20210521,50.0,1,2021-05-23 08:45:00,20210523.0
BON00001995,U0002631,3,2023-07-11 12:00:00,20230711,1000.0,1,2023-07-26 21:19:03,20230726.0
BON00001996,U0003841,3,2021-10-24 16:00:00,20211024,1000.0,1,2021-10-25 21:53:54,20211025.0
BON00001997,U0000149,1,2021-09-04 22:00:00,20210904,20.0,1,2021-09-08 02:41:43,20210908.0
BON00001998,U0001560,5,2021-11-16 20:00:00,20211116,5000.0,1,2021-11-28 07:40:46,20211128.0
BON00001999,U0003497,4,2020-09-11 22:00:00,20200911,2000.0,1,2020-09-20 15:59:59,20200920.0
BON00002000,U0003163,2,2022-07-19 21:00:00,20220719,10000.0,0,,
BON00002001,U0001860,2,2022-08-25 11:00:00,20220825,500.0,0,,
BON00002002,U0003874,2,2022-12-08 14:00:00,20221208,10000.0,1,2022-12-21 07:08:23,20221221.0
BON00002003,U0003783,3,2020-09-27 14:00:00,20200927,1000.0,1,2020-10-05 03:10:50,20201005.0
BON00002004,U0003157,3,2021-08-12 21:00:00,20210812,2000.0,0,,
BON00002005,U0002829,4,2024-02-04 10:00:00,20240204,1000.0,0,,
BON00002006,U0002251,1,2022-06-10 06:00:00,20220610,20.0,1,2022-06-12 04:59:24,20220612.0
BON00002007,U0000640,2,2024-07-28 17:00:00,20240728,5000.0,1,2024-08-02 16:05:08,20240802.0
BON00002008,U0002260,2,2022-02-27 09:00:00,20220227,10000.0,1,2022-03-09 17:52:46,20220309.0
BON00002009,U0003302,1,2019-11-09 08:00:00,20191109,20.0,0,,
BON00002010,U0000911,4,2024-10-31 09:00:00,20241031,500.0,1,2024-10-31 20:49:23,20241031.0
BON00002011,U0002561,5,2025-12-20 07:00:00,20251220,2000.0,1,2025-12-22 03:40:31,20251222.0
BON00002012,U0002104,1,2023-07-19 21:00:00,20230719,200.0,1,2023-07-25 23:32:47,20230725.0
BON00002013,U0003018,1,2022-10-11 19:00:00,20221011,100.0,1,2022-10-12 13:11:14,20221012.0
BON00002014,U0002327,1,2019-06-15 09:00:00,20190615,20.0,0,,
BON00002015,U0001202,2,2021-01-28 01:00:00,20210128,5000.0,0,,
BON00002016,U0003730,1,2022-06-01 02:00:00,20220601,100.0,1,2022-06-03 22:02:51,20220603.0
BON00002017,U0000674,2,2022-10-20 21:00:00,20221020,10000.0,0,,
BON00002018,U0000751,3,2022-06-01 10:00:00,20220601,200.0,1,2022-07-01 10:00:00,20220701.0
BON00002019,U0003601,2,2024-04-04 03:00:00,20240404,5000.0,1,2024-04-12 08:47:48,20240412.0
BON00002020,U0002944,2,2025-12-10 15:00:00,20251210,1000.0,1,2025-12-20 06:22:03,20251220.0
BON00002021,U0001090,2,2019-02-14 19:00:00,20190214,500.0,0,,
BON00002022,U0003873,2,2019-10-19 14:00:00,20191019,5000.0,1,2019-10-20 00:40:55,20191020.0
BON00002023,U0003055,1,2020-09-07 17:00:00,20200907,100.0,0,,
BON00002024,U0000577,1,2020-08-17 13:00:00,20200817,100.0,1,2020-09-03 21:03:17,20200903.0
BON00002025,U0001739,2,2021-02-05 04:00:00,20210205,10000.0,1,2021-02-05 06:46:51,20210205.0
BON00002026,U0001422,3,2023-01-10 14:00:00,20230110,200.0,1,2023-01-16 10:54:58,20230116.0
BON00002027,U0000866,2,2025-12-09 16:00:00,20251209,10000.0,1,2025-12-15 14:13:43,20251215.0
BON00002028,U0002028,1,2022-12-10 15:00:00,20221210,200.0,1,2022-12-11 16:50:37,20221211.0
BON00002029,U0002298,2,2022-10-15 19:00:00,20221015,5000.0,1,2022-10-18 10:10:39,20221018.0
BON00002030,U0002825,2,2024-10-06 13:00:00,20241006,500.0,1,2024-10-14 01:32:58,20241014.0
BON00002031,U0002915,1,2023-05-30 10:00:00,20230530,50.0,1,2023-06-05 09:16:10,20230605.0
BON00002032,U0001755,1,2025-11-30 07:00:00,20251130,200.0,0,,
BON00002033,U0000813,1,2019-05-26 11:00:00,20190526,20.0,0,,
BON00002034,U0000357,2,2023-10-22 09:00:00,20231022,1000.0,1,2023-10-23 20:10:01,20231023.0
BON00002035,U0000771,2,2020-03-26 01:00:00,20200326,10000.0,1,2020-04-06 15:50:09,20200406.0
BON00002036,U0002389,1,2025-12-01 21:00:00,20251201,100.0,1,2025-12-02 09:19:42,20251202.0
BON00002037,U0003678,2,2020-11-20 21:00:00,20201120,1000.0,1,2020-12-20 09:58:57,20201220.0
BON00002038,U0001959,4,2023-12-07 14:00:00,20231207,2000.0,0,,
BON00002039,U0001560,1,2024-06-01 12:00:00,20240601,100.0,1,2024-06-09 08:01:18,20240609.0
BON00002040,U0001006,3,2024-12-21 19:00:00,20241221,200.0,1,2024-12-28 03:41:03,20241228.0
BON00002041,U0001927,2,2024-12-03 09:00:00,20241203,1000.0,1,2024-12-05 21:24:00,20241205.0
BON00002042,U0003764,1,2019-11-15 03:00:00,20191115,20.0,1,2019-11-18 19:25:04,20191118.0
BON00002043,U0000920,5,2024-11-12 07:00:00,20241112,5000.0,1,2024-11-16 22:44:24,20241116.0
BON00002044,U0003327,3,2024-06-18 13:00:00,20240618,500.0,1,2024-06-20 20:46:11,20240620.0
BON00002045,U0003824,1,2020-10-20 00:00:00,20201020,200.0,0,,
BON00002046,U0002081,1,2024-01-21 11:00:00,20240121,100.0,1,2024-01-22 10:38:26,20240122.0
BON00002047,U0003752,1,2025-04-29 12:00:00,20250429,20.0,1,2025-04-29 19:36:35,20250429.0
BON00002048,U0000833,4,2022-04-27 11:00:00,20220427,3000.0,1,2022-04-30 01:58:40,20220430.0
BON00002049,U0000789,2,2020-07-11 10:00:00,20200711,1000.0,1,2020-07-12 12:13:44,20200712.0
BON00002050,U0001241,3,2025-01-19 05:00:00,20250119,2000.0,0,,
BON00002051,U0000447,2,2023-09-26 02:00:00,20230926,2000.0,0,,
BON00002052,U0003610,2,2019-09-25 17:00:00,20190925,1000.0,1,2019-10-02 20:43:10,20191002.0
BON00002053,U0000212,2,2024-03-27 17:00:00,20240327,10000.0,1,2024-04-01 15:09:29,20240401.0
BON00002054,U0003516,1,2022-08-08 06:00:00,20220808,100.0,1,2022-08-12 08:32:36,20220812.0
BON00002055,U0003645,1,2024-01-31 07:00:00,20240131,200.0,1,2024-02-01 10:39:18,20240201.0
BON00002056,U0002078,1,2022-07-12 20:00:00,20220712,100.0,0,,
BON00002057,U0002253,2,2020-03-09 18:00:00,20200309,10000.0,1,2020-03-12 11:40:48,20200312.0
BON00002058,U0000585,1,2019-02-06 15:00:00,20190206,20.0,1,2019-02-11 23:12:11,20190211.0
BON00002059,U0001965,3,2021-04-08 19:00:00,20210408,200.0,1,2021-04-11 07:58:54,20210411.0
BON00002060,U0002742,2,2019-05-01 04:00:00,20190501,1000.0,0,,
BON00002061,U0002229,3,2022-03-26 20:00:00,20220326,500.0,1,2022-04-03 21:18:21,20220403.0
BON00002062,U0001859,1,2020-06-16 17:00:00,20200616,100.0,1,2020-06-22 21:22:17,20200622.0
BON00002063,U0003410,1,2019-01-25 10:00:00,20190125,200.0,0,,
BON00002064,U0003863,2,2020-01-10 17:00:00,20200110,5000.0,1,2020-01-28 06:32:39,20200128.0
BON00002065,U0001561,1,2021-07-24 14:00:00,20210724,50.0,1,2021-08-18 09:00:27,20210818.0
BON00002066,U0002322,1,2021-11-23 23:00:00,20211123,200.0,0,,
BON00002067,U0001826,2,2021-03-31 21:00:00,20210331,1000.0,0,,
BON00002068,U0003709,2,2019-03-14 16:00:00,20190314,5000.0,1,2019-03-29 05:03:47,20190329.0
BON00002069,U0001719,4,2025-03-19 01:00:00,20250319,1000.0,0,,
BON00002070,U0001108,2,2021-11-05 01:00:00,20211105,1000.0,1,2021-11-09 04:08:34,20211109.0
BON00002071,U0002640,1,2023-05-15 16:00:00,20230515,50.0,1,2023-05-18 19:11:15,20230518.0
BON00002072,U0001504,1,2021-02-10 05:00:00,20210210,200.0,1,2021-02-12 08:48:47,20210212.0
BON00002073,U0002182,2,2021-06-14 22:00:00,20210614,5000.0,1,2021-06-19 07:03:21,20210619.0
BON00002074,U0003400,1,2024-11-01 05:00:00,20241101,20.0,1,2024-11-04 14:38:15,20241104.0
BON00002075,U0003708,1,2020-06-18 08:00:00,20200618,20.0,1,2020-06-22 23:56:29,20200622.0
BON00002076,U0000160,1,2022-01-26 05:00:00,20220126,20.0,0,,
BON00002077,U0000244,1,2022-04-13 09:00:00,20220413,100.0,1,2022-04-18 22:12:04,20220418.0
BON00002078,U0003977,4,2025-10-12 23:00:00,20251012,500.0,1,2025-10-13 04:53:09,20251013.0
BON00002079,U0002702,5,2024-09-28 23:00:00,20240928,5000.0,0,,
BON00002080,U0001081,1,2021-12-02 00:00:00,20211202,200.0,1,2021-12-08 09:49:00,20211208.0
BON00002081,U0003177,4,2019-10-09 00:00:00,20191009,1000.0,1,2019-10-09 05:39:18,20191009.0
BON00002082,U0000659,4,2019-01-28 03:00:00,20190128,3000.0,1,2019-02-03 07:26:11,20190203.0
BON00002083,U0003951,4,2022-11-05 20:00:00,20221105,3000.0,0,,
BON00002084,U0003537,2,2025-04-19 15:00:00,20250419,1000.0,0,,
BON00002085,U0001917,1,2023-12-04 14:00:00,20231204,200.0,1,2023-12-08 23:43:42,20231208.0
BON00002086,U0003911,5,2022-07-29 12:00:00,20220729,10000.0,0,,
BON00002087,U0002443,2,2019-04-29 00:00:00,20190429,1000.0,1,2019-05-07 21:36:11,20190507.0
BON00002088,U0001708,2,2021-05-20 07:00:00,20210520,2000.0,0,,
BON00002089,U0003133,2,2020-05-10 06:00:00,20200510,500.0,1,2020-05-11 04:12:17,20200511.0
BON00002090,U0000887,1,2021-07-27 06:00:00,20210727,50.0,0,,
BON00002091,U0003053,2,2021-07-04 18:00:00,20210704,2000.0,1,2021-07-08 11:55:54,20210708.0
BON00002092,U0002222,2,2024-06-23 21:00:00,20240623,2000.0,0,,
BON00002093,U0003620,1,2024-09-21 23:00:00,20240921,200.0,0,,
BON00002094,U0001362,3,2019-04-19 05:00:00,20190419,200.0,1,2019-05-14 00:34:16,20190514.0
BON00002095,U0003722,2,2021-05-26 19:00:00,20210526,2000.0,0,,
BON00002096,U0001078,2,2019-07-01 13:00:00,20190701,500.0,1,2019-07-14 06:21:12,20190714.0
BON00002097,U0002208,2,2020-06-11 05:00:00,20200611,10000.0,1,2020-06-21 04:09:21,20200621.0
BON00002098,U0001389,1,2023-02-09 12:00:00,20230209,100.0,1,2023-02-19 08:51:11,20230219.0
BON00002099,U0003592,3,2020-02-19 05:00:00,20200219,200.0,1,2020-02-22 19:07:55,20200222.0
BON00002100,U0000028,1,2024-10-26 18:00:00,20241026,100.0,1,2024-11-01 23:10:08,20241101.0
BON00002101,U0001195,3,2020-02-18 03:00:00,20200218,500.0,1,2020-02-18 14:46:02,20200218.0
BON00002102,U0003603,2,2023-10-17 06:00:00,20231017,500.0,1,2023-10-21 09:43:41,20231021.0
BON00002103,U0000281,2,2021-07-12 13:00:00,20210712,500.0,0,,
BON00002104,U0002624,3,2025-03-18 05:00:00,20250318,200.0,1,2025-04-06 06:52:49,20250406.0
BON00002105,U0000700,1,2020-04-23 17:00:00,20200423,100.0,1,2020-04-27 00:13:37,20200427.0
BON00002106,U0001067,2,2019-02-22 09:00:00,20190222,5000.0,1,2019-03-01 21:27:48,20190301.0
BON00002107,U0000707,2,2024-12-22 14:00:00,20241222,500.0,0,,
BON00002108,U0003934,4,2019-05-07 21:00:00,20190507,3000.0,1,2019-06-06 21:00:00,20190606.0
BON00002109,U0000332,5,2019-06-09 21:00:00,20190609,5000.0,1,2019-06-14 12:36:54,20190614.0
BON00002110,U0000760,3,2019-10-23 10:00:00,20191023,200.0,1,2019-10-30 10:33:02,20191030.0
BON00002111,U0001877,1,2021-06-02 21:00:00,20210602,200.0,1,2021-06-05 03:00:21,20210605.0
BON00002112,U0003453,1,2021-07-08 20:00:00,20210708,100.0,1,2021-07-12 04:08:08,20210712.0
BON00002113,U0002352,2,2021-08-11 08:00:00,20210811,5000.0,1,2021-09-02 07:49:52,20210902.0
BON00002114,U0001146,1,2024-01-15 14:00:00,20240115,200.0,1,2024-01-17 00:06:54,20240117.0
BON00002115,U0000688,4,2020-04-03 00:00:00,20200403,500.0,1,2020-04-03 12:16:48,20200403.0
BON00002116,U0000802,4,2019-07-31 20:00:00,20190731,500.0,1,2019-08-01 20:49:36,20190801.0
BON00002117,U0002065,1,2023-04-20 21:00:00,20230420,20.0,1,2023-05-06 21:18:19,20230506.0
BON00002118,U0000735,5,2019-01-22 01:00:00,20190122,5000.0,0,,
BON00002119,U0003449,4,2020-08-01 12:00:00,20200801,2000.0,1,2020-08-03 16:29:04,20200803.0
BON00002120,U0002178,2,2020-07-16 09:00:00,20200716,10000.0,1,2020-07-20 03:35:27,20200720.0
BON00002121,U0003174,2,2023-12-12 09:00:00,20231212,2000.0,0,,
BON00002122,U0001222,4,2022-02-03 08:00:00,20220203,2000.0,0,,
BON00002123,U0001342,1,2025-12-26 01:00:00,20251226,20.0,1,2025-12-30 07:52:32,20251230.0
BON00002124,U0000179,1,2025-11-25 19:00:00,20251125,200.0,1,2025-11-29 23:20:15,20251129.0
BON00002125,U0000512,2,2023-07-06 17:00:00,20230706,5000.0,1,2023-07-18 22:10:57,20230718.0
BON00002126,U0000002,1,2021-03-20 08:00:00,20210320,20.0,1,2021-03-23 15:40:14,20210323.0
BON00002127,U0001458,1,2019-11-20 05:00:00,20191120,50.0,0,,
BON00002128,U0002328,1,2022-11-11 08:00:00,20221111,50.0,1,2022-11-16 10:44:50,20221116.0
BON00002129,U0002463,2,2022-12-29 18:00:00,20221229,5000.0,1,2022-12-30 09:20:12,20221230.0
BON00002130,U0002283,1,2021-10-06 04:00:00,20211006,200.0,0,,
BON00002131,U0001231,2,2021-09-26 15:00:00,20210926,500.0,1,2021-10-06 07:55:28,20211006.0
BON00002132,U0002962,1,2021-10-11 02:00:00,20211011,200.0,0,,
BON00002133,U0002635,2,2019-09-16 15:00:00,20190916,500.0,1,2019-09-19 01:04:28,20190919.0
BON00002134,U0003557,1,2024-07-10 19:00:00,20240710,100.0,0,,
BON00002135,U0003248,2,2019-10-26 05:00:00,20191026,2000.0,0,,
BON00002136,U0000327,2,2022-11-23 18:00:00,20221123,1000.0,1,2022-11-25 00:51:06,20221125.0
BON00002137,U0003567,1,2020-11-24 04:00:00,20201124,50.0,0,,
BON00002138,U0003735,3,2021-09-18 04:00:00,20210918,200.0,1,2021-09-21 21:09:07,20210921.0
BON00002139,U0001869,4,2020-02-13 16:00:00,20200213,2000.0,0,,
BON00002140,U0002339,2,2020-05-08 12:00:00,20200508,500.0,0,,
BON00002141,U0002939,3,2021-09-25 15:00:00,20210925,1000.0,0,,
BON00002142,U0002914,4,2024-03-29 06:00:00,20240329,3000.0,1,2024-04-16 16:42:16,20240416.0
BON00002143,U0003708,4,2022-01-10 20:00:00,20220110,2000.0,1,2022-01-14 13:05:35,20220114.0
BON00002144,U0003292,2,2020-04-20 18:00:00,20200420,2000.0,0,,
BON00002145,U0003790,2,2020-08-13 16:00:00,20200813,2000.0,1,2020-08-21 17:25:00,20200821.0
BON00002146,U0002124,4,2023-03-13 04:00:00,20230313,1000.0,1,2023-03-30 23:08:28,20230330.0
BON00002147,U0003679,2,2022-05-31 03:00:00,20220531,1000.0,1,2022-05-31 11:12:48,20220531.0
BON00002148,U0002908,2,2021-10-17 10:00:00,20211017,1000.0,0,,
BON00002149,U0001417,3,2019-10-06 01:00:00,20191006,200.0,1,2019-10-15 09:20:52,20191015.0
BON00002150,U0002540,2,2025-02-12 07:00:00,20250212,5000.0,1,2025-02-14 15:23:30,20250214.0
BON00002151,U0000678,2,2020-05-23 21:00:00,20200523,500.0,1,2020-05-28 17:28:12,20200528.0
BON00002152,U0002300,2,2022-01-06 21:00:00,20220106,2000.0,1,2022-01-28 19:32:52,20220128.0
BON00002153,U0001540,2,2021-10-19 07:00:00,20211019,5000.0,0,,
BON00002154,U0002338,1,2024-01-08 01:00:00,20240108,50.0,1,2024-01-10 14:47:56,20240110.0
BON00002155,U0001409,2,2019-10-18 06:00:00,20191018,5000.0,0,,
BON00002156,U0001191,1,2022-07-17 11:00:00,20220717,50.0,1,2022-07-17 15:03:18,20220717.0
BON00002157,U0002879,1,2025-03-06 12:00:00,20250306,200.0,1,2025-03-14 17:56:25,20250314.0
BON00002158,U0001020,3,2023-01-26 16:00:00,20230126,2000.0,1,2023-02-07 15:46:25,20230207.0
BON00002159,U0003352,1,2021-06-19 10:00:00,20210619,200.0,0,,
BON00002160,U0001858,3,2019-01-08 15:00:00,20190108,1000.0,1,2019-01-10 09:59:53,20190110.0
BON00002161,U0001979,2,2020-01-10 21:00:00,20200110,1000.0,0,,
BON00002162,U0001798,1,2020-12-25 01:00:00,20201225,50.0,1,2021-01-06 15:20:31,20210106.0
BON00002163,U0001398,1,2019-12-07 09:00:00,20191207,100.0,0,,
BON00002164,U0001561,1,2022-05-09 07:00:00,20220509,200.0,1,2022-05-12 10:17:49,20220512.0
BON00002165,U0003106,1,2021-04-11 17:00:00,20210411,200.0,1,2021-04-27 00:55:20,20210427.0
BON00002166,U0003612,2,2023-03-27 12:00:00,20230327,2000.0,1,2023-03-31 00:24:44,20230331.0
BON00002167,U0002824,5,2021-02-13 15:00:00,20210213,2000.0,1,2021-02-16 17:13:31,20210216.0
BON00002168,U0002733,2,2022-05-14 12:00:00,20220514,1000.0,1,2022-05-14 17:27:16,20220514.0
BON00002169,U0002805,2,2019-06-15 12:00:00,20190615,500.0,1,2019-06-25 11:40:11,20190625.0
BON00002170,U0003746,2,2024-04-09 18:00:00,20240409,10000.0,1,2024-04-18 22:44:42,20240418.0
BON00002171,U0003272,4,2022-02-24 12:00:00,20220224,1000.0,1,2022-02-26 18:32:53,20220226.0
BON00002172,U0001053,4,2021-09-02 04:00:00,20210902,500.0,0,,
BON00002173,U0000107,2,2023-07-14 20:00:00,20230714,5000.0,1,2023-07-24 23:23:53,20230724.0
BON00002174,U0002660,1,2021-01-06 14:00:00,20210106,200.0,1,2021-01-09 16:46:38,20210109.0
BON00002175,U0003480,2,2020-06-09 18:00:00,20200609,5000.0,0,,
BON00002176,U0001426,3,2024-12-29 22:00:00,20241229,500.0,0,,
BON00002177,U0003636,2,2019-01-05 11:00:00,20190105,10000.0,1,2019-01-16 17:35:52,20190116.0
BON00002178,U0000113,2,2022-03-08 10:00:00,20220308,10000.0,1,2022-03-14 23:37:07,20220314.0
BON00002179,U0001927,1,2020-07-30 18:00:00,20200730,100.0,0,,
BON00002180,U0000534,2,2023-08-14 10:00:00,20230814,10000.0,1,2023-08-29 03:51:40,20230829.0
BON00002181,U0001493,3,2021-10-02 17:00:00,20211002,500.0,1,2021-10-03 11:36:43,20211003.0
BON00002182,U0003464,1,2019-12-08 05:00:00,20191208,50.0,1,2019-12-18 05:36:36,20191218.0
BON00002183,U0003839,4,2021-02-26 08:00:00,20210226,1000.0,1,2021-02-27 10:44:00,20210227.0
BON00002184,U0000844,2,2022-11-28 19:00:00,20221128,500.0,1,2022-11-30 14:33:13,20221130.0
BON00002185,U0001250,1,2020-11-09 18:00:00,20201109,20.0,1,2020-11-19 16:15:46,20201119.0
BON00002186,U0002048,1,2024-12-18 18:00:00,20241218,50.0,1,2024-12-21 22:14:06,20241221.0
BON00002187,U0003596,2,2022-07-26 02:00:00,20220726,10000.0,0,,
BON00002188,U0000101,3,2021-02-22 13:00:00,20210222,200.0,1,2021-02-25 13:41:15,20210225.0
BON00002189,U0001139,2,2019-06-13 12:00:00,20190613,10000.0,1,2019-07-09 13:07:11,20190709.0
BON00002190,U0002044,2,2022-12-17 18:00:00,20221217,500.0,1,2022-12-25 06:15:27,20221225.0
BON00002191,U0003706,4,2024-08-12 21:00:00,20240812,1000.0,1,2024-08-16 15:45:12,20240816.0
BON00002192,U0000342,3,2019-11-21 20:00:00,20191121,1000.0,0,,
BON00002193,U0002611,2,2021-03-26 11:00:00,20210326,5000.0,0,,
BON00002194,U0000002,2,2023-05-23 08:00:00,20230523,5000.0,1,2023-06-12 11:29:37,20230612.0
BON00002195,U0001813,2,2019-11-11 05:00:00,20191111,1000.0,0,,
BON00002196,U0000286,2,2020-01-13 08:00:00,20200113,5000.0,0,,
BON00002197,U0000933,2,2021-08-17 21:00:00,20210817,2000.0,1,2021-08-18 19:41:41,20210818.0
BON00002198,U0001857,2,2022-11-17 20:00:00,20221117,500.0,1,2022-11-22 09:03:57,20221122.0
BON00002199,U0001141,1,2020-11-05 06:00:00,20201105,20.0,0,,
BON00002200,U0002734,5,2020-04-12 09:00:00,20200412,2000.0,0,,
BON00002201,U0001062,1,2021-07-07 18:00:00,20210707,100.0,1,2021-07-12 11:14:32,20210712.0
BON00002202,U0002676,1,2020-03-17 08:00:00,20200317,20.0,0,,
BON00002203,U0000376,4,2025-07-27 14:00:00,20250727,500.0,1,2025-08-04 22:45:00,20250804.0
BON00002204,U0003317,3,2020-01-20 01:00:00,20200120,2000.0,1,2020-02-05 01:55:55,20200205.0
BON00002205,U0001300,4,2019-10-27 13:00:00,20191027,3000.0,0,,
BON00002206,U0003932,3,2019-05-11 22:00:00,20190511,500.0,0,,
BON00002207,U0003984,1,2020-10-17 08:00:00,20201017,50.0,1,2020-11-16 08:00:00,20201116.0
BON00002208,U0001548,5,2019-02-04 04:00:00,20190204,10000.0,1,2019-02-13 03:55:43,20190213.0
BON00002209,U0002952,1,2019-01-14 19:00:00,20190114,200.0,1,2019-01-29 05:26:59,20190129.0
BON00002210,U0002050,1,2020-11-18 13:00:00,20201118,100.0,1,2020-12-08 11:52:18,20201208.0
BON00002211,U0000782,3,2025-03-21 17:00:00,20250321,200.0,0,,
BON00002212,U0000335,2,2022-04-09 01:00:00,20220409,500.0,1,2022-04-12 19:15:07,20220412.0
BON00002213,U0003331,3,2020-06-04 04:00:00,20200604,200.0,0,,
BON00002214,U0000806,5,2020-02-10 03:00:00,20200210,5000.0,1,2020-03-01 18:56:13,20200301.0
BON00002215,U0002336,2,2019-07-30 07:00:00,20190730,1000.0,0,,
BON00002216,U0002731,3,2025-10-22 03:00:00,20251022,500.0,1,2025-11-12 12:23:11,20251112.0
BON00002217,U0000790,2,2024-07-22 12:00:00,20240722,2000.0,1,2024-08-02 13:00:36,20240802.0
BON00002218,U0000653,1,2024-03-11 09:00:00,20240311,100.0,1,2024-03-14 16:35:46,20240314.0
BON00002219,U0001492,2,2022-11-17 00:00:00,20221117,1000.0,1,2022-11-20 06:41:35,20221120.0
BON00002220,U0003137,4,2021-03-11 15:00:00,20210311,2000.0,1,2021-03-18 22:19:06,20210318.0
BON00002221,U0001591,2,2024-03-26 04:00:00,20240326,1000.0,1,2024-03-26 06:29:42,20240326.0
BON00002222,U0003133,2,2025-09-30 19:00:00,20250930,5000.0,0,,
BON00002223,U0002327,1,2025-09-05 19:00:00,20250905,100.0,1,2025-09-06 16:38:17,20250906.0
BON00002224,U0001143,3,2021-05-26 19:00:00,20210526,200.0,1,2021-06-22 05:44:55,20210622.0
BON00002225,U0001159,5,2022-01-11 18:00:00,20220111,10000.0,1,2022-01-27 09:11:46,20220127.0
BON00002226,U0001291,1,2021-12-23 05:00:00,20211223,20.0,0,,
BON00002227,U0000266,3,2019-11-27 11:00:00,20191127,1000.0,1,2019-11-28 02:52:46,20191128.0
BON00002228,U0001613,3,2024-06-29 15:00:00,20240629,2000.0,0,,
BON00002229,U0000841,4,2021-07-16 07:00:00,20210716,3000.0,1,2021-08-02 07:37:11,20210802.0
BON00002230,U0001953,1,2022-05-11 10:00:00,20220511,20.0,0,,
BON00002231,U0001064,2,2021-02-11 23:00:00,20210211,5000.0,1,2021-02-18 22:48:02,20210218.0
BON00002232,U0003017,3,2023-02-05 14:00:00,20230205,500.0,1,2023-02-14 10:03:21,20230214.0
BON00002233,U0003327,4,2019-10-23 14:00:00,20191023,2000.0,1,2019-10-29 11:01:01,20191029.0
BON00002234,U0003900,4,2025-08-27 00:00:00,20250827,1000.0,1,2025-09-21 06:26:56,20250921.0
BON00002235,U0000650,2,2019-07-22 16:00:00,20190722,500.0,1,2019-07-30 09:00:06,20190730.0
BON00002236,U0001171,5,2020-05-27 13:00:00,20200527,5000.0,0,,
BON00002237,U0001628,1,2020-12-22 19:00:00,20201222,50.0,0,,
BON00002238,U0003470,1,2020-08-23 18:00:00,20200823,100.0,1,2020-08-27 03:45:44,20200827.0
BON00002239,U0002804,1,2024-02-22 02:00:00,20240222,200.0,1,2024-02-25 00:59:14,20240225.0
BON00002240,U0000605,1,2019-08-16 10:00:00,20190816,100.0,1,2019-09-04 04:42:33,20190904.0
BON00002241,U0002182,2,2019-11-20 22:00:00,20191120,1000.0,1,2019-11-22 21:57:46,20191122.0
BON00002242,U0000527,2,2022-08-13 03:00:00,20220813,500.0,1,2022-08-21 07:44:42,20220821.0
BON00002243,U0002334,4,2020-06-04 05:00:00,20200604,3000.0,1,2020-06-06 20:16:11,20200606.0
BON00002244,U0002427,3,2023-09-07 18:00:00,20230907,2000.0,1,2023-09-13 13:09:27,20230913.0
BON00002245,U0003999,2,2024-05-13 05:00:00,20240513,500.0,1,2024-05-20 07:06:10,20240520.0
BON00002246,U0001628,1,2022-02-14 08:00:00,20220214,20.0,1,2022-02-26 02:27:20,20220226.0
BON00002247,U0001937,3,2024-04-02 15:00:00,20240402,2000.0,0,,
BON00002248,U0000283,1,2022-10-07 02:00:00,20221007,20.0,0,,
BON00002249,U0001104,2,2021-10-21 01:00:00,20211021,2000.0,0,,
BON00002250,U0002296,1,2024-03-27 22:00:00,20240327,50.0,1,2024-03-28 09:04:47,20240328.0
BON00002251,U0000707,3,2022-05-15 13:00:00,20220515,500.0,1,2022-05-16 20:47:43,20220516.0
BON00002252,U0002443,1,2020-09-13 18:00:00,20200913,200.0,1,2020-09-19 16:33:38,20200919.0
BON00002253,U0000051,2,2021-03-21 16:00:00,20210321,1000.0,1,2021-03-26 23:04:28,20210326.0
BON00002254,U0000330,1,2021-04-08 08:00:00,20210408,200.0,1,2021-04-08 10:16:17,20210408.0
BON00002255,U0003196,3,2024-11-24 14:00:00,20241124,200.0,0,,
BON00002256,U0000650,4,2021-05-04 06:00:00,20210504,1000.0,1,2021-05-06 07:55:42,20210506.0
BON00002257,U0002382,1,2020-01-01 00:00:00,20200101,100.0,1,2020-01-04 14:32:31,20200104.0
BON00002258,U0001289,2,2024-12-12 23:00:00,20241212,5000.0,1,2024-12-20 01:49:28,20241220.0
BON00002259,U0000942,1,2022-11-26 18:00:00,20221126,50.0,0,,
BON00002260,U0002586,5,2020-03-15 18:00:00,20200315,5000.0,1,2020-03-27 02:34:26,20200327.0
BON00002261,U0002980,2,2020-11-25 23:00:00,20201125,1000.0,0,,
BON00002262,U0003964,1,2025-06-24 15:00:00,20250624,50.0,1,2025-06-29 19:19:58,20250629.0
BON00002263,U0001032,1,2019-03-27 12:00:00,20190327,50.0,1,2019-04-01 23:45:51,20190401.0
BON00002264,U0002556,1,2025-10-31 05:00:00,20251031,20.0,1,2025-11-06 12:37:04,20251106.0
BON00002265,U0001958,1,2023-02-12 14:00:00,20230212,100.0,0,,
BON00002266,U0002002,3,2021-09-07 16:00:00,20210907,1000.0,0,,
BON00002267,U0002245,2,2019-07-21 05:00:00,20190721,10000.0,1,2019-07-21 08:09:39,20190721.0
BON00002268,U0001711,1,2023-05-11 13:00:00,20230511,50.0,1,2023-05-15 23:50:54,20230515.0
BON00002269,U0001774,1,2021-09-23 07:00:00,20210923,20.0,0,,
BON00002270,U0000705,4,2019-09-22 10:00:00,20190922,500.0,1,2019-09-25 19:56:32,20190925.0
BON00002271,U0003434,1,2025-08-03 20:00:00,20250803,50.0,0,,
BON00002272,U0001678,1,2020-05-27 12:00:00,20200527,100.0,1,2020-06-01 15:27:07,20200601.0
BON00002273,U0001248,2,2020-03-06 17:00:00,20200306,1000.0,1,2020-03-22 07:12:55,20200322.0
BON00002274,U0002634,2,2023-10-12 07:00:00,20231012,10000.0,1,2023-10-21 14:00:25,20231021.0
BON00002275,U0002347,2,2023-06-18 09:00:00,20230618,2000.0,1,2023-06-24 00:41:21,20230624.0
BON00002276,U0000549,2,2020-03-09 17:00:00,20200309,5000.0,1,2020-03-09 22:59:08,20200309.0
BON00002277,U0003453,3,2021-07-30 11:00:00,20210730,200.0,1,2021-08-18 04:04:28,20210818.0
BON00002278,U0001850,2,2020-06-22 12:00:00,20200622,2000.0,0,,
BON00002279,U0003832,1,2024-01-30 15:00:00,20240130,200.0,0,,
BON00002280,U0000874,3,2022-02-11 01:00:00,20220211,200.0,0,,
BON00002281,U0000292,2,2019-08-02 23:00:00,20190802,5000.0,1,2019-08-08 14:29:33,20190808.0
BON00002282,U0000525,4,2019-09-22 18:00:00,20190922,500.0,1,2019-10-07 04:49:15,20191007.0
BON00002283,U0002737,1,2022-01-21 12:00:00,20220121,100.0,0,,
BON00002284,U0002702,2,2019-02-15 02:00:00,20190215,500.0,1,2019-02-21 12:01:52,20190221.0
BON00002285,U0003194,5,2020-02-05 09:00:00,20200205,2000.0,1,2020-02-25 07:36:21,20200225.0
BON00002286,U0001617,5,2021-04-28 10:00:00,20210428,20000.0,1,2021-04-29 13:04:14,20210429.0
BON00002287,U0003555,5,2021-10-21 13:00:00,20211021,20000.0,0,,
BON00002288,U0000376,1,2021-10-31 12:00:00,20211031,50.0,1,2021-11-17 22:10:25,20211117.0
BON00002289,U0003919,1,2020-10-04 05:00:00,20201004,50.0,1,2020-10-10 13:19:42,20201010.0
BON00002290,U0001004,2,2021-06-23 08:00:00,20210623,5000.0,0,,
BON00002291,U0002790,1,2020-07-04 22:00:00,20200704,50.0,0,,
BON00002292,U0002618,2,2019-04-29 14:00:00,20190429,5000.0,1,2019-05-13 08:12:20,20190513.0
BON00002293,U0000176,2,2023-05-30 08:00:00,20230530,500.0,0,,
BON00002294,U0003365,5,2023-10-20 22:00:00,20231020,20000.0,1,2023-10-24 22:11:31,20231024.0
BON00002295,U0002936,1,2022-03-18 11:00:00,20220318,100.0,0,,
BON00002296,U0001555,2,2021-07-07 03:00:00,20210707,5000.0,1,2021-07-22 22:57:19,20210722.0
BON00002297,U0001192,1,2025-06-12 12:00:00,20250612,50.0,0,,
BON00002298,U0000225,1,2023-11-01 09:00:00,20231101,200.0,1,2023-11-20 18:45:00,20231120.0
BON00002299,U0001692,2,2023-06-07 22:00:00,20230607,1000.0,1,2023-06-09 22:10:17,20230609.0
BON00002300,U0002131,1,2025-08-24 14:00:00,20250824,100.0,1,2025-08-26 11:25:54,20250826.0
BON00002301,U0002901,1,2022-05-14 08:00:00,20220514,50.0,1,2022-05-17 18:59:02,20220517.0
BON00002302,U0003678,2,2021-10-14 14:00:00,20211014,1000.0,0,,
BON00002303,U0000716,1,2025-10-27 21:00:00,20251027,100.0,1,2025-11-03 03:18:19,20251103.0
BON00002304,U0002048,2,2022-06-05 22:00:00,20220605,10000.0,1,2022-06-06 10:52:08,20220606.0
BON00002305,U0001371,2,2025-01-19 00:00:00,20250119,1000.0,1,2025-01-25 08:09:21,20250125.0
BON00002306,U0000414,2,2019-07-02 22:00:00,20190702,500.0,1,2019-07-05 10:35:40,20190705.0
BON00002307,U0001873,1,2024-03-09 07:00:00,20240309,200.0,1,2024-03-09 19:34:04,20240309.0
BON00002308,U0001384,1,2024-04-16 08:00:00,20240416,50.0,0,,
BON00002309,U0000620,4,2024-12-06 08:00:00,20241206,500.0,1,2024-12-07 07:57:50,20241207.0
BON00002310,U0002659,2,2024-08-31 04:00:00,20240831,500.0,1,2024-09-28 16:46:02,20240928.0
BON00002311,U0000402,1,2019-05-29 09:00:00,20190529,20.0,1,2019-05-30 19:17:35,20190530.0
BON00002312,U0000707,5,2019-11-26 00:00:00,20191126,5000.0,1,2019-11-29 18:34:13,20191129.0
BON00002313,U0002455,1,2024-12-17 16:00:00,20241217,20.0,0,,
BON00002314,U0002116,4,2020-05-24 18:00:00,20200524,500.0,1,2020-06-05 03:54:48,20200605.0
BON00002315,U0002585,1,2025-11-07 11:00:00,20251107,100.0,0,,
BON00002316,U0001895,4,2020-06-20 13:00:00,20200620,500.0,1,2020-06-21 21:46:57,20200621.0
BON00002317,U0003567,4,2022-09-30 22:00:00,20220930,2000.0,1,2022-10-13 09:25:45,20221013.0
BON00002318,U0000788,1,2021-02-21 04:00:00,20210221,200.0,1,2021-03-06 22:49:37,20210306.0
BON00002319,U0000761,1,2025-09-26 10:00:00,20250926,50.0,1,2025-09-27 00:15:48,20250927.0
BON00002320,U0002139,1,2024-07-24 13:00:00,20240724,100.0,1,2024-07-29 13:23:10,20240729.0
BON00002321,U0002848,3,2022-02-02 13:00:00,20220202,1000.0,0,,
BON00002322,U0000698,3,2019-07-29 03:00:00,20190729,1000.0,1,2019-08-08 08:00:39,20190808.0
BON00002323,U0000401,1,2022-04-10 12:00:00,20220410,100.0,0,,
BON00002324,U0002931,2,2024-02-16 20:00:00,20240216,1000.0,1,2024-02-27 20:22:25,20240227.0
BON00002325,U0001435,2,2025-02-16 22:00:00,20250216,500.0,0,,
BON00002326,U0000361,2,2023-09-10 00:00:00,20230910,2000.0,0,,
BON00002327,U0002844,5,2020-06-03 00:00:00,20200603,10000.0,0,,
BON00002328,U0000941,3,2021-07-31 01:00:00,20210731,2000.0,1,2021-08-11 11:59:13,20210811.0
BON00002329,U0003287,2,2023-06-08 16:00:00,20230608,1000.0,1,2023-06-13 03:17:59,20230613.0
BON00002330,U0000377,1,2023-10-24 23:00:00,20231024,200.0,1,2023-10-27 18:46:14,20231027.0
BON00002331,U0002731,2,2023-10-26 04:00:00,20231026,1000.0,1,2023-11-09 03:08:18,20231109.0
BON00002332,U0003795,2,2022-07-02 07:00:00,20220702,1000.0,1,2022-07-17 18:56:38,20220717.0
BON00002333,U0003482,2,2021-10-13 00:00:00,20211013,1000.0,0,,
BON00002334,U0001343,3,2023-07-19 16:00:00,20230719,2000.0,1,2023-08-11 22:30:39,20230811.0
BON00002335,U0000429,3,2023-06-30 13:00:00,20230630,500.0,1,2023-06-30 14:48:32,20230630.0
BON00002336,U0003387,1,2020-06-05 17:00:00,20200605,20.0,1,2020-06-08 22:37:24,20200608.0
BON00002337,U0000144,4,2023-03-17 11:00:00,20230317,500.0,1,2023-03-18 20:10:04,20230318.0
BON00002338,U0001206,3,2023-12-16 15:00:00,20231216,500.0,0,,
BON00002339,U0002032,4,2019-11-15 19:00:00,20191115,2000.0,1,2019-11-17 15:15:33,20191117.0
BON00002340,U0003318,4,2022-03-09 15:00:00,20220309,500.0,1,2022-03-22 08:02:09,20220322.0
BON00002341,U0003350,1,2023-10-22 09:00:00,20231022,200.0,1,2023-10-24 20:53:22,20231024.0
BON00002342,U0000241,1,2025-06-07 21:00:00,20250607,200.0,0,,
BON00002343,U0000374,2,2024-05-08 18:00:00,20240508,2000.0,1,2024-05-30 10:12:36,20240530.0
BON00002344,U0001710,2,2019-04-03 17:00:00,20190403,10000.0,1,2019-04-07 17:58:14,20190407.0
BON00002345,U0001382,2,2023-09-15 02:00:00,20230915,5000.0,1,2023-09-15 05:19:36,20230915.0
BON00002346,U0002276,4,2021-11-29 06:00:00,20211129,1000.0,1,2021-12-09 13:07:15,20211209.0
BON00002347,U0001861,4,2021-02-02 11:00:00,20210202,500.0,1,2021-02-23 08:00:43,20210223.0
BON00002348,U0003826,2,2024-03-01 04:00:00,20240301,500.0,0,,
BON00002349,U0003755,1,2019-03-28 17:00:00,20190328,200.0,1,2019-04-01 17:29:12,20190401.0
BON00002350,U0002833,4,2019-06-12 21:00:00,20190612,2000.0,0,,
BON00002351,U0003060,1,2023-06-20 18:00:00,20230620,200.0,1,2023-06-23 05:32:43,20230623.0
BON00002352,U0001039,1,2019-05-08 02:00:00,20190508,20.0,1,2019-05-09 11:20:51,20190509.0
BON00002353,U0003078,1,2020-03-31 18:00:00,20200331,200.0,1,2020-04-02 01:54:50,20200402.0
BON00002354,U0000755,3,2024-11-30 19:00:00,20241130,1000.0,1,2024-12-09 00:26:59,20241209.0
BON00002355,U0000234,4,2022-03-13 00:00:00,20220313,3000.0,1,2022-03-14 03:41:05,20220314.0
BON00002356,U0003910,2,2023-11-27 03:00:00,20231127,500.0,1,2023-12-05 16:22:36,20231205.0
BON00002357,U0003569,1,2020-02-26 11:00:00,20200226,200.0,1,2020-03-19 15:13:18,20200319.0
BON00002358,U0000190,2,2020-07-27 19:00:00,20200727,2000.0,0,,
BON00002359,U0002330,1,2022-01-10 22:00:00,20220110,20.0,1,2022-01-16 06:36:24,20220116.0
BON00002360,U0003719,3,2022-06-05 13:00:00,20220605,1000.0,1,2022-06-19 00:16:47,20220619.0
BON00002361,U0000768,3,2020-06-27 07:00:00,20200627,1000.0,1,2020-06-29 05:29:56,20200629.0
BON00002362,U0001173,2,2025-04-06 00:00:00,20250406,1000.0,1,2025-04-14 11:04:30,20250414.0
BON00002363,U0002738,1,2023-03-18 01:00:00,20230318,50.0,1,2023-03-31 16:09:08,20230331.0
BON00002364,U0001793,5,2022-09-23 19:00:00,20220923,10000.0,1,2022-09-28 03:51:46,20220928.0
BON00002365,U0003079,2,2023-08-15 12:00:00,20230815,2000.0,1,2023-08-22 13:25:22,20230822.0
BON00002366,U0000898,1,2025-01-26 06:00:00,20250126,50.0,1,2025-01-28 19:11:02,20250128.0
BON00002367,U0002878,2,2024-10-20 17:00:00,20241020,1000.0,1,2024-10-25 14:32:28,20241025.0
BON00002368,U0003727,4,2019-02-27 19:00:00,20190227,2000.0,1,2019-03-02 06:29:16,20190302.0
BON00002369,U0001401,1,2024-07-20 04:00:00,20240720,20.0,0,,
BON00002370,U0000450,1,2019-10-09 06:00:00,20191009,50.0,1,2019-10-15 14:59:40,20191015.0
BON00002371,U0002092,1,2021-04-20 22:00:00,20210420,50.0,1,2021-04-26 22:05:49,20210426.0
BON00002372,U0002135,4,2022-06-28 00:00:00,20220628,2000.0,1,2022-07-02 09:42:46,20220702.0
BON00002373,U0001836,1,2021-11-30 02:00:00,20211130,50.0,0,,
BON00002374,U0002147,2,2020-08-15 04:00:00,20200815,1000.0,1,2020-08-18 18:02:37,20200818.0
BON00002375,U0003962,3,2019-11-29 17:00:00,20191129,1000.0,1,2019-12-03 18:55:56,20191203.0
BON00002376,U0000851,2,2025-03-25 09:00:00,20250325,5000.0,1,2025-04-14 09:52:13,20250414.0
BON00002377,U0002475,2,2024-11-01 03:00:00,20241101,5000.0,0,,
BON00002378,U0002230,1,2023-11-07 14:00:00,20231107,100.0,1,2023-11-09 05:17:28,20231109.0
BON00002379,U0000963,1,2025-12-12 08:00:00,20251212,200.0,1,2025-12-16 00:11:42,20251216.0
BON00002380,U0001592,3,2020-02-02 07:00:00,20200202,500.0,1,2020-02-08 23:48:38,20200208.0
BON00002381,U0001244,2,2020-08-07 21:00:00,20200807,5000.0,1,2020-08-09 07:59:29,20200809.0
BON00002382,U0003499,1,2020-04-18 06:00:00,20200418,20.0,1,2020-04-21 08:54:43,20200421.0
BON00002383,U0002583,1,2024-04-16 16:00:00,20240416,20.0,0,,
BON00002384,U0000664,1,2023-05-25 23:00:00,20230525,100.0,1,2023-05-26 16:46:13,20230526.0
BON00002385,U0001433,1,2023-10-19 11:00:00,20231019,200.0,1,2023-10-21 03:12:26,20231021.0
BON00002386,U0002666,4,2021-04-01 14:00:00,20210401,2000.0,0,,
BON00002387,U0002489,1,2021-06-11 23:00:00,20210611,200.0,1,2021-06-12 02:33:37,20210612.0
BON00002388,U0003448,3,2025-06-04 14:00:00,20250604,200.0,0,,
BON00002389,U0002010,2,2025-06-29 08:00:00,20250629,2000.0,1,2025-07-02 03:20:30,20250702.0
BON00002390,U0001346,3,2022-04-09 14:00:00,20220409,2000.0,0,,
BON00002391,U0003217,2,2023-09-03 12:00:00,20230903,500.0,1,2023-09-06 01:35:53,20230906.0
BON00002392,U0002587,2,2024-02-28 08:00:00,20240228,500.0,1,2024-03-10 20:36:30,20240310.0
BON00002393,U0000816,2,2021-12-10 16:00:00,20211210,10000.0,1,2021-12-12 03:10:06,20211212.0
BON00002394,U0000201,2,2025-11-14 10:00:00,20251114,5000.0,1,2025-11-19 14:15:20,20251119.0
BON00002395,U0000154,2,2023-05-23 13:00:00,20230523,10000.0,1,2023-05-29 01:45:05,20230529.0
BON00002396,U0002156,3,2023-07-24 00:00:00,20230724,200.0,1,2023-08-02 22:08:16,20230802.0
BON00002397,U0001027,1,2019-07-18 10:00:00,20190718,200.0,1,2019-07-28 05:06:23,20190728.0
BON00002398,U0002789,3,2021-12-19 10:00:00,20211219,1000.0,0,,
BON00002399,U0003381,3,2024-12-28 15:00:00,20241228,200.0,0,,
BON00002400,U0000620,1,2021-10-11 19:00:00,20211011,50.0,1,2021-10-18 14:33:10,20211018.0
BON00002401,U0002038,1,2024-11-15 16:00:00,20241115,100.0,1,2024-11-18 11:53:17,20241118.0
BON00002402,U0003042,1,2025-06-22 01:00:00,20250622,20.0,0,,
BON00002403,U0003684,5,2021-11-10 14:00:00,20211110,5000.0,0,,
BON00002404,U0000506,2,2024-06-27 04:00:00,20240627,1000.0,1,2024-07-10 03:06:58,20240710.0
BON00002405,U0000392,1,2025-10-13 12:00:00,20251013,20.0,0,,
BON00002406,U0002114,1,2025-07-11 21:00:00,20250711,50.0,1,2025-07-14 04:39:14,20250714.0
BON00002407,U0002834,2,2019-05-30 22:00:00,20190530,10000.0,1,2019-06-04 06:22:02,20190604.0
BON00002408,U0001447,1,2020-03-01 20:00:00,20200301,50.0,1,2020-03-09 18:54:22,20200309.0
BON00002409,U0002337,2,2021-12-04 14:00:00,20211204,10000.0,0,,
BON00002410,U0003553,4,2024-05-23 12:00:00,20240523,3000.0,1,2024-05-31 04:43:24,20240531.0
BON00002411,U0002008,4,2025-02-20 14:00:00,20250220,500.0,0,,
BON00002412,U0001967,2,2020-12-19 19:00:00,20201219,10000.0,1,2020-12-22 13:11:04,20201222.0
BON00002413,U0002676,3,2024-11-30 14:00:00,20241130,500.0,1,2024-12-06 04:55:43,20241206.0
BON00002414,U0001294,3,2020-10-27 00:00:00,20201027,500.0,0,,
BON00002415,U0001655,1,2023-02-15 20:00:00,20230215,20.0,0,,
BON00002416,U0003770,5,2024-02-25 05:00:00,20240225,5000.0,0,,
BON00002417,U0003862,2,2020-05-03 06:00:00,20200503,500.0,0,,
BON00002418,U0003212,1,2021-05-30 09:00:00,20210530,200.0,1,2021-06-17 06:04:00,20210617.0
BON00002419,U0000897,4,2023-01-23 06:00:00,20230123,3000.0,0,,
BON00002420,U0001774,3,2022-03-23 19:00:00,20220323,500.0,1,2022-03-29 10:34:49,20220329.0
BON00002421,U0000113,4,2025-02-16 22:00:00,20250216,2000.0,1,2025-03-04 05:55:02,20250304.0
BON00002422,U0000850,4,2021-07-08 02:00:00,20210708,2000.0,1,2021-07-31 08:53:53,20210731.0
BON00002423,U0003893,1,2022-08-06 08:00:00,20220806,100.0,0,,
BON00002424,U0001047,2,2023-01-22 17:00:00,20230122,10000.0,1,2023-01-24 11:02:07,20230124.0
BON00002425,U0000364,1,2025-06-10 17:00:00,20250610,50.0,0,,
BON00002426,U0001926,4,2025-04-20 19:00:00,20250420,1000.0,1,2025-05-08 17:42:17,20250508.0
BON00002427,U0003309,3,2019-10-24 05:00:00,20191024,500.0,0,,
BON00002428,U0002407,1,2022-01-19 10:00:00,20220119,50.0,1,2022-01-23 13:19:10,20220123.0
BON00002429,U0002854,1,2019-08-31 18:00:00,20190831,100.0,1,2019-09-09 07:25:41,20190909.0
BON00002430,U0001679,2,2021-10-12 09:00:00,20211012,5000.0,1,2021-10-21 05:07:19,20211021.0
BON00002431,U0001529,2,2022-11-06 02:00:00,20221106,1000.0,0,,
BON00002432,U0003358,1,2022-02-14 13:00:00,20220214,20.0,0,,
BON00002433,U0002833,1,2020-04-24 16:00:00,20200424,200.0,1,2020-04-25 00:32:27,20200425.0
BON00002434,U0003722,1,2021-11-25 09:00:00,20211125,200.0,1,2021-12-16 20:30:22,20211216.0
BON00002435,U0002101,2,2025-04-19 11:00:00,20250419,500.0,0,,
BON00002436,U0000680,5,2025-02-04 22:00:00,20250204,10000.0,1,2025-02-12 18:55:09,20250212.0
BON00002437,U0002394,2,2019-08-14 16:00:00,20190814,10000.0,1,2019-08-15 11:11:34,20190815.0
BON00002438,U0000402,3,2019-10-26 11:00:00,20191026,200.0,1,2019-11-04 15:02:41,20191104.0
BON00002439,U0002693,1,2023-05-19 20:00:00,20230519,100.0,1,2023-05-22 10:41:49,20230522.0
BON00002440,U0001573,4,2024-12-22 02:00:00,20241222,2000.0,1,2024-12-28 11:20:47,20241228.0
BON00002441,U0003166,2,2022-05-29 18:00:00,20220529,5000.0,1,2022-05-30 04:11:29,20220530.0
BON00002442,U0002993,3,2023-09-30 11:00:00,20230930,1000.0,1,2023-10-14 03:30:59,20231014.0
BON00002443,U0001154,1,2023-04-13 10:00:00,20230413,200.0,0,,
BON00002444,U0000769,4,2021-08-14 01:00:00,20210814,3000.0,1,2021-08-19 14:46:50,20210819.0
BON00002445,U0003366,1,2024-06-09 03:00:00,20240609,50.0,1,2024-06-14 20:29:39,20240614.0
BON00002446,U0000182,1,2021-02-13 12:00:00,20210213,200.0,0,,
BON00002447,U0002348,2,2020-01-12 08:00:00,20200112,500.0,0,,
BON00002448,U0002751,3,2022-05-29 15:00:00,20220529,200.0,0,,
BON00002449,U0001142,2,2025-03-11 11:00:00,20250311,10000.0,0,,
BON00002450,U0003534,3,2023-10-19 19:00:00,20231019,1000.0,1,2023-10-25 14:25:10,20231025.0
BON00002451,U0003138,4,2023-06-07 13:00:00,20230607,1000.0,1,2023-06-19 18:13:43,20230619.0
BON00002452,U0000157,1,2022-05-31 21:00:00,20220531,50.0,1,2022-06-12 12:19:17,20220612.0
BON00002453,U0000829,1,2024-10-21 10:00:00,20241021,20.0,1,2024-11-01 00:59:36,20241101.0
BON00002454,U0000253,2,2021-09-22 10:00:00,20210922,5000.0,1,2021-10-09 20:42:42,20211009.0
BON00002455,U0002757,2,2019-10-04 18:00:00,20191004,1000.0,1,2019-10-11 20:08:19,20191011.0
BON00002456,U0003858,2,2021-05-21 20:00:00,20210521,1000.0,1,2021-05-29 20:32:03,20210529.0
BON00002457,U0000083,1,2025-11-14 15:00:00,20251114,50.0,1,2025-11-15 18:51:41,20251115.0
BON00002458,U0003813,5,2024-10-04 02:00:00,20241004,10000.0,1,2024-10-23 07:35:30,20241023.0
BON00002459,U0002247,2,2022-06-30 02:00:00,20220630,500.0,0,,
BON00002460,U0001594,2,2024-11-08 20:00:00,20241108,1000.0,1,2024-11-13 00:43:18,20241113.0
BON00002461,U0002734,1,2021-05-10 22:00:00,20210510,100.0,1,2021-06-01 12:26:38,20210601.0
BON00002462,U0001516,5,2024-02-11 09:00:00,20240211,20000.0,1,2024-02-18 22:20:05,20240218.0
BON00002463,U0000137,4,2023-10-30 05:00:00,20231030,2000.0,1,2023-11-15 09:51:11,20231115.0
BON00002464,U0002031,2,2025-04-06 14:00:00,20250406,500.0,1,2025-04-06 23:06:57,20250406.0
BON00002465,U0001513,1,2023-04-26 10:00:00,20230426,200.0,1,2023-05-17 06:52:26,20230517.0
BON00002466,U0002924,2,2025-08-19 17:00:00,20250819,500.0,1,2025-08-20 18:49:01,20250820.0
BON00002467,U0002810,2,2022-10-04 17:00:00,20221004,10000.0,1,2022-10-25 07:46:07,20221025.0
BON00002468,U0001598,1,2025-11-22 12:00:00,20251122,100.0,1,2025-12-02 04:43:35,20251202.0
BON00002469,U0003542,1,2020-11-20 23:00:00,20201120,200.0,1,2020-11-24 17:56:16,20201124.0
BON00002470,U0003070,2,2022-12-29 11:00:00,20221229,10000.0,1,2023-01-07 11:15:08,20230107.0
BON00002471,U0000779,2,2021-08-31 15:00:00,20210831,2000.0,1,2021-09-17 06:57:32,20210917.0
BON00002472,U0002944,4,2025-05-15 06:00:00,20250515,1000.0,1,2025-05-20 16:10:11,20250520.0
BON00002473,U0002114,2,2025-09-08 12:00:00,20250908,5000.0,1,2025-09-16 02:17:03,20250916.0
BON00002474,U0002784,1,2025-03-24 03:00:00,20250324,20.0,1,2025-04-09 17:02:37,20250409.0
BON00002475,U0002944,3,2021-07-05 09:00:00,20210705,500.0,1,2021-07-09 09:53:10,20210709.0
BON00002476,U0000284,4,2025-12-07 10:00:00,20251207,500.0,1,2025-12-27 12:34:31,20251227.0
BON00002477,U0001898,2,2024-12-07 19:00:00,20241207,5000.0,1,2024-12-22 18:26:02,20241222.0
BON00002478,U0002156,1,2021-10-10 12:00:00,20211010,200.0,1,2021-10-12 01:12:13,20211012.0
BON00002479,U0002636,2,2025-10-11 15:00:00,20251011,1000.0,1,2025-10-18 04:34:43,20251018.0
BON00002480,U0002980,2,2024-04-06 06:00:00,20240406,500.0,1,2024-04-11 03:35:35,20240411.0
BON00002481,U0003643,3,2025-05-29 15:00:00,20250529,500.0,0,,
BON00002482,U0002617,1,2023-05-15 23:00:00,20230515,100.0,1,2023-05-20 09:04:47,20230520.0
BON00002483,U0003031,2,2019-12-08 12:00:00,20191208,500.0,0,,
BON00002484,U0003815,4,2020-03-23 06:00:00,20200323,1000.0,1,2020-03-26 10:59:47,20200326.0
BON00002485,U0000165,2,2023-02-03 10:00:00,20230203,10000.0,1,2023-02-16 12:23:59,20230216.0
BON00002486,U0003212,1,2024-12-02 15:00:00,20241202,100.0,1,2024-12-03 19:10:02,20241203.0
BON00002487,U0002673,5,2023-12-29 15:00:00,20231229,2000.0,0,,
BON00002488,U0000538,5,2025-09-25 15:00:00,20250925,5000.0,1,2025-10-04 01:20:33,20251004.0
BON00002489,U0000936,2,2022-09-28 09:00:00,20220928,500.0,1,2022-10-02 20:00:45,20221002.0
BON00002490,U0001784,1,2021-09-27 21:00:00,20210927,100.0,1,2021-10-08 10:54:21,20211008.0
BON00002491,U0002575,2,2022-12-29 06:00:00,20221229,1000.0,1,2023-01-01 05:22:58,20230101.0
BON00002492,U0000886,2,2024-10-17 11:00:00,20241017,2000.0,1,2024-10-18 01:40:29,20241018.0
BON00002493,U0001988,2,2022-06-04 16:00:00,20220604,5000.0,1,2022-06-17 02:00:24,20220617.0
BON00002494,U0003469,1,2024-12-17 17:00:00,20241217,100.0,1,2024-12-22 13:08:04,20241222.0
BON00002495,U0002965,2,2021-09-09 17:00:00,20210909,2000.0,1,2021-09-10 04:26:20,20210910.0
BON00002496,U0002002,1,2024-04-26 06:00:00,20240426,20.0,0,,
BON00002497,U0002648,1,2022-10-04 00:00:00,20221004,20.0,0,,
BON00002498,U0003618,2,2024-05-09 04:00:00,20240509,5000.0,1,2024-06-02 07:34:01,20240602.0
BON00002499,U0003970,5,2023-03-11 15:00:00,20230311,20000.0,0,,
BON00002500,U0003002,1,2022-01-03 03:00:00,20220103,200.0,1,2022-01-03 16:29:25,20220103.0
BON00002501,U0001490,2,2023-12-16 16:00:00,20231216,5000.0,0,,
BON00002502,U0001346,4,2025-11-07 17:00:00,20251107,500.0,1,2025-11-13 07:52:25,20251113.0
BON00002503,U0002018,2,2021-11-26 04:00:00,20211126,5000.0,0,,
BON00002504,U0002388,2,2025-03-10 18:00:00,20250310,2000.0,0,,
BON00002505,U0002556,2,2022-08-21 15:00:00,20220821,10000.0,0,,
BON00002506,U0002452,5,2021-02-21 12:00:00,20210221,20000.0,0,,
BON00002507,U0000377,1,2023-04-26 19:00:00,20230426,50.0,0,,
BON00002508,U0003196,4,2023-10-09 07:00:00,20231009,1000.0,0,,
BON00002509,U0002399,3,2023-08-08 17:00:00,20230808,2000.0,0,,
BON00002510,U0000169,1,2025-01-30 13:00:00,20250130,100.0,1,2025-01-31 23:23:11,20250131.0
BON00002511,U0000179,3,2025-10-29 19:00:00,20251029,200.0,1,2025-11-07 14:37:37,20251107.0
BON00002512,U0003179,2,2024-01-25 07:00:00,20240125,5000.0,1,2024-01-27 09:14:03,20240127.0
BON00002513,U0000081,1,2021-10-11 04:00:00,20211011,200.0,0,,
BON00002514,U0003275,5,2023-03-16 22:00:00,20230316,2000.0,1,2023-03-25 19:16:15,20230325.0
BON00002515,U0003174,1,2021-03-22 13:00:00,20210322,200.0,1,2021-03-26 14:48:23,20210326.0
BON00002516,U0003211,1,2024-09-21 23:00:00,20240921,20.0,1,2024-09-22 23:21:33,20240922.0
BON00002517,U0001206,4,2024-07-30 00:00:00,20240730,500.0,0,,
BON00002518,U0002932,2,2025-08-22 13:00:00,20250822,10000.0,1,2025-08-31 16:15:28,20250831.0
BON00002519,U0003193,3,2023-11-09 14:00:00,20231109,500.0,1,2023-11-12 21:28:11,20231112.0
BON00002520,U0003448,2,2020-11-25 18:00:00,20201125,1000.0,1,2020-11-27 09:25:17,20201127.0
BON00002521,U0001241,4,2020-10-20 16:00:00,20201020,500.0,0,,
BON00002522,U0000693,3,2024-03-13 14:00:00,20240313,200.0,1,2024-04-03 15:54:12,20240403.0
BON00002523,U0002626,4,2024-11-16 14:00:00,20241116,500.0,1,2024-11-19 15:17:59,20241119.0
BON00002524,U0000784,1,2023-11-07 20:00:00,20231107,20.0,0,,
BON00002525,U0002700,1,2019-12-17 05:00:00,20191217,100.0,1,2019-12-25 16:19:50,20191225.0
BON00002526,U0002160,1,2021-10-04 01:00:00,20211004,100.0,0,,
BON00002527,U0003453,2,2019-12-23 14:00:00,20191223,2000.0,0,,
BON00002528,U0000566,2,2025-04-30 20:00:00,20250430,10000.0,1,2025-05-05 16:10:19,20250505.0
BON00002529,U0002604,1,2020-10-31 00:00:00,20201031,50.0,0,,
BON00002530,U0002444,5,2020-06-08 18:00:00,20200608,5000.0,1,2020-06-10 00:54:44,20200610.0
BON00002531,U0000634,2,2021-12-22 13:00:00,20211222,2000.0,1,2021-12-23 18:10:16,20211223.0
BON00002532,U0000376,1,2025-02-09 06:00:00,20250209,50.0,1,2025-03-10 17:41:15,20250310.0
BON00002533,U0001135,2,2020-10-09 19:00:00,20201009,5000.0,0,,
BON00002534,U0001739,2,2019-11-23 00:00:00,20191123,5000.0,0,,
BON00002535,U0000046,2,2024-09-13 16:00:00,20240913,1000.0,0,,
BON00002536,U0002861,5,2022-04-23 11:00:00,20220423,2000.0,0,,
BON00002537,U0002487,2,2019-08-04 05:00:00,20190804,10000.0,1,2019-08-13 07:38:23,20190813.0
BON00002538,U0001369,1,2021-03-07 23:00:00,20210307,100.0,0,,
BON00002539,U0001677,2,2020-06-12 14:00:00,20200612,10000.0,1,2020-06-14 15:23:32,20200614.0
BON00002540,U0003066,1,2022-12-06 21:00:00,20221206,20.0,0,,
BON00002541,U0001629,1,2025-08-25 21:00:00,20250825,100.0,0,,
BON00002542,U0002114,4,2024-05-02 03:00:00,20240502,3000.0,0,,
BON00002543,U0002758,4,2021-12-31 19:00:00,20211231,2000.0,1,2022-01-10 09:02:18,20220110.0
BON00002544,U0003476,4,2020-11-28 21:00:00,20201128,3000.0,1,2020-12-06 13:30:25,20201206.0
BON00002545,U0000993,1,2024-06-14 14:00:00,20240614,20.0,1,2024-06-18 03:38:51,20240618.0
BON00002546,U0002270,3,2019-05-17 08:00:00,20190517,200.0,1,2019-05-24 22:06:19,20190524.0
BON00002547,U0000187,2,2024-03-15 10:00:00,20240315,500.0,1,2024-03-23 04:37:27,20240323.0
BON00002548,U0002116,1,2025-06-11 22:00:00,20250611,100.0,0,,
BON00002549,U0002432,5,2022-09-07 21:00:00,20220907,10000.0,1,2022-09-26 03:57:54,20220926.0
BON00002550,U0001748,2,2021-05-27 02:00:00,20210527,10000.0,0,,
BON00002551,U0002100,1,2025-06-16 22:00:00,20250616,100.0,0,,
BON00002552,U0002940,3,2023-11-22 10:00:00,20231122,2000.0,1,2023-11-25 10:23:02,20231125.0
BON00002553,U0003805,3,2022-08-26 23:00:00,20220826,2000.0,0,,
BON00002554,U0002567,1,2021-11-20 12:00:00,20211120,100.0,1,2021-11-22 17:57:38,20211122.0
BON00002555,U0002067,2,2024-03-30 02:00:00,20240330,2000.0,0,,
BON00002556,U0001183,4,2025-11-15 22:00:00,20251115,2000.0,0,,
BON00002557,U0001189,3,2023-05-16 04:00:00,20230516,200.0,1,2023-05-27 20:40:21,20230527.0
BON00002558,U0002172,2,2025-05-02 08:00:00,20250502,10000.0,1,2025-05-04 03:00:58,20250504.0
BON00002559,U0002171,1,2024-07-19 20:00:00,20240719,50.0,1,2024-08-03 17:20:06,20240803.0
BON00002560,U0001528,3,2020-07-31 19:00:00,20200731,1000.0,0,,
BON00002561,U0000491,4,2019-01-01 07:00:00,20190101,500.0,0,,
BON00002562,U0003087,2,2025-01-26 16:00:00,20250126,1000.0,0,,
BON00002563,U0003194,1,2023-07-21 02:00:00,20230721,50.0,1,2023-07-23 14:00:50,20230723.0
BON00002564,U0002662,1,2025-04-12 10:00:00,20250412,200.0,0,,
BON00002565,U0001604,1,2023-08-05 21:00:00,20230805,200.0,0,,
BON00002566,U0000954,4,2023-04-06 21:00:00,20230406,500.0,0,,
BON00002567,U0000945,1,2023-10-20 06:00:00,20231020,50.0,1,2023-11-01 07:10:16,20231101.0
BON00002568,U0003788,2,2020-09-28 06:00:00,20200928,500.0,0,,
BON00002569,U0002799,2,2025-12-24 11:00:00,20251224,10000.0,1,2025-12-25 17:06:23,20251225.0
BON00002570,U0001877,1,2024-01-09 00:00:00,20240109,200.0,0,,
BON00002571,U0000495,2,2025-02-01 15:00:00,20250201,5000.0,1,2025-02-12 23:17:22,20250212.0
BON00002572,U0000201,1,2021-10-02 22:00:00,20211002,100.0,1,2021-10-05 15:45:38,20211005.0
BON00002573,U0002938,5,2020-12-08 23:00:00,20201208,20000.0,0,,
BON00002574,U0001047,1,2024-08-09 17:00:00,20240809,20.0,1,2024-08-16 09:36:37,20240816.0
BON00002575,U0001990,2,2020-03-16 09:00:00,20200316,10000.0,1,2020-03-19 09:14:17,20200319.0
BON00002576,U0003549,2,2021-03-17 13:00:00,20210317,1000.0,1,2021-03-17 17:53:22,20210317.0
BON00002577,U0000733,4,2020-11-15 02:00:00,20201115,500.0,1,2020-11-24 01:59:28,20201124.0
BON00002578,U0000600,1,2020-11-19 17:00:00,20201119,20.0,1,2020-11-21 08:47:43,20201121.0
BON00002579,U0003188,1,2020-07-22 21:00:00,20200722,200.0,0,,
BON00002580,U0000801,1,2023-09-03 12:00:00,20230903,20.0,0,,
BON00002581,U0002751,3,2025-09-17 20:00:00,20250917,500.0,1,2025-09-24 16:34:41,20250924.0
BON00002582,U0002927,3,2024-04-19 06:00:00,20240419,1000.0,1,2024-05-02 21:05:20,20240502.0
BON00002583,U0001908,1,2023-02-01 17:00:00,20230201,100.0,1,2023-02-06 07:32:20,20230206.0
BON00002584,U0001559,4,2022-09-27 12:00:00,20220927,500.0,0,,
BON00002585,U0002811,2,2023-11-14 01:00:00,20231114,500.0,0,,
BON00002586,U0002185,1,2023-04-19 12:00:00,20230419,50.0,1,2023-05-04 19:03:47,20230504.0
BON00002587,U0001812,1,2024-07-20 03:00:00,20240720,20.0,0,,
BON00002588,U0003390,3,2023-12-28 20:00:00,20231228,500.0,0,,
BON00002589,U0003768,2,2025-04-06 01:00:00,20250406,500.0,1,2025-04-08 20:55:00,20250408.0
BON00002590,U0003761,1,2019-06-01 20:00:00,20190601,50.0,1,2019-06-04 06:13:30,20190604.0
BON00002591,U0003862,1,2019-04-15 14:00:00,20190415,100.0,1,2019-04-22 17:47:56,20190422.0
BON00002592,U0002783,1,2024-07-10 07:00:00,20240710,50.0,0,,
BON00002593,U0001299,2,2024-11-29 20:00:00,20241129,10000.0,1,2024-12-04 17:14:29,20241204.0
BON00002594,U0001142,2,2023-02-03 03:00:00,20230203,10000.0,0,,
BON00002595,U0003533,2,2024-05-16 05:00:00,20240516,500.0,1,2024-05-24 04:40:09,20240524.0
BON00002596,U0002184,4,2021-05-12 20:00:00,20210512,1000.0,0,,
BON00002597,U0000080,3,2022-10-16 01:00:00,20221016,200.0,0,,
BON00002598,U0001430,1,2023-11-09 21:00:00,20231109,100.0,1,2023-11-26 15:35:37,20231126.0
BON00002599,U0000357,1,2025-07-16 03:00:00,20250716,50.0,1,2025-07-18 14:09:30,20250718.0
BON00002600,U0002371,2,2025-08-06 02:00:00,20250806,5000.0,1,2025-08-08 21:23:25,20250808.0
BON00002601,U0003792,2,2025-04-27 03:00:00,20250427,10000.0,0,,
BON00002602,U0002944,1,2023-02-18 19:00:00,20230218,20.0,1,2023-02-25 08:09:45,20230225.0
BON00002603,U0003486,1,2020-09-05 05:00:00,20200905,50.0,1,2020-09-26 19:31:34,20200926.0
BON00002604,U0003832,2,2021-01-23 19:00:00,20210123,1000.0,1,2021-02-01 12:58:18,20210201.0
BON00002605,U0003537,1,2020-08-20 08:00:00,20200820,200.0,1,2020-09-03 11:46:17,20200903.0
BON00002606,U0002799,1,2023-05-08 12:00:00,20230508,50.0,1,2023-05-20 11:26:47,20230520.0
BON00002607,U0003429,2,2022-09-08 04:00:00,20220908,1000.0,0,,
BON00002608,U0003484,1,2025-12-13 23:00:00,20251213,100.0,0,,
BON00002609,U0003560,2,2020-09-15 00:00:00,20200915,5000.0,1,2020-09-17 19:10:38,20200917.0
BON00002610,U0002554,1,2025-07-27 08:00:00,20250727,20.0,1,2025-08-11 00:59:43,20250811.0
BON00002611,U0000264,1,2022-09-25 06:00:00,20220925,100.0,0,,
BON00002612,U0003293,3,2025-09-27 06:00:00,20250927,2000.0,1,2025-10-01 21:42:17,20251001.0
BON00002613,U0003299,5,2025-09-07 07:00:00,20250907,10000.0,1,2025-09-24 00:15:11,20250924.0
BON00002614,U0002975,2,2025-04-01 04:00:00,20250401,1000.0,1,2025-04-10 10:09:39,20250410.0
BON00002615,U0001331,2,2020-12-24 15:00:00,20201224,1000.0,1,2020-12-24 17:16:37,20201224.0
BON00002616,U0001005,2,2024-09-03 15:00:00,20240903,10000.0,1,2024-09-07 10:15:21,20240907.0
BON00002617,U0002029,2,2019-01-10 09:00:00,20190110,5000.0,1,2019-01-17 07:15:05,20190117.0
BON00002618,U0000532,1,2025-08-19 21:00:00,20250819,50.0,0,,
BON00002619,U0002862,3,2021-11-21 19:00:00,20211121,2000.0,1,2021-11-25 16:03:07,20211125.0
BON00002620,U0003237,3,2019-09-26 07:00:00,20190926,200.0,0,,
BON00002621,U0000744,1,2019-06-11 22:00:00,20190611,100.0,1,2019-06-12 02:54:53,20190612.0
BON00002622,U0002620,1,2021-09-16 03:00:00,20210916,50.0,0,,
BON00002623,U0001927,5,2022-07-21 09:00:00,20220721,5000.0,1,2022-07-23 01:37:07,20220723.0
BON00002624,U0003331,1,2024-09-28 21:00:00,20240928,100.0,1,2024-10-28 21:00:00,20241028.0
BON00002625,U0000439,4,2021-04-13 14:00:00,20210413,500.0,1,2021-05-01 04:19:04,20210501.0
BON00002626,U0000801,5,2025-09-19 11:00:00,20250919,2000.0,0,,
BON00002627,U0000911,5,2023-11-25 02:00:00,20231125,10000.0,0,,
BON00002628,U0003453,3,2025-11-18 04:00:00,20251118,2000.0,0,,
BON00002629,U0002707,1,2022-11-06 10:00:00,20221106,20.0,0,,
BON00002630,U0003164,3,2025-01-23 07:00:00,20250123,200.0,0,,
BON00002631,U0001073,1,2023-03-15 08:00:00,20230315,100.0,1,2023-03-16 03:23:08,20230316.0
BON00002632,U0000081,1,2025-07-12 04:00:00,20250712,20.0,1,2025-07-15 05:16:52,20250715.0
BON00002633,U0002440,5,2021-01-19 10:00:00,20210119,5000.0,0,,
BON00002634,U0000509,1,2025-08-13 23:00:00,20250813,100.0,0,,
BON00002635,U0001613,1,2021-05-07 22:00:00,20210507,20.0,1,2021-05-13 14:12:53,20210513.0
BON00002636,U0002938,2,2021-08-26 17:00:00,20210826,500.0,1,2021-08-29 12:07:32,20210829.0
BON00002637,U0001075,1,2019-10-18 16:00:00,20191018,50.0,1,2019-10-27 05:43:22,20191027.0
BON00002638,U0003426,3,2024-11-06 10:00:00,20241106,2000.0,1,2024-11-11 08:33:53,20241111.0
BON00002639,U0001816,4,2019-01-22 18:00:00,20190122,1000.0,1,2019-02-06 18:47:54,20190206.0
BON00002640,U0003491,1,2019-08-22 10:00:00,20190822,20.0,0,,
BON00002641,U0000233,3,2023-02-26 13:00:00,20230226,1000.0,1,2023-03-08 17:26:34,20230308.0
BON00002642,U0001648,2,2023-09-27 10:00:00,20230927,10000.0,1,2023-09-27 20:36:32,20230927.0
BON00002643,U0001407,2,2024-06-08 14:00:00,20240608,10000.0,1,2024-06-10 07:43:19,20240610.0
BON00002644,U0002881,3,2021-05-03 02:00:00,20210503,200.0,1,2021-05-17 08:40:38,20210517.0
BON00002645,U0001249,3,2022-02-27 20:00:00,20220227,500.0,1,2022-03-08 20:33:40,20220308.0
BON00002646,U0003081,1,2023-01-19 22:00:00,20230119,200.0,1,2023-01-30 18:29:32,20230130.0
BON00002647,U0001570,1,2024-05-22 15:00:00,20240522,20.0,0,,
BON00002648,U0003430,3,2019-12-02 17:00:00,20191202,1000.0,1,2019-12-11 11:12:06,20191211.0
BON00002649,U0000780,2,2024-09-11 09:00:00,20240911,5000.0,0,,
BON00002650,U0003291,1,2024-08-28 22:00:00,20240828,200.0,1,2024-09-13 17:28:44,20240913.0
BON00002651,U0002734,4,2023-11-10 05:00:00,20231110,500.0,1,2023-11-17 09:38:27,20231117.0
BON00002652,U0001270,5,2022-05-02 08:00:00,20220502,20000.0,0,,
BON00002653,U0001981,2,2024-11-13 00:00:00,20241113,5000.0,1,2024-11-20 01:58:48,20241120.0
BON00002654,U0003816,1,2024-11-06 06:00:00,20241106,20.0,0,,
BON00002655,U0003984,1,2022-10-15 18:00:00,20221015,100.0,1,2022-10-19 14:19:10,20221019.0
BON00002656,U0001343,2,2023-03-01 08:00:00,20230301,10000.0,1,2023-03-07 14:08:02,20230307.0
BON00002657,U0000224,1,2025-01-31 10:00:00,20250131,20.0,1,2025-02-03 21:15:56,20250203.0
BON00002658,U0003652,4,2021-05-26 06:00:00,20210526,3000.0,1,2021-06-01 22:01:23,20210601.0
BON00002659,U0000422,1,2025-01-06 22:00:00,20250106,200.0,1,2025-01-07 13:04:55,20250107.0
BON00002660,U0001575,2,2020-09-02 09:00:00,20200902,1000.0,0,,
BON00002661,U0003974,2,2020-03-05 01:00:00,20200305,5000.0,0,,
BON00002662,U0002089,2,2021-02-08 16:00:00,20210208,2000.0,1,2021-02-08 16:12:48,20210208.0
BON00002663,U0000379,1,2024-06-26 11:00:00,20240626,200.0,1,2024-07-04 09:22:25,20240704.0
BON00002664,U0000960,2,2024-08-03 22:00:00,20240803,5000.0,1,2024-08-04 06:10:30,20240804.0
BON00002665,U0003452,1,2023-10-20 11:00:00,20231020,100.0,1,2023-10-22 05:44:06,20231022.0
BON00002666,U0001692,3,2023-08-24 21:00:00,20230824,1000.0,0,,
BON00002667,U0000816,4,2020-09-19 06:00:00,20200919,500.0,0,,
BON00002668,U0001331,2,2019-10-07 10:00:00,20191007,5000.0,0,,
BON00002669,U0001095,1,2024-08-04 14:00:00,20240804,100.0,0,,
BON00002670,U0003760,2,2019-11-26 10:00:00,20191126,1000.0,1,2019-11-27 08:31:45,20191127.0
BON00002671,U0000515,3,2021-12-18 21:00:00,20211218,2000.0,1,2021-12-21 21:16:57,20211221.0
BON00002672,U0001139,1,2020-07-25 15:00:00,20200725,200.0,1,2020-07-31 22:13:56,20200731.0
BON00002673,U0002774,2,2023-06-20 16:00:00,20230620,2000.0,1,2023-06-21 08:26:52,20230621.0
BON00002674,U0001723,2,2025-01-17 00:00:00,20250117,10000.0,0,,
BON00002675,U0002238,1,2020-04-17 02:00:00,20200417,20.0,1,2020-04-21 10:20:59,20200421.0
BON00002676,U0000032,3,2025-02-25 10:00:00,20250225,2000.0,1,2025-03-05 06:15:31,20250305.0
BON00002677,U0000323,3,2020-11-03 00:00:00,20201103,500.0,1,2020-11-03 07:57:02,20201103.0
BON00002678,U0003127,1,2019-05-11 19:00:00,20190511,200.0,1,2019-05-28 07:25:11,20190528.0
BON00002679,U0003659,4,2025-02-19 10:00:00,20250219,1000.0,0,,
BON00002680,U0002834,2,2020-06-25 09:00:00,20200625,10000.0,1,2020-06-29 01:14:53,20200629.0
BON00002681,U0001429,1,2022-03-01 18:00:00,20220301,200.0,1,2022-03-02 15:27:53,20220302.0
BON00002682,U0001213,1,2022-05-03 02:00:00,20220503,50.0,1,2022-05-06 20:21:36,20220506.0
BON00002683,U0000099,2,2021-01-11 04:00:00,20210111,1000.0,1,2021-01-11 06:21:52,20210111.0
BON00002684,U0002551,1,2019-12-18 15:00:00,20191218,50.0,0,,
BON00002685,U0000774,2,2022-12-29 04:00:00,20221229,5000.0,0,,
BON00002686,U0003397,1,2021-01-19 11:00:00,20210119,50.0,1,2021-01-21 02:12:41,20210121.0
BON00002687,U0001260,1,2023-08-31 12:00:00,20230831,20.0,0,,
BON00002688,U0000662,1,2019-12-07 14:00:00,20191207,100.0,0,,
BON00002689,U0003591,3,2024-08-01 02:00:00,20240801,1000.0,1,2024-08-01 07:26:49,20240801.0
BON00002690,U0001487,4,2020-01-17 07:00:00,20200117,3000.0,1,2020-02-03 08:15:04,20200203.0
BON00002691,U0000852,4,2025-08-22 15:00:00,20250822,2000.0,0,,
BON00002692,U0001458,2,2024-08-31 14:00:00,20240831,500.0,0,,
BON00002693,U0002568,1,2023-09-09 00:00:00,20230909,200.0,0,,
BON00002694,U0001599,1,2020-12-05 10:00:00,20201205,20.0,1,2020-12-09 13:13:34,20201209.0
BON00002695,U0001892,1,2022-05-17 12:00:00,20220517,20.0,1,2022-05-21 19:28:47,20220521.0
BON00002696,U0001011,2,2020-05-17 10:00:00,20200517,5000.0,0,,
BON00002697,U0003818,2,2022-10-30 09:00:00,20221030,5000.0,0,,
BON00002698,U0001781,2,2023-04-18 03:00:00,20230418,2000.0,0,,
BON00002699,U0000214,3,2019-05-03 02:00:00,20190503,1000.0,0,,
BON00002700,U0002711,4,2022-10-28 19:00:00,20221028,1000.0,1,2022-11-02 23:45:51,20221102.0
BON00002701,U0003339,1,2022-07-29 16:00:00,20220729,100.0,1,2022-08-05 22:50:40,20220805.0
BON00002702,U0001710,1,2025-02-21 06:00:00,20250221,100.0,1,2025-02-23 08:08:06,20250223.0
BON00002703,U0002591,5,2020-04-06 04:00:00,20200406,2000.0,0,,
BON00002704,U0002440,1,2024-10-11 15:00:00,20241011,50.0,1,2024-10-17 10:10:04,20241017.0
BON00002705,U0002672,2,2024-08-22 14:00:00,20240822,5000.0,1,2024-08-26 01:57:50,20240826.0
BON00002706,U0000206,1,2020-05-17 21:00:00,20200517,200.0,1,2020-05-19 14:35:03,20200519.0
BON00002707,U0001571,1,2024-06-26 03:00:00,20240626,50.0,1,2024-06-28 02:49:36,20240628.0
BON00002708,U0003317,2,2021-10-20 11:00:00,20211020,5000.0,1,2021-11-04 15:38:52,20211104.0
BON00002709,U0001866,1,2020-12-24 14:00:00,20201224,20.0,1,2020-12-24 19:23:03,20201224.0
BON00002710,U0002606,2,2024-07-18 02:00:00,20240718,2000.0,0,,
BON00002711,U0002561,1,2019-07-02 14:00:00,20190702,50.0,1,2019-07-08 21:14:19,20190708.0
BON00002712,U0003198,1,2022-03-24 17:00:00,20220324,50.0,1,2022-03-27 01:14:24,20220327.0
BON00002713,U0002456,2,2019-02-21 06:00:00,20190221,10000.0,0,,
BON00002714,U0002593,2,2022-07-14 10:00:00,20220714,5000.0,1,2022-07-14 10:55:58,20220714.0
BON00002715,U0001895,2,2021-09-25 08:00:00,20210925,2000.0,1,2021-10-11 02:17:53,20211011.0
BON00002716,U0002710,4,2023-05-27 15:00:00,20230527,3000.0,1,2023-05-28 21:13:54,20230528.0
BON00002717,U0002166,2,2020-04-16 11:00:00,20200416,5000.0,1,2020-05-01 01:35:02,20200501.0
BON00002718,U0002425,3,2021-10-12 16:00:00,20211012,2000.0,0,,
BON00002719,U0003272,2,2020-06-28 04:00:00,20200628,500.0,1,2020-07-08 22:19:57,20200708.0
BON00002720,U0003062,5,2025-05-27 00:00:00,20250527,2000.0,1,2025-06-26 00:00:00,20250626.0
BON00002721,U0002404,2,2025-09-22 03:00:00,20250922,1000.0,1,2025-09-28 22:19:24,20250928.0
BON00002722,U0000132,2,2025-12-02 11:00:00,20251202,500.0,0,,
BON00002723,U0000117,1,2025-03-20 16:00:00,20250320,100.0,1,2025-03-27 02:28:34,20250327.0
BON00002724,U0001006,2,2019-10-11 20:00:00,20191011,2000.0,1,2019-10-12 10:43:05,20191012.0
BON00002725,U0000511,5,2020-02-14 23:00:00,20200214,5000.0,0,,
BON00002726,U0002908,1,2023-03-13 03:00:00,20230313,20.0,0,,
BON00002727,U0003444,2,2020-06-01 02:00:00,20200601,1000.0,0,,
BON00002728,U0002204,2,2022-07-24 03:00:00,20220724,10000.0,1,2022-07-24 18:56:25,20220724.0
BON00002729,U0003821,1,2022-01-20 19:00:00,20220120,200.0,1,2022-02-19 19:00:00,20220219.0
BON00002730,U0000818,1,2023-11-25 15:00:00,20231125,50.0,1,2023-12-13 05:26:20,20231213.0
BON00002731,U0001818,2,2023-08-05 15:00:00,20230805,1000.0,1,2023-08-31 06:21:41,20230831.0
BON00002732,U0001293,4,2024-05-12 08:00:00,20240512,500.0,1,2024-05-21 00:12:26,20240521.0
BON00002733,U0002471,2,2020-09-09 20:00:00,20200909,1000.0,1,2020-09-14 03:47:53,20200914.0
BON00002734,U0001422,1,2023-02-21 20:00:00,20230221,200.0,1,2023-02-23 18:27:39,20230223.0
BON00002735,U0001514,4,2023-09-29 05:00:00,20230929,1000.0,1,2023-10-07 11:52:23,20231007.0
BON00002736,U0000873,3,2022-03-03 06:00:00,20220303,500.0,1,2022-03-15 03:22:15,20220315.0
BON00002737,U0002330,1,2019-05-19 11:00:00,20190519,50.0,1,2019-05-31 05:10:14,20190531.0
BON00002738,U0002251,2,2025-09-13 17:00:00,20250913,2000.0,0,,
BON00002739,U0001020,5,2025-11-05 01:00:00,20251105,2000.0,1,2025-11-07 00:01:39,20251107.0
BON00002740,U0000738,1,2021-11-19 21:00:00,20211119,50.0,1,2021-11-22 11:47:19,20211122.0
BON00002741,U0002669,2,2025-04-24 12:00:00,20250424,1000.0,1,2025-05-05 22:27:40,20250505.0
BON00002742,U0001349,1,2019-09-27 02:00:00,20190927,20.0,0,,
BON00002743,U0000539,5,2025-02-15 03:00:00,20250215,2000.0,0,,
BON00002744,U0002422,2,2021-11-01 12:00:00,20211101,2000.0,1,2021-11-13 00:47:14,20211113.0
BON00002745,U0003006,3,2024-01-18 22:00:00,20240118,500.0,0,,
BON00002746,U0003180,2,2025-03-29 15:00:00,20250329,2000.0,1,2025-04-06 06:54:11,20250406.0
BON00002747,U0002551,2,2023-08-26 14:00:00,20230826,1000.0,0,,
BON00002748,U0002147,4,2025-01-25 23:00:00,20250125,3000.0,1,2025-02-10 22:17:43,20250210.0
BON00002749,U0000496,2,2020-05-06 20:00:00,20200506,10000.0,0,,
BON00002750,U0003271,2,2020-01-19 04:00:00,20200119,5000.0,1,2020-01-25 16:20:16,20200125.0
BON00002751,U0001644,2,2020-05-02 18:00:00,20200502,500.0,1,2020-05-03 00:50:48,20200503.0
BON00002752,U0002198,3,2021-05-05 18:00:00,20210505,500.0,0,,
BON00002753,U0000665,2,2025-09-05 14:00:00,20250905,2000.0,1,2025-09-07 17:37:33,20250907.0
BON00002754,U0000335,2,2020-10-02 15:00:00,20201002,10000.0,1,2020-10-10 20:22:00,20201010.0
BON00002755,U0000335,3,2025-05-11 16:00:00,20250511,500.0,1,2025-05-19 02:24:57,20250519.0
BON00002756,U0003956,2,2024-02-20 16:00:00,20240220,10000.0,1,2024-02-25 18:04:42,20240225.0
BON00002757,U0001686,4,2022-09-30 20:00:00,20220930,500.0,1,2022-10-07 20:07:53,20221007.0
BON00002758,U0001284,2,2022-03-11 15:00:00,20220311,10000.0,1,2022-03-14 01:52:05,20220314.0
BON00002759,U0001463,2,2025-10-27 01:00:00,20251027,10000.0,1,2025-10-31 00:59:39,20251031.0
BON00002760,U0002180,2,2020-10-25 11:00:00,20201025,1000.0,1,2020-10-27 23:37:22,20201027.0
BON00002761,U0000119,1,2022-03-02 07:00:00,20220302,200.0,1,2022-03-02 13:19:40,20220302.0
BON00002762,U0001022,1,2024-07-11 23:00:00,20240711,200.0,0,,
BON00002763,U0001114,3,2020-12-02 20:00:00,20201202,2000.0,1,2020-12-05 07:29:48,20201205.0
BON00002764,U0001626,1,2022-02-05 21:00:00,20220205,100.0,1,2022-02-07 10:13:36,20220207.0
BON00002765,U0002809,5,2022-10-27 07:00:00,20221027,5000.0,1,2022-10-28 18:23:34,20221028.0
BON00002766,U0000131,1,2023-12-14 16:00:00,20231214,50.0,1,2023-12-17 12:03:42,20231217.0
BON00002767,U0001333,1,2024-05-18 14:00:00,20240518,50.0,1,2024-05-25 04:44:06,20240525.0
BON00002768,U0002179,2,2022-12-06 04:00:00,20221206,500.0,1,2022-12-06 06:06:41,20221206.0
BON00002769,U0001114,1,2021-11-09 08:00:00,20211109,200.0,1,2021-11-10 15:38:10,20211110.0
BON00002770,U0000451,1,2021-06-10 12:00:00,20210610,50.0,1,2021-06-14 08:57:07,20210614.0
BON00002771,U0003465,2,2025-10-22 20:00:00,20251022,5000.0,0,,
BON00002772,U0000242,1,2020-02-10 23:00:00,20200210,100.0,1,2020-02-11 16:30:28,20200211.0
BON00002773,U0001032,1,2019-05-21 18:00:00,20190521,20.0,1,2019-05-30 20:53:40,20190530.0
BON00002774,U0002602,2,2021-12-28 08:00:00,20211228,2000.0,0,,
BON00002775,U0001376,3,2022-12-14 11:00:00,20221214,500.0,0,,
BON00002776,U0003254,5,2023-06-02 16:00:00,20230602,2000.0,1,2023-06-06 02:11:33,20230606.0
BON00002777,U0001128,2,2019-09-13 06:00:00,20190913,500.0,0,,
BON00002778,U0003138,1,2019-12-01 05:00:00,20191201,50.0,1,2019-12-21 03:45:43,20191221.0
BON00002779,U0002724,4,2025-08-30 06:00:00,20250830,500.0,0,,
BON00002780,U0001116,4,2025-05-02 06:00:00,20250502,1000.0,0,,
BON00002781,U0001039,3,2021-12-19 15:00:00,20211219,200.0,0,,
BON00002782,U0000726,2,2025-03-10 04:00:00,20250310,500.0,1,2025-03-12 00:49:37,20250312.0
BON00002783,U0000327,5,2019-10-16 20:00:00,20191016,20000.0,1,2019-10-19 15:48:51,20191019.0
BON00002784,U0003880,5,2021-06-11 03:00:00,20210611,20000.0,0,,
BON00002785,U0000898,1,2019-07-06 18:00:00,20190706,200.0,0,,
BON00002786,U0002917,2,2021-12-02 15:00:00,20211202,500.0,0,,
BON00002787,U0003945,1,2023-03-10 19:00:00,20230310,50.0,0,,
BON00002788,U0000645,1,2020-02-28 06:00:00,20200228,100.0,0,,
BON00002789,U0001325,1,2025-12-31 02:00:00,20251231,20.0,0,,
BON00002790,U0001237,1,2024-02-18 05:00:00,20240218,50.0,1,2024-02-18 09:42:31,20240218.0
BON00002791,U0001172,4,2023-06-01 15:00:00,20230601,1000.0,0,,
BON00002792,U0000877,2,2023-12-05 22:00:00,20231205,10000.0,0,,
BON00002793,U0000028,1,2020-09-03 19:00:00,20200903,100.0,1,2020-09-14 08:05:49,20200914.0
BON00002794,U0003910,1,2022-10-10 16:00:00,20221010,100.0,1,2022-10-11 07:38:02,20221011.0
BON00002795,U0002901,2,2025-01-24 10:00:00,20250124,5000.0,0,,
BON00002796,U0001167,2,2021-04-28 04:00:00,20210428,2000.0,1,2021-05-08 05:38:28,20210508.0
BON00002797,U0003017,2,2019-06-09 20:00:00,20190609,5000.0,1,2019-06-12 01:31:05,20190612.0
BON00002798,U0003060,2,2019-05-20 06:00:00,20190520,10000.0,1,2019-06-12 01:46:59,20190612.0
BON00002799,U0002724,2,2024-09-26 00:00:00,20240926,2000.0,1,2024-09-29 12:49:51,20240929.0
BON00002800,U0000983,1,2022-01-27 08:00:00,20220127,100.0,0,,
BON00002801,U0001285,1,2022-02-09 00:00:00,20220209,20.0,1,2022-02-09 00:29:51,20220209.0
BON00002802,U0002457,3,2022-12-04 22:00:00,20221204,200.0,0,,
BON00002803,U0003931,1,2020-11-03 12:00:00,20201103,50.0,1,2020-11-21 09:59:54,20201121.0
BON00002804,U0000561,1,2020-12-26 08:00:00,20201226,20.0,0,,
BON00002805,U0003434,2,2020-04-20 07:00:00,20200420,1000.0,1,2020-04-29 02:53:50,20200429.0
BON00002806,U0001065,2,2020-11-15 17:00:00,20201115,5000.0,0,,
BON00002807,U0002534,1,2019-03-14 11:00:00,20190314,20.0,1,2019-03-15 11:42:10,20190315.0
BON00002808,U0003484,4,2025-08-29 09:00:00,20250829,2000.0,0,,
BON00002809,U0002780,1,2023-06-06 12:00:00,20230606,100.0,1,2023-06-14 18:36:10,20230614.0
BON00002810,U0002990,1,2024-06-09 22:00:00,20240609,20.0,1,2024-06-22 01:57:52,20240622.0
BON00002811,U0001963,2,2025-04-19 03:00:00,20250419,1000.0,1,2025-04-19 22:45:15,20250419.0
BON00002812,U0000498,2,2023-07-21 02:00:00,20230721,500.0,0,,
BON00002813,U0002393,2,2023-11-05 03:00:00,20231105,10000.0,1,2023-11-07 07:47:08,20231107.0
BON00002814,U0002626,1,2020-08-27 00:00:00,20200827,50.0,0,,
BON00002815,U0000400,4,2022-10-08 04:00:00,20221008,2000.0,1,2022-10-27 18:40:28,20221027.0
BON00002816,U0002554,1,2019-01-12 08:00:00,20190112,200.0,1,2019-01-12 08:22:09,20190112.0
BON00002817,U0002360,1,2025-11-02 12:00:00,20251102,50.0,1,2025-11-15 01:01:08,20251115.0
BON00002818,U0002136,3,2021-06-13 02:00:00,20210613,200.0,1,2021-06-26 18:28:33,20210626.0
BON00002819,U0003739,2,2021-12-19 03:00:00,20211219,10000.0,1,2021-12-22 01:15:47,20211222.0
BON00002820,U0003532,2,2023-08-26 12:00:00,20230826,500.0,0,,
BON00002821,U0001669,1,2025-05-23 12:00:00,20250523,20.0,0,,
BON00002822,U0003824,1,2023-12-08 05:00:00,20231208,200.0,1,2023-12-21 09:20:21,20231221.0
BON00002823,U0000786,1,2019-10-13 14:00:00,20191013,50.0,0,,
BON00002824,U0000311,1,2021-10-19 05:00:00,20211019,20.0,1,2021-11-01 13:21:55,20211101.0
BON00002825,U0003010,1,2025-12-31 18:00:00,20251231,50.0,1,2026-01-06 08:03:32,20260106.0
BON00002826,U0000124,2,2020-01-27 10:00:00,20200127,500.0,1,2020-01-28 15:19:30,20200128.0
BON00002827,U0003177,2,2021-01-04 10:00:00,20210104,2000.0,0,,
BON00002828,U0003225,3,2022-11-22 17:00:00,20221122,200.0,0,,
BON00002829,U0003361,4,2020-03-15 02:00:00,20200315,3000.0,1,2020-03-19 21:25:41,20200319.0
BON00002830,U0003069,2,2023-06-23 09:00:00,20230623,2000.0,1,2023-07-03 08:55:02,20230703.0
BON00002831,U0000640,2,2020-05-25 20:00:00,20200525,2000.0,1,2020-06-03 02:14:37,20200603.0
BON00002832,U0001078,3,2019-01-29 08:00:00,20190129,500.0,1,2019-01-31 11:34:08,20190131.0
BON00002833,U0003096,4,2021-03-28 23:00:00,20210328,2000.0,1,2021-04-10 23:08:55,20210410.0
BON00002834,U0002736,1,2020-08-09 02:00:00,20200809,100.0,1,2020-08-12 06:23:28,20200812.0
BON00002835,U0001567,2,2024-11-01 14:00:00,20241101,2000.0,1,2024-11-05 22:59:51,20241105.0
BON00002836,U0000693,1,2024-04-04 00:00:00,20240404,200.0,1,2024-04-04 16:32:01,20240404.0
BON00002837,U0000426,2,2020-04-15 08:00:00,20200415,10000.0,0,,
BON00002838,U0002946,4,2022-03-10 12:00:00,20220310,500.0,1,2022-03-11 11:15:46,20220311.0
BON00002839,U0000791,4,2019-11-05 20:00:00,20191105,2000.0,1,2019-11-12 15:03:48,20191112.0
BON00002840,U0000983,2,2019-09-01 09:00:00,20190901,2000.0,1,2019-09-08 09:05:25,20190908.0
BON00002841,U0002129,2,2020-07-01 00:00:00,20200701,500.0,0,,
BON00002842,U0002489,1,2020-05-16 02:00:00,20200516,200.0,1,2020-05-16 10:30:45,20200516.0
BON00002843,U0001160,1,2019-01-25 19:00:00,20190125,100.0,1,2019-01-28 01:14:14,20190128.0
BON00002844,U0000922,1,2021-11-26 10:00:00,20211126,20.0,1,2021-12-01 03:02:46,20211201.0
BON00002845,U0002512,3,2024-04-24 01:00:00,20240424,2000.0,0,,
BON00002846,U0001209,1,2023-08-24 02:00:00,20230824,200.0,0,,
BON00002847,U0003948,2,2024-02-07 06:00:00,20240207,5000.0,1,2024-02-07 22:58:26,20240207.0
BON00002848,U0001701,2,2019-06-12 10:00:00,20190612,5000.0,1,2019-06-13 12:47:48,20190613.0
BON00002849,U0002655,2,2025-03-19 16:00:00,20250319,5000.0,1,2025-03-20 18:02:37,20250320.0
BON00002850,U0003743,1,2020-03-25 09:00:00,20200325,20.0,1,2020-04-04 20:37:04,20200404.0
BON00002851,U0002029,5,2024-09-07 17:00:00,20240907,20000.0,1,2024-09-17 09:59:54,20240917.0
BON00002852,U0002444,2,2021-11-03 21:00:00,20211103,2000.0,1,2021-11-11 04:38:56,20211111.0
BON00002853,U0003386,2,2019-05-19 20:00:00,20190519,500.0,1,2019-05-24 22:34:10,20190524.0
BON00002854,U0000368,5,2019-04-22 13:00:00,20190422,20000.0,1,2019-04-24 18:00:31,20190424.0
BON00002855,U0002664,2,2025-07-30 14:00:00,20250730,2000.0,1,2025-08-03 11:11:37,20250803.0
BON00002856,U0003477,4,2021-02-26 21:00:00,20210226,1000.0,1,2021-02-28 16:15:56,20210228.0
BON00002857,U0002513,3,2020-10-27 08:00:00,20201027,1000.0,1,2020-10-29 23:15:06,20201029.0
BON00002858,U0002415,2,2020-05-11 02:00:00,20200511,10000.0,0,,
BON00002859,U0000348,1,2025-12-06 19:00:00,20251206,20.0,1,2025-12-13 18:53:16,20251213.0
BON00002860,U0003152,1,2020-12-31 12:00:00,20201231,50.0,0,,
BON00002861,U0003425,4,2024-07-28 08:00:00,20240728,500.0,1,2024-08-09 22:04:59,20240809.0
BON00002862,U0003445,2,2021-02-14 01:00:00,20210214,2000.0,1,2021-02-18 22:29:55,20210218.0
BON00002863,U0002782,1,2021-01-30 04:00:00,20210130,200.0,1,2021-02-01 04:53:55,20210201.0
BON00002864,U0000594,1,2019-05-27 16:00:00,20190527,50.0,0,,
BON00002865,U0002196,3,2020-08-14 14:00:00,20200814,500.0,0,,
BON00002866,U0000895,2,2025-11-08 14:00:00,20251108,5000.0,0,,
BON00002867,U0001076,2,2020-01-06 21:00:00,20200106,500.0,1,2020-01-09 23:50:50,20200109.0
BON00002868,U0000532,3,2022-07-30 12:00:00,20220730,500.0,1,2022-07-31 23:45:48,20220731.0
BON00002869,U0003782,1,2020-06-01 11:00:00,20200601,200.0,1,2020-06-27 01:57:42,20200627.0
BON00002870,U0002680,3,2023-08-21 17:00:00,20230821,2000.0,0,,
BON00002871,U0003408,5,2022-04-18 19:00:00,20220418,10000.0,1,2022-04-26 19:49:40,20220426.0
BON00002872,U0001443,4,2025-09-02 09:00:00,20250902,1000.0,1,2025-09-03 02:25:03,20250903.0
BON00002873,U0002870,2,2019-02-05 17:00:00,20190205,500.0,1,2019-02-22 03:17:33,20190222.0
BON00002874,U0001145,3,2019-09-15 02:00:00,20190915,500.0,1,2019-09-15 22:34:24,20190915.0
BON00002875,U0002253,3,2022-07-06 04:00:00,20220706,500.0,0,,
BON00002876,U0001161,1,2019-04-21 22:00:00,20190421,20.0,0,,
BON00002877,U0001890,3,2021-09-07 10:00:00,20210907,500.0,1,2021-09-09 22:06:11,20210909.0
BON00002878,U0003251,2,2019-02-08 15:00:00,20190208,2000.0,0,,
BON00002879,U0003636,3,2023-06-23 14:00:00,20230623,1000.0,1,2023-06-26 21:55:53,20230626.0
BON00002880,U0002674,3,2022-01-21 02:00:00,20220121,1000.0,1,2022-02-01 22:34:22,20220201.0
BON00002881,U0001896,2,2019-07-16 09:00:00,20190716,1000.0,1,2019-07-22 12:52:26,20190722.0
BON00002882,U0002251,1,2023-12-11 17:00:00,20231211,100.0,1,2023-12-19 07:33:38,20231219.0
BON00002883,U0001710,2,2025-10-25 10:00:00,20251025,500.0,1,2025-10-31 15:49:16,20251031.0
BON00002884,U0002258,1,2024-07-11 16:00:00,20240711,100.0,1,2024-07-11 20:47:59,20240711.0
BON00002885,U0002538,1,2022-04-21 00:00:00,20220421,200.0,0,,
BON00002886,U0002477,1,2020-12-10 07:00:00,20201210,20.0,1,2020-12-19 18:43:48,20201219.0
BON00002887,U0003022,2,2023-11-03 02:00:00,20231103,1000.0,0,,
BON00002888,U0003668,5,2024-04-10 13:00:00,20240410,20000.0,1,2024-04-17 15:35:46,20240417.0
BON00002889,U0000877,3,2024-02-28 06:00:00,20240228,200.0,0,,
BON00002890,U0001989,1,2020-03-17 14:00:00,20200317,50.0,0,,
BON00002891,U0000650,1,2023-08-13 19:00:00,20230813,100.0,0,,
BON00002892,U0002261,1,2023-01-29 04:00:00,20230129,20.0,1,2023-02-05 22:00:00,20230205.0
BON00002893,U0000396,1,2023-11-04 09:00:00,20231104,50.0,1,2023-11-18 22:33:09,20231118.0
BON00002894,U0000978,2,2025-04-10 01:00:00,20250410,2000.0,0,,
BON00002895,U0002149,2,2019-04-10 16:00:00,20190410,500.0,0,,
BON00002896,U0003970,2,2020-10-27 14:00:00,20201027,2000.0,0,,
BON00002897,U0003485,2,2020-03-27 04:00:00,20200327,2000.0,1,2020-03-31 02:50:19,20200331.0
BON00002898,U0002722,1,2020-11-28 22:00:00,20201128,50.0,0,,
BON00002899,U0000559,1,2020-12-20 12:00:00,20201220,100.0,0,,
BON00002900,U0001242,1,2019-10-18 14:00:00,20191018,100.0,0,,
BON00002901,U0002583,1,2020-12-19 22:00:00,20201219,20.0,0,,
BON00002902,U0001079,1,2023-03-30 14:00:00,20230330,50.0,1,2023-04-01 16:01:32,20230401.0
BON00002903,U0001387,2,2019-08-19 08:00:00,20190819,2000.0,1,2019-08-24 10:46:29,20190824.0
BON00002904,U0002225,4,2022-11-13 23:00:00,20221113,2000.0,0,,
BON00002905,U0002064,2,2021-05-22 05:00:00,20210522,500.0,1,2021-06-01 16:53:47,20210601.0
BON00002906,U0002327,1,2022-06-04 14:00:00,20220604,20.0,1,2022-06-07 15:10:35,20220607.0
BON00002907,U0002758,2,2023-07-02 23:00:00,20230702,1000.0,0,,
BON00002908,U0000655,3,2020-10-27 02:00:00,20201027,2000.0,1,2020-11-02 04:08:04,20201102.0
BON00002909,U0001774,1,2023-01-20 12:00:00,20230120,50.0,1,2023-01-22 08:33:20,20230122.0
BON00002910,U0002186,2,2022-11-09 06:00:00,20221109,5000.0,1,2022-11-24 08:35:39,20221124.0
BON00002911,U0001563,3,2024-07-15 15:00:00,20240715,200.0,1,2024-07-28 04:03:01,20240728.0
BON00002912,U0003305,3,2025-06-26 12:00:00,20250626,2000.0,0,,
BON00002913,U0002828,3,2022-09-04 01:00:00,20220904,1000.0,1,2022-09-06 02:34:08,20220906.0
BON00002914,U0001162,2,2020-06-09 17:00:00,20200609,1000.0,1,2020-06-20 00:57:03,20200620.0
BON00002915,U0002841,1,2021-12-25 19:00:00,20211225,20.0,1,2022-01-04 05:12:13,20220104.0
BON00002916,U0000521,2,2020-01-24 20:00:00,20200124,2000.0,0,,
BON00002917,U0000304,1,2019-12-09 14:00:00,20191209,100.0,1,2019-12-09 23:53:40,20191209.0
BON00002918,U0003041,2,2023-09-17 21:00:00,20230917,2000.0,0,,
BON00002919,U0003168,2,2020-10-28 06:00:00,20201028,1000.0,1,2020-11-07 17:11:34,20201107.0
BON00002920,U0000634,2,2025-03-08 11:00:00,20250308,5000.0,0,,
BON00002921,U0000706,3,2021-10-17 03:00:00,20211017,2000.0,0,,
BON00002922,U0003815,5,2023-07-21 12:00:00,20230721,10000.0,1,2023-07-22 22:32:27,20230722.0
BON00002923,U0000901,4,2021-12-13 05:00:00,20211213,2000.0,0,,
BON00002924,U0000132,1,2020-11-08 20:00:00,20201108,100.0,0,,
BON00002925,U0003880,1,2021-03-12 11:00:00,20210312,20.0,1,2021-03-17 04:18:28,20210317.0
BON00002926,U0000084,3,2024-08-21 12:00:00,20240821,500.0,0,,
BON00002927,U0000056,4,2022-10-22 20:00:00,20221022,500.0,1,2022-10-27 19:28:39,20221027.0
BON00002928,U0000287,1,2020-12-01 19:00:00,20201201,200.0,1,2020-12-04 15:28:13,20201204.0
BON00002929,U0000154,1,2019-07-24 06:00:00,20190724,200.0,0,,
BON00002930,U0000062,2,2025-08-01 10:00:00,20250801,500.0,0,,
BON00002931,U0000437,1,2020-05-15 08:00:00,20200515,50.0,1,2020-05-18 01:38:00,20200518.0
BON00002932,U0003025,1,2022-10-16 04:00:00,20221016,50.0,1,2022-10-18 19:05:07,20221018.0
BON00002933,U0003745,2,2023-05-29 02:00:00,20230529,500.0,0,,
BON00002934,U0003231,5,2019-10-15 11:00:00,20191015,10000.0,1,2019-10-17 06:27:13,20191017.0
BON00002935,U0001896,2,2024-05-24 00:00:00,20240524,2000.0,0,,
BON00002936,U0003368,2,2022-12-22 04:00:00,20221222,1000.0,0,,
BON00002937,U0003071,4,2023-03-12 10:00:00,20230312,500.0,1,2023-03-24 13:47:21,20230324.0
BON00002938,U0001628,5,2025-01-21 08:00:00,20250121,2000.0,1,2025-01-31 05:43:06,20250131.0
BON00002939,U0002497,2,2023-07-10 07:00:00,20230710,2000.0,1,2023-07-25 00:57:11,20230725.0
BON00002940,U0000566,2,2019-05-30 11:00:00,20190530,5000.0,0,,
BON00002941,U0003819,1,2021-11-27 02:00:00,20211127,20.0,0,,
BON00002942,U0003453,1,2020-02-16 22:00:00,20200216,20.0,1,2020-02-19 19:21:01,20200219.0
BON00002943,U0003161,1,2022-08-17 02:00:00,20220817,200.0,1,2022-08-18 02:11:51,20220818.0
BON00002944,U0002435,1,2024-05-13 05:00:00,20240513,20.0,1,2024-05-27 14:32:21,20240527.0
BON00002945,U0001790,2,2021-01-30 11:00:00,20210130,10000.0,1,2021-02-06 18:02:30,20210206.0
BON00002946,U0001485,1,2022-03-01 02:00:00,20220301,20.0,0,,
BON00002947,U0002926,3,2021-01-28 20:00:00,20210128,2000.0,1,2021-01-30 15:28:08,20210130.0
BON00002948,U0000909,2,2022-09-24 21:00:00,20220924,10000.0,1,2022-09-27 21:20:22,20220927.0
BON00002949,U0003848,2,2019-08-13 19:00:00,20190813,500.0,1,2019-08-24 18:20:01,20190824.0
BON00002950,U0003370,1,2022-09-16 15:00:00,20220916,50.0,1,2022-10-16 15:00:00,20221016.0
BON00002951,U0003118,2,2022-04-16 19:00:00,20220416,10000.0,1,2022-04-27 12:59:16,20220427.0
BON00002952,U0003999,5,2020-03-06 07:00:00,20200306,5000.0,1,2020-03-07 04:19:35,20200307.0
BON00002953,U0003771,5,2023-04-30 03:00:00,20230430,10000.0,0,,
BON00002954,U0000568,3,2024-01-30 23:00:00,20240130,500.0,1,2024-02-01 11:03:38,20240201.0
BON00002955,U0000240,2,2023-02-14 11:00:00,20230214,10000.0,0,,
BON00002956,U0001345,1,2021-04-11 15:00:00,20210411,100.0,1,2021-04-17 19:21:17,20210417.0
BON00002957,U0000151,5,2023-09-02 07:00:00,20230902,10000.0,0,,
BON00002958,U0000141,1,2024-06-10 21:00:00,20240610,20.0,0,,
BON00002959,U0002674,4,2020-04-02 21:00:00,20200402,500.0,1,2020-04-12 11:05:56,20200412.0
BON00002960,U0001921,2,2023-03-16 19:00:00,20230316,10000.0,1,2023-03-24 03:53:07,20230324.0
BON00002961,U0003405,1,2021-02-13 14:00:00,20210213,200.0,1,2021-02-14 19:29:02,20210214.0
BON00002962,U0002926,4,2021-12-17 17:00:00,20211217,500.0,1,2021-12-20 12:02:06,20211220.0
BON00002963,U0000877,2,2021-06-16 07:00:00,20210616,10000.0,0,,
BON00002964,U0003360,1,2023-10-18 18:00:00,20231018,200.0,1,2023-10-26 03:21:52,20231026.0
BON00002965,U0000133,4,2021-08-19 18:00:00,20210819,2000.0,0,,
BON00002966,U0001605,4,2020-10-20 16:00:00,20201020,1000.0,1,2020-10-21 22:27:51,20201021.0
BON00002967,U0002251,1,2019-03-25 01:00:00,20190325,100.0,0,,
BON00002968,U0001180,1,2025-02-04 08:00:00,20250204,100.0,1,2025-02-05 19:57:23,20250205.0
BON00002969,U0003230,4,2020-11-04 04:00:00,20201104,2000.0,1,2020-11-17 10:59:51,20201117.0
BON00002970,U0003935,4,2019-11-03 23:00:00,20191103,3000.0,0,,
BON00002971,U0000650,2,2024-02-25 17:00:00,20240225,2000.0,0,,
BON00002972,U0001003,3,2024-11-07 00:00:00,20241107,200.0,1,2024-11-08 07:51:50,20241108.0
BON00002973,U0003182,4,2020-08-31 17:00:00,20200831,2000.0,1,2020-09-07 21:31:48,20200907.0
BON00002974,U0002261,3,2021-11-01 04:00:00,20211101,200.0,1,2021-11-09 04:18:54,20211109.0
BON00002975,U0003519,4,2024-01-08 04:00:00,20240108,500.0,0,,
BON00002976,U0002386,2,2021-12-12 21:00:00,20211212,500.0,1,2021-12-13 00:49:26,20211213.0
BON00002977,U0002716,2,2025-03-20 19:00:00,20250320,1000.0,1,2025-03-21 14:52:48,20250321.0
BON00002978,U0002312,1,2021-04-14 11:00:00,20210414,50.0,1,2021-04-20 17:17:16,20210420.0
BON00002979,U0002321,2,2020-08-24 05:00:00,20200824,5000.0,1,2020-09-06 10:13:40,20200906.0
BON00002980,U0001652,2,2025-06-22 15:00:00,20250622,1000.0,1,2025-06-26 01:49:04,20250626.0
BON00002981,U0001158,1,2024-03-10 05:00:00,20240310,20.0,1,2024-04-03 20:04:34,20240403.0
BON00002982,U0000800,5,2019-03-02 22:00:00,20190302,5000.0,1,2019-03-11 05:16:15,20190311.0
BON00002983,U0000846,4,2023-05-11 19:00:00,20230511,500.0,1,2023-05-24 09:57:23,20230524.0
BON00002984,U0000307,3,2025-02-22 13:00:00,20250222,1000.0,1,2025-03-08 11:30:09,20250308.0
BON00002985,U0001512,1,2023-04-23 04:00:00,20230423,50.0,0,,
BON00002986,U0003910,4,2025-10-27 11:00:00,20251027,2000.0,1,2025-11-08 11:09:16,20251108.0
BON00002987,U0001215,3,2021-03-03 16:00:00,20210303,200.0,1,2021-03-12 09:28:36,20210312.0
BON00002988,U0001950,2,2023-08-20 18:00:00,20230820,5000.0,0,,
BON00002989,U0003086,3,2020-07-23 12:00:00,20200723,200.0,1,2020-07-30 20:57:01,20200730.0
BON00002990,U0001320,2,2021-07-25 09:00:00,20210725,5000.0,1,2021-07-31 22:00:08,20210731.0
BON00002991,U0000056,2,2024-04-28 00:00:00,20240428,500.0,0,,
BON00002992,U0002312,1,2019-05-03 16:00:00,20190503,100.0,0,,
BON00002993,U0002169,4,2020-03-14 06:00:00,20200314,3000.0,1,2020-03-14 14:27:45,20200314.0
BON00002994,U0000037,2,2025-08-23 15:00:00,20250823,10000.0,0,,
BON00002995,U0000256,2,2021-01-20 23:00:00,20210120,10000.0,1,2021-01-21 05:40:54,20210121.0
BON00002996,U0001009,1,2020-07-08 23:00:00,20200708,200.0,1,2020-07-10 18:19:59,20200710.0
BON00002997,U0001202,1,2022-10-10 00:00:00,20221010,200.0,1,2022-10-14 22:20:40,20221014.0
BON00002998,U0003475,1,2024-05-03 20:00:00,20240503,100.0,1,2024-05-29 05:43:37,20240529.0
BON00002999,U0002577,5,2023-04-22 09:00:00,20230422,20000.0,1,2023-04-23 17:23:46,20230423.0
BON00003000,U0003432,2,2022-08-02 23:00:00,20220802,2000.0,1,2022-08-11 06:04:28,20220811.0
BON00003001,U0002407,1,2025-03-04 20:00:00,20250304,20.0,1,2025-03-17 11:07:02,20250317.0
BON00003002,U0000650,1,2020-07-08 04:00:00,20200708,100.0,1,2020-07-09 10:25:32,20200709.0
BON00003003,U0002285,2,2021-08-19 04:00:00,20210819,5000.0,0,,
BON00003004,U0003600,3,2025-11-23 22:00:00,20251123,200.0,0,,
BON00003005,U0001376,1,2020-10-10 07:00:00,20201010,20.0,1,2020-10-23 06:37:13,20201023.0
BON00003006,U0002950,2,2021-08-05 23:00:00,20210805,10000.0,0,,
BON00003007,U0001870,4,2024-11-30 21:00:00,20241130,500.0,0,,
BON00003008,U0001500,1,2025-06-01 08:00:00,20250601,20.0,1,2025-06-04 18:01:56,20250604.0
BON00003009,U0001605,2,2020-04-03 23:00:00,20200403,10000.0,0,,
BON00003010,U0001055,1,2020-06-10 00:00:00,20200610,200.0,1,2020-06-16 07:51:43,20200616.0
BON00003011,U0002828,1,2021-08-17 02:00:00,20210817,200.0,1,2021-08-24 14:46:34,20210824.0
BON00003012,U0001575,1,2022-12-01 15:00:00,20221201,50.0,1,2022-12-14 15:14:29,20221214.0
BON00003013,U0002334,2,2025-08-06 18:00:00,20250806,1000.0,1,2025-08-09 00:06:43,20250809.0
BON00003014,U0002724,2,2020-07-24 17:00:00,20200724,500.0,0,,
BON00003015,U0001483,3,2024-08-07 20:00:00,20240807,500.0,1,2024-08-09 17:44:07,20240809.0
BON00003016,U0003862,2,2025-10-14 16:00:00,20251014,10000.0,0,,
BON00003017,U0000249,1,2024-05-01 02:00:00,20240501,100.0,1,2024-05-10 14:22:07,20240510.0
BON00003018,U0002416,1,2024-03-25 15:00:00,20240325,200.0,1,2024-03-31 12:48:13,20240331.0
BON00003019,U0001893,2,2021-03-18 06:00:00,20210318,1000.0,0,,
BON00003020,U0000901,1,2024-06-24 11:00:00,20240624,200.0,1,2024-06-25 03:06:19,20240625.0
BON00003021,U0001094,1,2024-07-04 03:00:00,20240704,50.0,0,,
BON00003022,U0000659,3,2023-04-01 01:00:00,20230401,1000.0,0,,
BON00003023,U0003325,1,2022-03-30 23:00:00,20220330,50.0,1,2022-04-05 15:07:12,20220405.0
BON00003024,U0003056,2,2023-06-05 21:00:00,20230605,2000.0,1,2023-06-10 14:51:28,20230610.0
BON00003025,U0002998,5,2020-01-16 14:00:00,20200116,5000.0,1,2020-01-18 16:31:38,20200118.0
BON00003026,U0000275,3,2023-01-18 01:00:00,20230118,2000.0,0,,
BON00003027,U0003079,5,2020-05-20 18:00:00,20200520,2000.0,1,2020-05-27 02:39:02,20200527.0
BON00003028,U0003965,5,2020-11-22 09:00:00,20201122,2000.0,1,2020-12-05 09:22:15,20201205.0
BON00003029,U0000676,3,2020-04-03 15:00:00,20200403,500.0,0,,
BON00003030,U0002880,2,2025-10-17 01:00:00,20251017,1000.0,0,,
BON00003031,U0001350,2,2020-07-31 10:00:00,20200731,10000.0,0,,
BON00003032,U0000190,2,2023-02-09 12:00:00,20230209,2000.0,0,,
BON00003033,U0002791,5,2024-10-22 05:00:00,20241022,2000.0,0,,
BON00003034,U0001060,1,2021-10-09 04:00:00,20211009,200.0,1,2021-10-10 06:36:49,20211010.0
BON00003035,U0000659,1,2020-03-27 06:00:00,20200327,200.0,1,2020-03-30 06:39:57,20200330.0
BON00003036,U0000076,1,2024-02-27 18:00:00,20240227,100.0,1,2024-02-28 10:36:35,20240228.0
BON00003037,U0003286,4,2024-01-04 02:00:00,20240104,1000.0,0,,
BON00003038,U0003482,1,2021-08-19 00:00:00,20210819,20.0,0,,
BON00003039,U0002321,1,2022-11-09 04:00:00,20221109,200.0,0,,
BON00003040,U0000178,5,2022-07-06 03:00:00,20220706,20000.0,1,2022-07-18 07:45:36,20220718.0
BON00003041,U0002227,1,2024-09-20 13:00:00,20240920,200.0,1,2024-09-20 15:33:54,20240920.0
BON00003042,U0002985,1,2021-12-05 00:00:00,20211205,50.0,0,,
BON00003043,U0001038,4,2023-07-13 22:00:00,20230713,2000.0,1,2023-07-17 12:54:49,20230717.0
BON00003044,U0002464,2,2020-11-24 05:00:00,20201124,10000.0,1,2020-11-24 18:14:02,20201124.0
BON00003045,U0001740,1,2021-06-07 10:00:00,20210607,20.0,1,2021-06-08 20:08:47,20210608.0
BON00003046,U0002284,3,2023-01-01 19:00:00,20230101,2000.0,1,2023-01-15 05:51:11,20230115.0
BON00003047,U0002320,2,2022-05-12 05:00:00,20220512,10000.0,0,,
BON00003048,U0001761,3,2019-09-14 11:00:00,20190914,200.0,1,2019-09-14 19:09:18,20190914.0
BON00003049,U0003614,1,2020-11-14 04:00:00,20201114,20.0,1,2020-11-22 12:47:37,20201122.0
BON00003050,U0001940,2,2021-04-03 02:00:00,20210403,500.0,0,,
BON00003051,U0000005,2,2023-10-05 05:00:00,20231005,5000.0,0,,
BON00003052,U0000983,5,2022-09-15 22:00:00,20220915,10000.0,1,2022-09-16 00:58:10,20220916.0
BON00003053,U0001543,2,2024-08-15 09:00:00,20240815,1000.0,0,,
BON00003054,U0000833,1,2020-07-29 08:00:00,20200729,50.0,1,2020-07-31 05:47:01,20200731.0
BON00003055,U0001538,1,2025-09-01 02:00:00,20250901,200.0,0,,
BON00003056,U0001483,1,2021-05-16 19:00:00,20210516,50.0,1,2021-05-26 21:09:35,20210526.0
BON00003057,U0000479,2,2023-02-22 00:00:00,20230222,5000.0,0,,
BON00003058,U0002968,1,2020-07-14 19:00:00,20200714,100.0,0,,
BON00003059,U0001926,4,2020-01-16 03:00:00,20200116,500.0,1,2020-02-04 21:56:57,20200204.0
BON00003060,U0003433,1,2020-06-20 08:00:00,20200620,50.0,1,2020-07-02 22:18:09,20200702.0
BON00003061,U0002772,4,2025-04-20 14:00:00,20250420,3000.0,1,2025-04-28 14:32:14,20250428.0
BON00003062,U0000114,3,2023-05-09 12:00:00,20230509,500.0,0,,
BON00003063,U0000577,1,2023-10-29 23:00:00,20231029,50.0,1,2023-10-31 12:13:14,20231031.0
BON00003064,U0003140,1,2019-05-26 10:00:00,20190526,20.0,0,,
BON00003065,U0002891,5,2022-12-17 20:00:00,20221217,2000.0,0,,
BON00003066,U0003515,2,2025-10-12 17:00:00,20251012,10000.0,1,2025-10-18 01:30:10,20251018.0
BON00003067,U0003863,1,2023-01-25 23:00:00,20230125,50.0,1,2023-01-27 16:36:34,20230127.0
BON00003068,U0001515,3,2020-01-03 12:00:00,20200103,1000.0,1,2020-01-04 18:27:18,20200104.0
BON00003069,U0002576,1,2022-06-10 20:00:00,20220610,20.0,1,2022-06-13 22:53:49,20220613.0
BON00003070,U0000008,2,2024-04-23 07:00:00,20240423,10000.0,0,,
BON00003071,U0002028,1,2022-06-23 07:00:00,20220623,200.0,1,2022-06-28 04:22:49,20220628.0
BON00003072,U0002225,1,2024-05-31 22:00:00,20240531,50.0,1,2024-06-08 07:17:20,20240608.0
BON00003073,U0001142,4,2019-07-27 03:00:00,20190727,500.0,1,2019-08-01 01:19:49,20190801.0
BON00003074,U0003497,2,2024-07-07 09:00:00,20240707,1000.0,1,2024-07-14 22:41:44,20240714.0
BON00003075,U0000138,4,2025-06-26 13:00:00,20250626,3000.0,1,2025-06-27 07:39:38,20250627.0
BON00003076,U0002943,2,2024-09-29 05:00:00,20240929,10000.0,0,,
BON00003077,U0000737,1,2024-11-30 18:00:00,20241130,100.0,1,2024-12-03 19:24:31,20241203.0
BON00003078,U0000705,1,2021-10-26 16:00:00,20211026,50.0,1,2021-11-11 04:19:26,20211111.0
BON00003079,U0000309,2,2025-03-31 02:00:00,20250331,1000.0,0,,
BON00003080,U0002381,5,2023-05-18 10:00:00,20230518,10000.0,1,2023-05-23 11:37:53,20230523.0
BON00003081,U0003163,3,2021-05-01 03:00:00,20210501,500.0,0,,
BON00003082,U0000588,5,2025-10-05 05:00:00,20251005,2000.0,0,,
BON00003083,U0003646,2,2021-01-02 11:00:00,20210102,1000.0,0,,
BON00003084,U0001066,3,2021-02-04 11:00:00,20210204,500.0,0,,
BON00003085,U0003944,2,2023-04-16 03:00:00,20230416,2000.0,1,2023-04-23 07:16:32,20230423.0
BON00003086,U0003398,1,2019-11-07 16:00:00,20191107,100.0,0,,
BON00003087,U0003254,1,2022-04-22 17:00:00,20220422,100.0,1,2022-05-11 02:45:41,20220511.0
BON00003088,U0000227,1,2023-12-22 22:00:00,20231222,200.0,0,,
BON00003089,U0003324,2,2021-01-05 15:00:00,20210105,10000.0,0,,
BON00003090,U0002387,3,2025-10-02 00:00:00,20251002,200.0,0,,
BON00003091,U0002798,1,2021-04-25 20:00:00,20210425,200.0,0,,
BON00003092,U0000224,1,2019-11-29 11:00:00,20191129,20.0,1,2019-12-07 02:05:49,20191207.0
BON00003093,U0001033,1,2025-09-11 22:00:00,20250911,20.0,1,2025-09-18 13:58:58,20250918.0
BON00003094,U0003504,1,2020-07-06 17:00:00,20200706,20.0,1,2020-07-14 14:55:48,20200714.0
BON00003095,U0000518,2,2024-06-24 14:00:00,20240624,1000.0,0,,
BON00003096,U0003473,1,2021-07-07 04:00:00,20210707,20.0,1,2021-07-07 11:30:34,20210707.0
BON00003097,U0001763,2,2025-01-22 04:00:00,20250122,1000.0,1,2025-01-27 18:44:17,20250127.0
BON00003098,U0003057,3,2022-06-12 05:00:00,20220612,1000.0,1,2022-07-12 05:00:00,20220712.0
BON00003099,U0001066,4,2019-09-05 07:00:00,20190905,2000.0,1,2019-09-08 13:20:12,20190908.0
BON00003100,U0000190,2,2021-09-13 03:00:00,20210913,2000.0,0,,
BON00003101,U0002730,1,2020-05-12 19:00:00,20200512,100.0,0,,
BON00003102,U0001897,2,2020-11-11 09:00:00,20201111,2000.0,0,,
BON00003103,U0003862,2,2021-05-07 17:00:00,20210507,10000.0,0,,
BON00003104,U0002074,1,2023-09-06 20:00:00,20230906,200.0,1,2023-09-07 21:45:00,20230907.0
BON00003105,U0001081,2,2025-06-27 10:00:00,20250627,1000.0,1,2025-06-29 17:44:54,20250629.0
BON00003106,U0000069,3,2020-08-31 19:00:00,20200831,200.0,1,2020-09-02 06:42:06,20200902.0
BON00003107,U0003231,2,2019-10-03 08:00:00,20191003,5000.0,1,2019-10-10 22:51:52,20191010.0
BON00003108,U0000661,4,2021-08-08 08:00:00,20210808,3000.0,0,,
BON00003109,U0004000,5,2019-07-03 18:00:00,20190703,2000.0,0,,
BON00003110,U0003663,4,2022-09-27 05:00:00,20220927,3000.0,0,,
BON00003111,U0003454,1,2023-11-06 21:00:00,20231106,100.0,1,2023-11-08 15:48:02,20231108.0
BON00003112,U0003251,2,2021-09-19 21:00:00,20210919,500.0,0,,
BON00003113,U0003390,1,2025-05-17 12:00:00,20250517,20.0,1,2025-05-27 01:43:17,20250527.0
BON00003114,U0002461,4,2020-06-24 01:00:00,20200624,1000.0,1,2020-06-26 15:38:34,20200626.0
BON00003115,U0001078,1,2021-11-16 23:00:00,20211116,200.0,1,2021-11-27 01:06:24,20211127.0
BON00003116,U0000994,5,2022-02-19 09:00:00,20220219,2000.0,1,2022-02-20 06:46:47,20220220.0
BON00003117,U0001289,4,2025-12-20 20:00:00,20251220,1000.0,1,2025-12-21 07:15:17,20251221.0
BON00003118,U0000281,2,2021-10-07 07:00:00,20211007,5000.0,0,,
BON00003119,U0002790,1,2022-06-15 09:00:00,20220615,100.0,0,,
BON00003120,U0003343,3,2025-12-24 09:00:00,20251224,200.0,0,,
BON00003121,U0003070,3,2024-05-05 19:00:00,20240505,2000.0,0,,
BON00003122,U0002412,1,2020-07-16 09:00:00,20200716,100.0,1,2020-07-22 13:36:56,20200722.0
BON00003123,U0000714,1,2024-10-19 14:00:00,20241019,100.0,1,2024-11-07 00:37:54,20241107.0
BON00003124,U0000645,5,2025-01-20 11:00:00,20250120,20000.0,1,2025-01-27 05:37:44,20250127.0
BON00003125,U0002549,2,2025-04-09 11:00:00,20250409,1000.0,0,,
BON00003126,U0002380,2,2024-12-10 20:00:00,20241210,5000.0,0,,
BON00003127,U0003513,1,2024-02-20 23:00:00,20240220,20.0,1,2024-03-21 23:00:00,20240321.0
BON00003128,U0003706,2,2024-04-11 01:00:00,20240411,1000.0,0,,
BON00003129,U0001346,3,2025-04-08 07:00:00,20250408,200.0,0,,
BON00003130,U0003853,4,2024-05-11 19:00:00,20240511,2000.0,1,2024-05-23 22:25:12,20240523.0
BON00003131,U0002161,1,2025-05-28 11:00:00,20250528,20.0,0,,
BON00003132,U0002186,2,2023-08-24 04:00:00,20230824,500.0,1,2023-08-25 22:10:12,20230825.0
BON00003133,U0003824,2,2022-10-16 16:00:00,20221016,10000.0,0,,
BON00003134,U0001808,1,2025-04-12 13:00:00,20250412,50.0,1,2025-04-29 13:43:14,20250429.0
BON00003135,U0003013,2,2022-08-25 16:00:00,20220825,10000.0,1,2022-09-13 18:30:08,20220913.0
BON00003136,U0002250,3,2023-12-31 23:00:00,20231231,200.0,1,2024-01-05 19:43:54,20240105.0
BON00003137,U0001659,2,2023-07-25 21:00:00,20230725,5000.0,0,,
BON00003138,U0003391,1,2019-03-11 20:00:00,20190311,100.0,1,2019-03-12 02:20:16,20190312.0
BON00003139,U0001019,4,2025-04-25 10:00:00,20250425,2000.0,0,,
BON00003140,U0002917,4,2022-05-11 08:00:00,20220511,3000.0,1,2022-05-22 10:32:42,20220522.0
BON00003141,U0000440,2,2020-06-06 23:00:00,20200606,2000.0,1,2020-06-07 08:50:31,20200607.0
BON00003142,U0003041,5,2021-01-02 08:00:00,20210102,5000.0,1,2021-01-03 22:10:29,20210103.0
BON00003143,U0002662,4,2019-07-07 06:00:00,20190707,500.0,1,2019-07-07 17:55:21,20190707.0
BON00003144,U0002861,2,2020-02-29 02:00:00,20200229,1000.0,0,,
BON00003145,U0001395,1,2025-06-14 17:00:00,20250614,50.0,0,,
BON00003146,U0000862,1,2024-05-03 11:00:00,20240503,50.0,1,2024-05-04 19:29:32,20240504.0
BON00003147,U0000845,1,2024-12-31 16:00:00,20241231,20.0,1,2024-12-31 22:46:50,20241231.0
BON00003148,U0000361,2,2024-10-26 14:00:00,20241026,10000.0,1,2024-11-05 02:36:21,20241105.0
BON00003149,U0000079,2,2024-04-22 04:00:00,20240422,10000.0,0,,
BON00003150,U0003219,2,2025-07-06 19:00:00,20250706,5000.0,1,2025-07-12 18:46:48,20250712.0
BON00003151,U0000424,2,2024-01-08 02:00:00,20240108,1000.0,1,2024-01-09 08:48:52,20240109.0
BON00003152,U0003154,2,2023-02-23 10:00:00,20230223,5000.0,1,2023-03-03 03:43:08,20230303.0
BON00003153,U0003476,3,2020-03-16 18:00:00,20200316,200.0,1,2020-03-21 23:25:12,20200321.0
BON00003154,U0003454,1,2023-03-23 16:00:00,20230323,20.0,1,2023-03-24 11:13:04,20230324.0
BON00003155,U0000706,2,2021-03-22 16:00:00,20210322,10000.0,1,2021-03-26 14:54:33,20210326.0
BON00003156,U0002200,1,2019-10-07 14:00:00,20191007,50.0,1,2019-10-10 18:05:16,20191010.0
BON00003157,U0003497,2,2021-10-29 16:00:00,20211029,500.0,1,2021-11-01 12:36:46,20211101.0
BON00003158,U0000899,1,2025-08-05 20:00:00,20250805,200.0,1,2025-08-10 05:55:19,20250810.0
BON00003159,U0003275,2,2023-05-15 05:00:00,20230515,1000.0,0,,
BON00003160,U0000522,1,2023-02-20 15:00:00,20230220,50.0,1,2023-02-21 07:43:17,20230221.0
BON00003161,U0003124,1,2021-10-19 02:00:00,20211019,200.0,1,2021-11-09 05:50:50,20211109.0
BON00003162,U0003512,2,2021-06-02 19:00:00,20210602,5000.0,1,2021-06-23 17:13:27,20210623.0
BON00003163,U0000336,4,2022-12-01 23:00:00,20221201,500.0,1,2022-12-05 19:13:34,20221205.0
BON00003164,U0002755,4,2019-03-13 06:00:00,20190313,500.0,1,2019-04-12 06:00:00,20190412.0
BON00003165,U0003760,2,2020-01-17 20:00:00,20200117,1000.0,1,2020-01-24 02:39:18,20200124.0
BON00003166,U0002921,3,2022-09-11 13:00:00,20220911,1000.0,1,2022-09-11 13:06:35,20220911.0
BON00003167,U0001393,3,2025-08-01 23:00:00,20250801,1000.0,0,,
BON00003168,U0002534,1,2022-11-04 06:00:00,20221104,100.0,1,2022-11-06 09:11:00,20221106.0
BON00003169,U0003444,1,2023-11-29 16:00:00,20231129,100.0,1,2023-12-16 01:23:04,20231216.0
BON00003170,U0000113,4,2021-05-20 22:00:00,20210520,2000.0,1,2021-05-22 20:20:17,20210522.0
BON00003171,U0002908,2,2023-03-31 14:00:00,20230331,500.0,1,2023-04-01 22:52:24,20230401.0
BON00003172,U0000530,2,2023-09-24 14:00:00,20230924,5000.0,1,2023-09-24 16:25:00,20230924.0
BON00003173,U0003958,1,2022-10-18 07:00:00,20221018,100.0,1,2022-10-22 01:18:28,20221022.0
BON00003174,U0000734,2,2019-05-10 18:00:00,20190510,5000.0,0,,
BON00003175,U0000337,2,2022-07-11 17:00:00,20220711,5000.0,1,2022-07-15 12:42:17,20220715.0
BON00003176,U0002095,2,2021-10-27 03:00:00,20211027,5000.0,1,2021-11-14 09:58:32,20211114.0
BON00003177,U0001114,1,2021-07-20 01:00:00,20210720,20.0,0,,
BON00003178,U0003134,1,2020-03-11 19:00:00,20200311,50.0,1,2020-03-17 03:20:43,20200317.0
BON00003179,U0001555,4,2022-05-30 09:00:00,20220530,500.0,1,2022-05-31 13:35:36,20220531.0
BON00003180,U0001516,2,2023-02-15 12:00:00,20230215,1000.0,1,2023-02-25 08:21:01,20230225.0
BON00003181,U0000694,1,2022-04-01 02:00:00,20220401,100.0,1,2022-04-04 08:25:54,20220404.0
BON00003182,U0002083,1,2022-04-04 08:00:00,20220404,100.0,1,2022-04-16 05:15:45,20220416.0
BON00003183,U0003169,2,2021-04-13 05:00:00,20210413,5000.0,0,,
BON00003184,U0003843,2,2024-04-09 05:00:00,20240409,2000.0,1,2024-04-13 02:44:15,20240413.0
BON00003185,U0003197,4,2024-07-15 01:00:00,20240715,2000.0,0,,
BON00003186,U0002819,2,2022-08-01 20:00:00,20220801,10000.0,1,2022-08-04 13:47:06,20220804.0
BON00003187,U0002018,1,2023-10-09 17:00:00,20231009,200.0,0,,
BON00003188,U0002860,1,2019-07-31 22:00:00,20190731,100.0,1,2019-08-03 16:20:38,20190803.0
BON00003189,U0002649,3,2019-04-04 06:00:00,20190404,2000.0,0,,
BON00003190,U0000835,3,2020-05-09 14:00:00,20200509,200.0,1,2020-05-13 19:16:03,20200513.0
BON00003191,U0001095,5,2022-09-29 06:00:00,20220929,10000.0,1,2022-09-29 06:36:56,20220929.0
BON00003192,U0002432,3,2023-10-18 05:00:00,20231018,500.0,0,,
BON00003193,U0001087,2,2024-04-03 10:00:00,20240403,10000.0,1,2024-04-04 02:07:34,20240404.0
BON00003194,U0000109,2,2020-01-21 16:00:00,20200121,10000.0,0,,
BON00003195,U0002742,3,2024-02-25 02:00:00,20240225,500.0,1,2024-03-26 02:00:00,20240326.0
BON00003196,U0002828,2,2019-10-12 08:00:00,20191012,1000.0,0,,
BON00003197,U0003484,1,2020-10-29 12:00:00,20201029,20.0,0,,
BON00003198,U0000567,1,2021-07-14 20:00:00,20210714,100.0,0,,
BON00003199,U0003433,1,2022-02-24 13:00:00,20220224,20.0,0,,
BON00003200,U0000936,1,2019-08-23 21:00:00,20190823,100.0,0,,
BON00003201,U0002553,5,2024-02-16 06:00:00,20240216,5000.0,1,2024-03-01 14:04:08,20240301.0
BON00003202,U0003023,1,2025-10-03 03:00:00,20251003,50.0,0,,
BON00003203,U0001312,2,2021-01-09 01:00:00,20210109,1000.0,0,,
BON00003204,U0000093,1,2023-10-19 10:00:00,20231019,20.0,1,2023-11-04 01:43:55,20231104.0
BON00003205,U0003169,4,2020-02-27 05:00:00,20200227,500.0,0,,
BON00003206,U0000755,3,2024-04-29 08:00:00,20240429,200.0,1,2024-05-07 12:50:51,20240507.0
BON00003207,U0003118,1,2019-12-08 14:00:00,20191208,50.0,1,2019-12-13 01:58:29,20191213.0
BON00003208,U0002022,2,2019-03-08 03:00:00,20190308,1000.0,1,2019-03-08 14:55:45,20190308.0
BON00003209,U0002865,5,2025-07-17 11:00:00,20250717,10000.0,0,,
BON00003210,U0000496,2,2020-03-17 01:00:00,20200317,10000.0,1,2020-03-21 12:11:58,20200321.0
BON00003211,U0003516,1,2020-10-27 01:00:00,20201027,20.0,1,2020-11-18 13:10:35,20201118.0
BON00003212,U0000142,2,2025-06-02 05:00:00,20250602,500.0,1,2025-06-04 14:36:24,20250604.0
BON00003213,U0000368,5,2019-01-10 20:00:00,20190110,2000.0,0,,
BON00003214,U0003132,3,2025-04-19 09:00:00,20250419,1000.0,0,,
BON00003215,U0002032,3,2023-06-27 17:00:00,20230627,2000.0,0,,
BON00003216,U0002456,2,2019-10-03 20:00:00,20191003,500.0,1,2019-10-14 23:08:44,20191014.0
BON00003217,U0002284,2,2019-06-05 22:00:00,20190605,5000.0,0,,
BON00003218,U0003062,2,2021-12-14 22:00:00,20211214,2000.0,1,2021-12-16 17:24:31,20211216.0
BON00003219,U0002457,2,2025-10-20 04:00:00,20251020,2000.0,1,2025-10-22 11:12:43,20251022.0
BON00003220,U0002316,1,2024-03-09 08:00:00,20240309,200.0,0,,
BON00003221,U0001512,1,2020-05-04 21:00:00,20200504,50.0,1,2020-05-09 07:53:41,20200509.0
BON00003222,U0000939,1,2022-05-21 15:00:00,20220521,200.0,1,2022-05-22 12:07:31,20220522.0
BON00003223,U0003978,2,2024-02-12 10:00:00,20240212,10000.0,1,2024-02-29 13:05:22,20240229.0
BON00003224,U0001780,2,2024-05-11 13:00:00,20240511,5000.0,0,,
BON00003225,U0001781,4,2020-06-06 05:00:00,20200606,500.0,1,2020-06-29 04:24:10,20200629.0
BON00003226,U0001346,1,2025-04-12 14:00:00,20250412,200.0,0,,
BON00003227,U0002558,2,2021-12-12 15:00:00,20211212,5000.0,1,2021-12-13 09:13:34,20211213.0
BON00003228,U0000973,2,2022-06-21 03:00:00,20220621,5000.0,0,,
BON00003229,U0002232,1,2023-02-21 04:00:00,20230221,50.0,0,,
BON00003230,U0001402,3,2023-11-15 18:00:00,20231115,500.0,0,,
BON00003231,U0002530,3,2019-07-04 13:00:00,20190704,1000.0,1,2019-07-24 13:37:08,20190724.0
BON00003232,U0001133,2,2024-04-09 21:00:00,20240409,10000.0,1,2024-04-21 03:14:20,20240421.0
BON00003233,U0000650,4,2021-07-03 01:00:00,20210703,500.0,0,,
BON00003234,U0003780,3,2023-05-02 15:00:00,20230502,500.0,1,2023-05-02 21:01:52,20230502.0
BON00003235,U0004000,1,2024-04-19 01:00:00,20240419,100.0,1,2024-04-29 16:22:13,20240429.0
BON00003236,U0001496,2,2024-11-03 12:00:00,20241103,2000.0,1,2024-11-07 01:52:56,20241107.0
BON00003237,U0000973,2,2019-07-24 23:00:00,20190724,2000.0,1,2019-07-25 04:27:21,20190725.0
BON00003238,U0003297,1,2023-02-13 14:00:00,20230213,20.0,0,,
BON00003239,U0000936,3,2024-02-24 09:00:00,20240224,2000.0,0,,
BON00003240,U0001920,4,2019-03-24 17:00:00,20190324,2000.0,1,2019-04-06 01:58:36,20190406.0
BON00003241,U0003540,2,2025-05-07 22:00:00,20250507,1000.0,1,2025-05-17 17:11:32,20250517.0
BON00003242,U0003008,1,2023-12-24 14:00:00,20231224,20.0,1,2023-12-29 09:36:12,20231229.0
BON00003243,U0002828,2,2025-09-29 03:00:00,20250929,5000.0,0,,
BON00003244,U0003501,1,2021-06-04 10:00:00,20210604,20.0,0,,
BON00003245,U0001486,1,2025-05-06 00:00:00,20250506,20.0,1,2025-06-05 00:00:00,20250605.0
BON00003246,U0000091,3,2020-05-27 14:00:00,20200527,1000.0,0,,
BON00003247,U0001388,1,2020-01-01 21:00:00,20200101,50.0,0,,
BON00003248,U0000025,2,2024-08-08 00:00:00,20240808,1000.0,1,2024-08-11 04:06:12,20240811.0
BON00003249,U0001141,1,2025-03-05 03:00:00,20250305,20.0,1,2025-03-12 09:15:29,20250312.0
BON00003250,U0002943,4,2022-07-11 20:00:00,20220711,2000.0,1,2022-07-17 15:17:02,20220717.0
BON00003251,U0002418,2,2021-07-07 19:00:00,20210707,1000.0,1,2021-07-08 20:51:31,20210708.0
BON00003252,U0001653,3,2020-01-20 19:00:00,20200120,2000.0,0,,
BON00003253,U0000557,1,2019-01-04 08:00:00,20190104,200.0,1,2019-01-05 03:41:59,20190105.0
BON00003254,U0000659,2,2024-10-10 13:00:00,20241010,5000.0,1,2024-10-22 07:10:00,20241022.0
BON00003255,U0002392,1,2019-04-10 00:00:00,20190410,20.0,1,2019-04-19 08:11:56,20190419.0
BON00003256,U0003082,4,2022-11-19 12:00:00,20221119,2000.0,1,2022-11-27 10:43:57,20221127.0
BON00003257,U0003350,1,2024-01-26 15:00:00,20240126,200.0,1,2024-01-27 08:46:48,20240127.0
BON00003258,U0000920,3,2019-08-28 17:00:00,20190828,1000.0,1,2019-08-28 21:01:38,20190828.0
BON00003259,U0001436,3,2020-03-09 20:00:00,20200309,200.0,1,2020-03-13 00:52:55,20200313.0
BON00003260,U0000473,1,2021-07-22 08:00:00,20210722,20.0,0,,
BON00003261,U0000764,5,2022-05-25 19:00:00,20220525,5000.0,1,2022-05-30 22:42:46,20220530.0
BON00003262,U0000048,1,2023-09-27 21:00:00,20230927,50.0,0,,
BON00003263,U0001090,2,2020-05-09 04:00:00,20200509,10000.0,1,2020-05-12 07:53:00,20200512.0
BON00003264,U0003853,5,2020-05-12 13:00:00,20200512,2000.0,1,2020-05-22 06:48:53,20200522.0
BON00003265,U0001529,2,2023-04-08 23:00:00,20230408,10000.0,1,2023-04-14 09:29:16,20230414.0
BON00003266,U0002238,1,2024-07-03 09:00:00,20240703,20.0,1,2024-07-03 10:49:51,20240703.0
BON00003267,U0001866,2,2025-05-29 19:00:00,20250529,10000.0,1,2025-05-30 13:20:05,20250530.0
BON00003268,U0002660,1,2019-05-17 06:00:00,20190517,100.0,0,,
BON00003269,U0003163,1,2020-12-03 16:00:00,20201203,200.0,0,,
BON00003270,U0002330,3,2021-07-07 18:00:00,20210707,1000.0,1,2021-07-19 05:32:11,20210719.0
BON00003271,U0000960,3,2020-12-31 08:00:00,20201231,200.0,0,,
BON00003272,U0002978,1,2024-12-31 17:00:00,20241231,100.0,1,2025-01-16 05:01:19,20250116.0
BON00003273,U0001370,5,2021-11-18 20:00:00,20211118,10000.0,0,,
BON00003274,U0003924,1,2021-10-28 10:00:00,20211028,100.0,1,2021-10-29 07:57:37,20211029.0
BON00003275,U0000472,1,2025-12-06 10:00:00,20251206,50.0,0,,
BON00003276,U0002816,4,2020-10-27 12:00:00,20201027,3000.0,1,2020-10-28 21:35:33,20201028.0
BON00003277,U0003736,2,2022-10-15 16:00:00,20221015,1000.0,1,2022-10-18 15:59:56,20221018.0
BON00003278,U0000813,2,2025-06-19 12:00:00,20250619,5000.0,0,,
BON00003279,U0002614,4,2021-03-23 08:00:00,20210323,1000.0,1,2021-04-01 03:35:52,20210401.0
BON00003280,U0001144,3,2022-08-10 12:00:00,20220810,200.0,1,2022-08-19 20:16:24,20220819.0
BON00003281,U0002029,3,2019-06-29 00:00:00,20190629,1000.0,0,,
BON00003282,U0002122,2,2025-01-13 02:00:00,20250113,1000.0,1,2025-01-26 03:26:11,20250126.0
BON00003283,U0003830,1,2019-05-10 21:00:00,20190510,200.0,1,2019-05-12 03:58:31,20190512.0
BON00003284,U0000820,2,2020-06-25 01:00:00,20200625,500.0,1,2020-07-07 20:56:07,20200707.0
BON00003285,U0002315,2,2023-12-15 17:00:00,20231215,500.0,1,2023-12-16 14:06:25,20231216.0
BON00003286,U0001371,4,2022-04-05 15:00:00,20220405,3000.0,0,,
BON00003287,U0003167,2,2019-09-27 10:00:00,20190927,500.0,1,2019-10-06 13:51:48,20191006.0
BON00003288,U0002238,1,2025-12-08 21:00:00,20251208,100.0,1,2025-12-14 06:48:41,20251214.0
BON00003289,U0001339,1,2019-12-25 04:00:00,20191225,200.0,0,,
BON00003290,U0002464,1,2019-09-02 13:00:00,20190902,50.0,0,,
BON00003291,U0000426,3,2022-09-08 10:00:00,20220908,500.0,1,2022-09-11 23:03:03,20220911.0
BON00003292,U0002421,4,2023-03-19 18:00:00,20230319,1000.0,1,2023-03-22 06:31:55,20230322.0
BON00003293,U0000917,1,2022-09-18 12:00:00,20220918,100.0,0,,
BON00003294,U0003062,1,2021-08-23 10:00:00,20210823,20.0,1,2021-08-25 13:56:00,20210825.0
BON00003295,U0000524,1,2024-10-05 02:00:00,20241005,200.0,0,,
BON00003296,U0000786,5,2019-05-17 18:00:00,20190517,20000.0,1,2019-05-18 11:13:09,20190518.0
BON00003297,U0000365,1,2020-07-20 12:00:00,20200720,200.0,1,2020-07-24 07:23:37,20200724.0
BON00003298,U0002458,1,2025-05-10 10:00:00,20250510,50.0,1,2025-05-11 10:30:36,20250511.0
BON00003299,U0000507,2,2023-04-24 17:00:00,20230424,5000.0,1,2023-05-18 14:58:01,20230518.0
BON00003300,U0000237,1,2019-07-31 02:00:00,20190731,20.0,1,2019-08-05 02:26:44,20190805.0
BON00003301,U0000147,2,2025-08-03 10:00:00,20250803,1000.0,1,2025-08-04 08:35:41,20250804.0
BON00003302,U0000754,3,2021-12-21 10:00:00,20211221,200.0,1,2021-12-22 10:52:56,20211222.0
BON00003303,U0000161,1,2021-03-05 17:00:00,20210305,200.0,0,,
BON00003304,U0002052,4,2025-04-21 19:00:00,20250421,2000.0,0,,
BON00003305,U0003058,1,2021-06-30 07:00:00,20210630,200.0,1,2021-06-30 12:48:58,20210630.0
BON00003306,U0002516,1,2024-10-10 14:00:00,20241010,200.0,1,2024-10-18 17:52:15,20241018.0
BON00003307,U0002166,1,2020-10-08 02:00:00,20201008,50.0,1,2020-10-09 17:03:55,20201009.0
BON00003308,U0002381,1,2023-05-27 12:00:00,20230527,20.0,1,2023-06-23 20:07:28,20230623.0
BON00003309,U0002376,1,2021-10-03 10:00:00,20211003,200.0,1,2021-11-02 10:00:00,20211102.0
BON00003310,U0003304,2,2021-02-05 07:00:00,20210205,2000.0,1,2021-02-10 05:44:06,20210210.0
BON00003311,U0002863,1,2025-01-11 03:00:00,20250111,200.0,0,,
BON00003312,U0000705,1,2024-04-23 12:00:00,20240423,20.0,1,2024-04-27 01:20:14,20240427.0
BON00003313,U0003692,4,2020-08-18 03:00:00,20200818,500.0,1,2020-08-25 03:48:57,20200825.0
BON00003314,U0002877,2,2021-09-22 19:00:00,20210922,10000.0,1,2021-09-24 14:05:21,20210924.0
BON00003315,U0001521,1,2019-01-24 10:00:00,20190124,200.0,1,2019-01-31 23:18:48,20190131.0
BON00003316,U0002564,2,2019-10-04 09:00:00,20191004,2000.0,1,2019-10-08 06:12:17,20191008.0
BON00003317,U0000834,1,2025-10-30 15:00:00,20251030,50.0,0,,
BON00003318,U0003343,2,2020-10-21 19:00:00,20201021,2000.0,1,2020-11-01 14:33:04,20201101.0
BON00003319,U0001832,1,2021-08-24 10:00:00,20210824,100.0,1,2021-08-24 19:45:33,20210824.0
BON00003320,U0000598,2,2022-03-30 04:00:00,20220330,5000.0,1,2022-04-02 07:00:32,20220402.0
BON00003321,U0001509,2,2021-12-23 21:00:00,20211223,2000.0,1,2021-12-28 01:32:47,20211228.0
BON00003322,U0003060,4,2022-04-29 04:00:00,20220429,500.0,1,2022-05-08 08:46:44,20220508.0
BON00003323,U0001249,3,2025-07-29 01:00:00,20250729,200.0,0,,
BON00003324,U0000345,2,2023-10-23 22:00:00,20231023,1000.0,1,2023-11-21 22:04:10,20231121.0
BON00003325,U0001958,2,2019-07-11 00:00:00,20190711,2000.0,0,,
BON00003326,U0002503,3,2019-12-20 15:00:00,20191220,500.0,0,,
BON00003327,U0002693,1,2019-06-09 08:00:00,20190609,100.0,1,2019-06-11 18:03:23,20190611.0
BON00003328,U0003127,2,2023-07-30 17:00:00,20230730,10000.0,0,,
BON00003329,U0003973,2,2019-06-07 19:00:00,20190607,1000.0,1,2019-06-08 04:41:56,20190608.0
BON00003330,U0002321,1,2025-01-06 20:00:00,20250106,100.0,0,,
BON00003331,U0002709,1,2019-09-12 08:00:00,20190912,20.0,0,,
BON00003332,U0001049,1,2020-10-24 16:00:00,20201024,50.0,1,2020-11-04 09:46:34,20201104.0
BON00003333,U0002881,3,2022-08-13 12:00:00,20220813,1000.0,1,2022-08-24 15:01:06,20220824.0
BON00003334,U0002377,2,2019-11-28 12:00:00,20191128,2000.0,1,2019-12-09 11:09:21,20191209.0
BON00003335,U0003898,1,2024-01-22 19:00:00,20240122,200.0,0,,
BON00003336,U0002646,2,2020-12-15 09:00:00,20201215,10000.0,0,,
BON00003337,U0000289,2,2024-03-05 19:00:00,20240305,2000.0,1,2024-03-14 15:54:21,20240314.0
BON00003338,U0001422,4,2024-12-26 02:00:00,20241226,500.0,1,2024-12-30 23:52:19,20241230.0
BON00003339,U0001336,2,2024-10-25 07:00:00,20241025,500.0,1,2024-10-25 12:11:54,20241025.0
BON00003340,U0001781,3,2024-04-21 01:00:00,20240421,200.0,1,2024-04-23 01:11:36,20240423.0
BON00003341,U0001215,2,2023-08-21 21:00:00,20230821,5000.0,0,,
BON00003342,U0000382,2,2024-02-18 18:00:00,20240218,2000.0,1,2024-02-23 20:19:23,20240223.0
BON00003343,U0000568,3,2024-09-26 21:00:00,20240926,2000.0,1,2024-10-03 22:40:52,20241003.0
BON00003344,U0002045,1,2023-04-10 02:00:00,20230410,50.0,1,2023-04-20 09:57:39,20230420.0
BON00003345,U0000176,1,2022-05-28 22:00:00,20220528,100.0,0,,
BON00003346,U0000722,1,2019-05-07 02:00:00,20190507,100.0,1,2019-05-18 23:44:59,20190518.0
BON00003347,U0002019,1,2023-11-27 17:00:00,20231127,20.0,1,2023-12-15 15:50:25,20231215.0
BON00003348,U0001542,1,2024-07-29 20:00:00,20240729,20.0,1,2024-08-04 18:04:28,20240804.0
BON00003349,U0003760,3,2025-01-25 08:00:00,20250125,500.0,1,2025-01-28 11:28:41,20250128.0
BON00003350,U0001776,1,2021-05-27 10:00:00,20210527,50.0,0,,
BON00003351,U0000294,2,2024-11-03 21:00:00,20241103,5000.0,1,2024-11-11 12:45:46,20241111.0
BON00003352,U0000819,2,2019-01-30 21:00:00,20190130,10000.0,0,,
BON00003353,U0002740,1,2021-09-01 09:00:00,20210901,200.0,1,2021-09-22 18:02:22,20210922.0
BON00003354,U0003498,2,2022-04-06 15:00:00,20220406,1000.0,0,,
BON00003355,U0002759,1,2020-05-05 12:00:00,20200505,50.0,1,2020-05-12 23:54:17,20200512.0
BON00003356,U0000407,2,2024-04-07 06:00:00,20240407,500.0,0,,
BON00003357,U0001707,1,2019-06-14 00:00:00,20190614,100.0,1,2019-06-26 02:43:21,20190626.0
BON00003358,U0000138,2,2022-10-12 11:00:00,20221012,5000.0,1,2022-10-22 12:06:13,20221022.0
BON00003359,U0000994,1,2022-03-04 20:00:00,20220304,100.0,1,2022-03-06 23:59:25,20220306.0
BON00003360,U0001970,2,2024-09-01 09:00:00,20240901,2000.0,1,2024-09-02 10:23:10,20240902.0
BON00003361,U0001442,1,2022-09-26 14:00:00,20220926,100.0,1,2022-09-29 08:15:09,20220929.0
BON00003362,U0003069,1,2020-03-26 04:00:00,20200326,50.0,1,2020-04-25 04:00:00,20200425.0
BON00003363,U0000313,1,2025-11-06 14:00:00,20251106,200.0,0,,
BON00003364,U0000912,1,2021-09-16 09:00:00,20210916,50.0,0,,
BON00003365,U0001770,1,2023-04-22 14:00:00,20230422,200.0,1,2023-05-07 12:13:34,20230507.0
BON00003366,U0001832,1,2020-01-29 03:00:00,20200129,20.0,1,2020-02-02 03:06:29,20200202.0
BON00003367,U0000331,2,2025-04-30 09:00:00,20250430,1000.0,1,2025-05-12 01:08:45,20250512.0
BON00003368,U0002683,2,2020-11-21 11:00:00,20201121,500.0,0,,
BON00003369,U0001676,2,2021-01-05 04:00:00,20210105,5000.0,0,,
BON00003370,U0002729,4,2022-10-22 02:00:00,20221022,1000.0,1,2022-11-01 18:16:12,20221101.0
BON00003371,U0003747,2,2020-06-01 12:00:00,20200601,500.0,0,,
BON00003372,U0000769,3,2020-08-12 23:00:00,20200812,2000.0,1,2020-08-21 20:08:29,20200821.0
BON00003373,U0001858,4,2022-10-19 13:00:00,20221019,500.0,1,2022-10-26 01:19:02,20221026.0
BON00003374,U0003988,1,2022-06-23 16:00:00,20220623,20.0,1,2022-06-24 11:22:30,20220624.0
BON00003375,U0001648,1,2020-10-19 17:00:00,20201019,100.0,0,,
BON00003376,U0002776,2,2024-09-15 17:00:00,20240915,500.0,1,2024-09-16 16:45:40,20240916.0
BON00003377,U0002081,2,2022-04-05 15:00:00,20220405,5000.0,0,,
BON00003378,U0001067,1,2020-08-11 20:00:00,20200811,50.0,1,2020-08-15 21:59:47,20200815.0
BON00003379,U0003497,1,2025-09-13 03:00:00,20250913,200.0,1,2025-09-16 06:16:00,20250916.0
BON00003380,U0000978,4,2025-04-03 02:00:00,20250403,1000.0,0,,
BON00003381,U0002255,2,2025-06-27 08:00:00,20250627,5000.0,0,,
BON00003382,U0000241,2,2024-11-27 08:00:00,20241127,500.0,1,2024-12-07 06:29:15,20241207.0
BON00003383,U0001648,2,2023-03-05 02:00:00,20230305,5000.0,1,2023-03-10 05:43:37,20230310.0
BON00003384,U0003570,1,2022-06-06 02:00:00,20220606,20.0,1,2022-06-06 13:41:31,20220606.0
BON00003385,U0001189,5,2020-04-20 18:00:00,20200420,20000.0,1,2020-04-25 21:54:41,20200425.0
BON00003386,U0002267,1,2021-01-29 05:00:00,20210129,20.0,1,2021-02-01 11:15:09,20210201.0
BON00003387,U0000984,2,2025-09-27 00:00:00,20250927,5000.0,1,2025-10-01 09:03:06,20251001.0
BON00003388,U0000043,3,2021-12-03 11:00:00,20211203,200.0,0,,
BON00003389,U0001183,2,2020-04-11 15:00:00,20200411,500.0,1,2020-04-27 09:33:12,20200427.0
BON00003390,U0001608,5,2019-03-07 01:00:00,20190307,20000.0,1,2019-03-17 07:02:01,20190317.0
BON00003391,U0003970,1,2025-12-27 15:00:00,20251227,50.0,0,,
BON00003392,U0000904,1,2024-01-23 10:00:00,20240123,100.0,1,2024-01-29 18:18:49,20240129.0
BON00003393,U0000640,1,2022-07-07 10:00:00,20220707,200.0,0,,
BON00003394,U0001471,3,2023-04-24 20:00:00,20230424,1000.0,1,2023-04-26 21:56:56,20230426.0
BON00003395,U0000163,4,2024-08-21 05:00:00,20240821,2000.0,1,2024-08-22 16:27:37,20240822.0
BON00003396,U0003150,3,2019-05-17 03:00:00,20190517,200.0,1,2019-06-13 05:19:54,20190613.0
BON00003397,U0003761,1,2023-05-13 21:00:00,20230513,20.0,0,,
BON00003398,U0002067,1,2025-07-16 07:00:00,20250716,100.0,1,2025-07-26 06:16:23,20250726.0
BON00003399,U0001008,4,2022-06-04 21:00:00,20220604,2000.0,1,2022-06-19 07:57:49,20220619.0
BON00003400,U0002225,1,2025-09-28 16:00:00,20250928,50.0,1,2025-09-29 14:29:43,20250929.0
BON00003401,U0000465,1,2022-12-17 09:00:00,20221217,50.0,0,,
BON00003402,U0002882,2,2024-05-09 03:00:00,20240509,2000.0,1,2024-05-09 03:29:08,20240509.0
BON00003403,U0001812,2,2025-05-31 04:00:00,20250531,5000.0,0,,
BON00003404,U0002122,2,2021-05-12 20:00:00,20210512,2000.0,0,,
BON00003405,U0001713,2,2021-04-27 13:00:00,20210427,10000.0,1,2021-04-27 20:36:52,20210427.0
BON00003406,U0002167,1,2020-05-07 20:00:00,20200507,100.0,0,,
BON00003407,U0003958,2,2025-05-16 11:00:00,20250516,2000.0,1,2025-05-22 22:29:43,20250522.0
BON00003408,U0000193,2,2020-02-21 05:00:00,20200221,1000.0,1,2020-02-23 14:36:32,20200223.0
BON00003409,U0003243,2,2022-05-08 03:00:00,20220508,2000.0,0,,
BON00003410,U0000565,2,2021-05-30 19:00:00,20210530,500.0,1,2021-06-09 03:01:51,20210609.0
BON00003411,U0001442,1,2025-01-18 06:00:00,20250118,50.0,0,,
BON00003412,U0002261,2,2021-06-23 09:00:00,20210623,5000.0,1,2021-06-23 21:55:53,20210623.0
BON00003413,U0001022,5,2023-08-11 08:00:00,20230811,10000.0,1,2023-08-16 14:53:43,20230816.0
BON00003414,U0000612,1,2020-12-09 06:00:00,20201209,50.0,1,2020-12-17 07:33:58,20201217.0
BON00003415,U0002324,2,2020-07-27 23:00:00,20200727,2000.0,0,,
BON00003416,U0003407,3,2025-02-21 04:00:00,20250221,2000.0,1,2025-02-22 17:22:21,20250222.0
BON00003417,U0002580,1,2023-09-20 16:00:00,20230920,20.0,1,2023-09-26 00:18:33,20230926.0
BON00003418,U0000330,1,2020-02-21 05:00:00,20200221,200.0,1,2020-02-24 10:20:45,20200224.0
BON00003419,U0001249,3,2019-12-17 19:00:00,20191217,1000.0,0,,
BON00003420,U0002008,2,2020-01-10 16:00:00,20200110,10000.0,1,2020-01-15 20:31:43,20200115.0
BON00003421,U0002790,2,2019-10-13 10:00:00,20191013,1000.0,1,2019-10-16 10:27:40,20191016.0
BON00003422,U0003770,4,2020-07-03 17:00:00,20200703,3000.0,1,2020-07-08 22:05:39,20200708.0
BON00003423,U0001567,3,2023-02-22 17:00:00,20230222,1000.0,1,2023-02-25 23:39:40,20230225.0
BON00003424,U0000215,2,2022-07-27 19:00:00,20220727,1000.0,1,2022-08-02 09:02:16,20220802.0
BON00003425,U0002162,1,2023-06-11 05:00:00,20230611,100.0,1,2023-06-16 06:01:45,20230616.0
BON00003426,U0003652,1,2025-08-21 08:00:00,20250821,20.0,1,2025-08-27 19:29:24,20250827.0
BON00003427,U0002455,1,2022-09-08 19:00:00,20220908,100.0,1,2022-09-14 06:52:40,20220914.0
BON00003428,U0002609,2,2024-05-04 09:00:00,20240504,1000.0,0,,
BON00003429,U0002915,2,2019-05-08 22:00:00,20190508,500.0,1,2019-05-12 06:48:16,20190512.0
BON00003430,U0001223,1,2022-12-11 12:00:00,20221211,100.0,1,2022-12-18 11:54:26,20221218.0
BON00003431,U0003147,1,2019-12-15 09:00:00,20191215,50.0,1,2019-12-18 08:27:34,20191218.0
BON00003432,U0003987,1,2020-05-31 08:00:00,20200531,50.0,0,,
BON00003433,U0000079,4,2020-12-24 05:00:00,20201224,500.0,1,2020-12-25 06:36:05,20201225.0
BON00003434,U0001688,2,2020-02-15 10:00:00,20200215,500.0,0,,
BON00003435,U0000292,1,2022-12-15 18:00:00,20221215,50.0,1,2022-12-18 19:51:02,20221218.0
BON00003436,U0002847,2,2020-12-25 02:00:00,20201225,1000.0,1,2020-12-26 03:23:56,20201226.0
BON00003437,U0002053,1,2024-02-16 10:00:00,20240216,20.0,1,2024-02-17 20:11:55,20240217.0
BON00003438,U0002547,2,2022-05-09 04:00:00,20220509,2000.0,1,2022-05-09 08:14:21,20220509.0
BON00003439,U0001818,1,2019-11-12 18:00:00,20191112,100.0,0,,
BON00003440,U0002685,1,2019-12-12 12:00:00,20191212,100.0,1,2020-01-03 10:23:54,20200103.0
BON00003441,U0003576,1,2021-10-08 18:00:00,20211008,100.0,0,,
BON00003442,U0003615,4,2022-07-10 10:00:00,20220710,2000.0,1,2022-07-10 14:35:33,20220710.0
BON00003443,U0000776,3,2025-11-08 22:00:00,20251108,200.0,1,2025-11-16 22:11:38,20251116.0
BON00003444,U0001245,1,2022-07-31 02:00:00,20220731,50.0,1,2022-08-03 18:00:28,20220803.0
BON00003445,U0001836,2,2019-09-21 16:00:00,20190921,5000.0,1,2019-10-02 14:37:10,20191002.0
BON00003446,U0002917,1,2023-09-08 23:00:00,20230908,100.0,1,2023-09-09 16:42:47,20230909.0
BON00003447,U0002492,5,2023-10-18 22:00:00,20231018,20000.0,0,,
BON00003448,U0002804,2,2024-03-26 23:00:00,20240326,10000.0,1,2024-03-28 01:40:10,20240328.0
BON00003449,U0001275,2,2025-07-18 00:00:00,20250718,500.0,0,,
BON00003450,U0002614,1,2019-06-16 15:00:00,20190616,100.0,0,,
BON00003451,U0002379,2,2022-06-21 13:00:00,20220621,1000.0,1,2022-07-10 12:48:57,20220710.0
BON00003452,U0000970,2,2024-04-10 01:00:00,20240410,2000.0,1,2024-04-12 02:17:25,20240412.0
BON00003453,U0002087,3,2024-04-12 17:00:00,20240412,2000.0,0,,
BON00003454,U0000191,5,2019-08-21 13:00:00,20190821,10000.0,1,2019-08-23 16:50:44,20190823.0
BON00003455,U0003363,2,2023-03-14 19:00:00,20230314,10000.0,1,2023-03-19 06:24:00,20230319.0
BON00003456,U0003819,2,2025-01-19 11:00:00,20250119,500.0,1,2025-01-28 01:44:10,20250128.0
BON00003457,U0000542,2,2022-10-27 23:00:00,20221027,5000.0,1,2022-11-03 07:33:58,20221103.0
BON00003458,U0001739,1,2020-10-09 14:00:00,20201009,50.0,1,2020-10-13 20:20:40,20201013.0
BON00003459,U0001557,1,2023-04-20 01:00:00,20230420,100.0,0,,
BON00003460,U0003304,2,2022-12-06 21:00:00,20221206,1000.0,0,,
BON00003461,U0001306,1,2022-10-24 21:00:00,20221024,50.0,1,2022-10-31 08:49:16,20221031.0
BON00003462,U0001513,2,2022-10-10 12:00:00,20221010,1000.0,1,2022-10-17 14:46:42,20221017.0
BON00003463,U0001534,1,2024-11-19 11:00:00,20241119,200.0,0,,
BON00003464,U0003360,1,2025-06-26 18:00:00,20250626,20.0,1,2025-06-26 22:11:10,20250626.0
BON00003465,U0002286,2,2022-07-05 19:00:00,20220705,10000.0,1,2022-07-12 15:29:20,20220712.0
BON00003466,U0003492,2,2023-10-13 21:00:00,20231013,500.0,1,2023-10-16 13:13:23,20231016.0
BON00003467,U0002197,1,2019-04-17 09:00:00,20190417,100.0,1,2019-04-21 11:33:48,20190421.0
BON00003468,U0001393,1,2023-09-09 22:00:00,20230909,100.0,1,2023-09-14 03:16:52,20230914.0
BON00003469,U0002792,1,2021-10-14 17:00:00,20211014,50.0,1,2021-10-15 22:06:00,20211015.0
BON00003470,U0000330,1,2020-04-09 03:00:00,20200409,200.0,0,,
BON00003471,U0001500,1,2021-05-28 20:00:00,20210528,20.0,1,2021-06-02 05:04:57,20210602.0
BON00003472,U0000496,3,2025-11-17 10:00:00,20251117,200.0,1,2025-11-20 23:46:36,20251120.0
BON00003473,U0002593,2,2020-10-23 08:00:00,20201023,2000.0,0,,
BON00003474,U0000571,1,2022-05-06 03:00:00,20220506,50.0,1,2022-05-08 02:55:22,20220508.0
BON00003475,U0000942,3,2023-08-09 21:00:00,20230809,2000.0,1,2023-08-17 06:50:31,20230817.0
BON00003476,U0002646,3,2020-05-07 00:00:00,20200507,500.0,0,,
BON00003477,U0002548,1,2022-06-24 11:00:00,20220624,50.0,1,2022-06-24 23:42:54,20220624.0
BON00003478,U0000237,1,2021-03-18 23:00:00,20210318,100.0,0,,
BON00003479,U0003285,1,2019-09-19 11:00:00,20190919,50.0,1,2019-09-26 00:33:26,20190926.0
BON00003480,U0003559,4,2021-04-18 10:00:00,20210418,1000.0,1,2021-04-28 04:53:46,20210428.0
BON00003481,U0001067,2,2022-04-14 16:00:00,20220414,500.0,0,,
BON00003482,U0003817,5,2022-01-14 18:00:00,20220114,5000.0,0,,
BON00003483,U0003199,1,2023-06-27 12:00:00,20230627,100.0,0,,
BON00003484,U0003418,1,2025-05-03 04:00:00,20250503,20.0,1,2025-05-03 05:55:02,20250503.0
BON00003485,U0002908,2,2020-11-24 04:00:00,20201124,2000.0,1,2020-11-25 18:45:50,20201125.0
BON00003486,U0003510,4,2020-08-09 20:00:00,20200809,2000.0,1,2020-08-14 00:20:36,20200814.0
BON00003487,U0003060,1,2020-08-18 10:00:00,20200818,100.0,1,2020-09-11 23:59:28,20200911.0
BON00003488,U0003065,1,2022-09-12 04:00:00,20220912,50.0,1,2022-09-26 06:48:44,20220926.0
BON00003489,U0001016,2,2022-06-27 07:00:00,20220627,500.0,1,2022-07-02 16:21:58,20220702.0
BON00003490,U0000600,2,2022-01-06 13:00:00,20220106,5000.0,1,2022-01-21 14:33:41,20220121.0
BON00003491,U0003022,2,2020-01-01 08:00:00,20200101,1000.0,1,2020-01-02 21:16:17,20200102.0
BON00003492,U0002781,1,2023-05-18 03:00:00,20230518,100.0,1,2023-05-22 15:12:46,20230522.0
BON00003493,U0001405,2,2020-10-12 08:00:00,20201012,1000.0,0,,
BON00003494,U0003026,2,2021-10-21 02:00:00,20211021,10000.0,1,2021-10-27 20:13:06,20211027.0
BON00003495,U0000738,1,2021-09-18 18:00:00,20210918,100.0,1,2021-10-09 09:22:11,20211009.0
BON00003496,U0002186,1,2023-07-07 19:00:00,20230707,100.0,0,,
BON00003497,U0002968,3,2024-11-25 15:00:00,20241125,500.0,1,2024-11-28 14:35:42,20241128.0
BON00003498,U0003930,3,2025-10-23 21:00:00,20251023,1000.0,1,2025-10-26 04:44:32,20251026.0
BON00003499,U0002116,2,2023-12-11 09:00:00,20231211,500.0,0,,
BON00003500,U0002435,4,2019-05-03 08:00:00,20190503,500.0,1,2019-05-09 10:57:22,20190509.0
BON00003501,U0001767,2,2020-11-18 19:00:00,20201118,500.0,1,2020-11-19 14:58:51,20201119.0
BON00003502,U0000570,2,2019-04-15 03:00:00,20190415,500.0,0,,
BON00003503,U0001800,1,2021-05-30 09:00:00,20210530,100.0,1,2021-05-30 15:13:14,20210530.0
BON00003504,U0001951,2,2020-08-19 19:00:00,20200819,5000.0,1,2020-08-22 16:24:57,20200822.0
BON00003505,U0000624,2,2024-07-21 23:00:00,20240721,2000.0,1,2024-07-23 13:30:43,20240723.0
BON00003506,U0000645,1,2025-04-22 20:00:00,20250422,200.0,1,2025-04-22 20:42:04,20250422.0
BON00003507,U0001152,2,2023-08-27 12:00:00,20230827,10000.0,0,,
BON00003508,U0000279,2,2022-11-28 22:00:00,20221128,5000.0,1,2022-12-10 05:39:17,20221210.0
BON00003509,U0003194,4,2022-04-25 15:00:00,20220425,2000.0,1,2022-05-08 00:08:02,20220508.0
BON00003510,U0001701,3,2021-03-20 06:00:00,20210320,200.0,1,2021-03-28 14:51:32,20210328.0
BON00003511,U0003626,2,2021-02-05 07:00:00,20210205,5000.0,1,2021-02-09 09:56:41,20210209.0
BON00003512,U0001912,1,2019-08-02 12:00:00,20190802,50.0,1,2019-08-03 22:45:09,20190803.0
BON00003513,U0003319,1,2020-05-20 02:00:00,20200520,100.0,1,2020-05-24 04:15:44,20200524.0
BON00003514,U0003614,1,2023-01-17 23:00:00,20230117,20.0,1,2023-01-19 21:46:18,20230119.0
BON00003515,U0002827,5,2024-01-13 07:00:00,20240113,20000.0,0,,
BON00003516,U0001006,3,2020-12-29 05:00:00,20201229,200.0,1,2020-12-31 08:34:23,20201231.0
BON00003517,U0003202,2,2024-02-22 09:00:00,20240222,5000.0,1,2024-03-06 22:25:08,20240306.0
BON00003518,U0001519,1,2019-12-14 04:00:00,20191214,20.0,1,2019-12-15 17:54:50,20191215.0
BON00003519,U0002205,4,2024-12-21 23:00:00,20241221,1000.0,1,2024-12-30 01:24:21,20241230.0
BON00003520,U0000090,5,2023-12-19 22:00:00,20231219,10000.0,0,,
BON00003521,U0001242,2,2019-09-28 13:00:00,20190928,2000.0,0,,
BON00003522,U0000923,4,2023-03-15 06:00:00,20230315,1000.0,1,2023-03-21 17:04:06,20230321.0
BON00003523,U0002455,1,2023-11-01 11:00:00,20231101,200.0,0,,
BON00003524,U0003749,2,2023-07-02 13:00:00,20230702,5000.0,1,2023-07-09 09:42:16,20230709.0
BON00003525,U0002521,3,2023-08-14 01:00:00,20230814,1000.0,0,,
BON00003526,U0001237,1,2023-12-10 08:00:00,20231210,100.0,1,2023-12-11 07:15:39,20231211.0
BON00003527,U0001007,2,2019-03-25 07:00:00,20190325,5000.0,0,,
BON00003528,U0000866,1,2021-11-16 22:00:00,20211116,50.0,1,2021-11-27 20:40:44,20211127.0
BON00003529,U0003697,2,2019-12-21 03:00:00,20191221,5000.0,1,2020-01-03 01:08:43,20200103.0
BON00003530,U0003951,2,2024-05-13 16:00:00,20240513,500.0,0,,
BON00003531,U0003653,3,2019-06-06 02:00:00,20190606,2000.0,0,,
BON00003532,U0000313,2,2021-02-02 20:00:00,20210202,10000.0,0,,
BON00003533,U0002047,2,2025-07-19 09:00:00,20250719,5000.0,1,2025-07-23 17:35:13,20250723.0
BON00003534,U0000912,2,2023-09-30 14:00:00,20230930,1000.0,0,,
BON00003535,U0003595,1,2021-01-08 20:00:00,20210108,20.0,1,2021-01-11 09:10:00,20210111.0
BON00003536,U0001842,2,2020-04-06 04:00:00,20200406,5000.0,1,2020-04-07 02:46:08,20200407.0
BON00003537,U0000594,2,2022-04-05 23:00:00,20220405,2000.0,1,2022-04-19 17:51:39,20220419.0
BON00003538,U0003770,2,2021-01-15 16:00:00,20210115,10000.0,1,2021-01-20 06:03:13,20210120.0
BON00003539,U0003939,2,2025-07-13 04:00:00,20250713,500.0,1,2025-07-18 02:45:51,20250718.0
BON00003540,U0003765,4,2020-09-27 07:00:00,20200927,2000.0,1,2020-10-03 20:38:38,20201003.0
BON00003541,U0002819,2,2021-06-23 03:00:00,20210623,2000.0,1,2021-06-24 09:12:51,20210624.0
BON00003542,U0003708,4,2024-10-17 17:00:00,20241017,3000.0,1,2024-10-20 19:15:02,20241020.0
BON00003543,U0001303,4,2022-12-01 21:00:00,20221201,2000.0,1,2022-12-08 05:54:33,20221208.0
BON00003544,U0000840,1,2025-09-16 23:00:00,20250916,200.0,1,2025-09-19 19:00:11,20250919.0
BON00003545,U0001664,2,2023-09-27 13:00:00,20230927,2000.0,1,2023-10-03 11:06:31,20231003.0
BON00003546,U0001924,3,2022-11-29 08:00:00,20221129,1000.0,0,,
BON00003547,U0001225,3,2021-05-04 10:00:00,20210504,2000.0,0,,
BON00003548,U0000344,3,2019-07-06 20:00:00,20190706,1000.0,1,2019-07-16 07:46:31,20190716.0
BON00003549,U0003231,2,2023-11-26 02:00:00,20231126,500.0,1,2023-12-02 13:29:40,20231202.0
BON00003550,U0000506,5,2023-02-21 09:00:00,20230221,20000.0,1,2023-02-24 19:40:58,20230224.0
BON00003551,U0000110,5,2022-09-19 12:00:00,20220919,20000.0,1,2022-09-30 07:37:07,20220930.0
BON00003552,U0002210,3,2020-02-01 06:00:00,20200201,500.0,0,,
BON00003553,U0000023,4,2021-02-04 21:00:00,20210204,500.0,0,,
BON00003554,U0001924,2,2021-01-30 07:00:00,20210130,1000.0,1,2021-02-02 19:32:03,20210202.0
BON00003555,U0002790,1,2021-06-02 15:00:00,20210602,200.0,1,2021-06-10 08:18:33,20210610.0
BON00003556,U0001765,2,2024-08-19 16:00:00,20240819,2000.0,1,2024-08-31 13:06:24,20240831.0
BON00003557,U0001085,2,2020-05-14 03:00:00,20200514,10000.0,1,2020-06-04 05:17:35,20200604.0
BON00003558,U0003522,4,2023-08-11 07:00:00,20230811,1000.0,1,2023-08-19 10:35:33,20230819.0
BON00003559,U0000677,2,2019-11-28 09:00:00,20191128,1000.0,1,2019-11-29 02:49:59,20191129.0
BON00003560,U0000459,1,2025-06-08 02:00:00,20250608,100.0,1,2025-06-16 13:57:05,20250616.0
BON00003561,U0001120,2,2022-10-28 07:00:00,20221028,500.0,1,2022-10-31 19:56:22,20221031.0
BON00003562,U0001103,5,2022-09-17 08:00:00,20220917,10000.0,1,2022-09-18 03:53:13,20220918.0
BON00003563,U0003619,1,2025-12-16 20:00:00,20251216,100.0,1,2025-12-27 17:52:56,20251227.0
BON00003564,U0000880,2,2024-07-24 12:00:00,20240724,1000.0,1,2024-08-19 09:01:34,20240819.0
BON00003565,U0003025,2,2020-10-10 12:00:00,20201010,500.0,1,2020-10-15 16:26:02,20201015.0
BON00003566,U0000168,1,2023-11-16 03:00:00,20231116,20.0,1,2023-11-17 01:58:06,20231117.0
BON00003567,U0001739,1,2024-12-04 09:00:00,20241204,50.0,1,2024-12-06 08:51:55,20241206.0
BON00003568,U0000481,1,2025-12-29 15:00:00,20251229,100.0,1,2026-01-06 10:22:07,20260106.0
BON00003569,U0002589,2,2024-12-17 19:00:00,20241217,10000.0,0,,
BON00003570,U0001481,3,2020-12-09 07:00:00,20201209,2000.0,1,2020-12-14 04:21:22,20201214.0
BON00003571,U0001764,1,2021-05-06 23:00:00,20210506,200.0,1,2021-05-22 09:51:10,20210522.0
BON00003572,U0000023,1,2020-06-17 12:00:00,20200617,200.0,1,2020-06-23 05:31:54,20200623.0
BON00003573,U0002602,1,2024-09-09 00:00:00,20240909,100.0,1,2024-09-12 13:03:58,20240912.0
BON00003574,U0002065,4,2019-12-20 06:00:00,20191220,2000.0,1,2019-12-26 13:58:43,20191226.0
BON00003575,U0002101,2,2022-01-16 01:00:00,20220116,10000.0,1,2022-01-30 11:15:20,20220130.0
BON00003576,U0002330,3,2022-09-10 04:00:00,20220910,200.0,0,,
BON00003577,U0000778,2,2023-08-21 21:00:00,20230821,2000.0,1,2023-09-06 23:44:27,20230906.0
BON00003578,U0003132,3,2019-03-26 03:00:00,20190326,2000.0,1,2019-03-26 20:45:04,20190326.0
BON00003579,U0003612,2,2022-03-24 17:00:00,20220324,500.0,1,2022-04-06 12:18:04,20220406.0
BON00003580,U0003457,2,2024-10-13 02:00:00,20241013,5000.0,0,,
BON00003581,U0003398,1,2021-04-26 08:00:00,20210426,50.0,0,,
BON00003582,U0002404,2,2025-07-17 16:00:00,20250717,5000.0,1,2025-07-22 20:33:09,20250722.0
BON00003583,U0000361,1,2020-10-27 21:00:00,20201027,50.0,0,,
BON00003584,U0001599,2,2025-11-29 16:00:00,20251129,2000.0,1,2025-12-10 08:08:52,20251210.0
BON00003585,U0003747,1,2019-07-23 13:00:00,20190723,20.0,1,2019-08-02 14:40:44,20190802.0
BON00003586,U0003284,2,2024-01-21 20:00:00,20240121,10000.0,1,2024-01-28 18:13:23,20240128.0
BON00003587,U0001742,2,2021-01-20 18:00:00,20210120,5000.0,1,2021-01-21 16:59:28,20210121.0
BON00003588,U0000398,1,2025-10-05 03:00:00,20251005,50.0,1,2025-10-08 23:59:54,20251008.0
BON00003589,U0001919,4,2025-04-06 19:00:00,20250406,1000.0,1,2025-04-17 18:56:02,20250417.0
BON00003590,U0001680,2,2022-02-01 03:00:00,20220201,10000.0,1,2022-02-03 11:58:00,20220203.0
BON00003591,U0000756,2,2023-09-17 07:00:00,20230917,1000.0,0,,
BON00003592,U0003229,1,2025-01-09 04:00:00,20250109,20.0,1,2025-01-16 18:41:59,20250116.0
BON00003593,U0003370,2,2019-04-11 06:00:00,20190411,2000.0,1,2019-04-22 17:46:28,20190422.0
BON00003594,U0003134,1,2020-05-28 04:00:00,20200528,100.0,1,2020-05-28 05:14:59,20200528.0
BON00003595,U0000804,1,2021-12-17 10:00:00,20211217,50.0,1,2021-12-23 22:15:54,20211223.0
BON00003596,U0003134,1,2024-11-29 03:00:00,20241129,50.0,1,2024-12-02 04:15:40,20241202.0
BON00003597,U0000906,1,2025-07-04 12:00:00,20250704,100.0,1,2025-07-11 20:39:42,20250711.0
BON00003598,U0001410,4,2022-06-16 13:00:00,20220616,2000.0,1,2022-06-17 21:33:55,20220617.0
BON00003599,U0001872,4,2019-01-25 08:00:00,20190125,2000.0,1,2019-01-30 14:24:56,20190130.0
BON00003600,U0001752,2,2020-01-05 00:00:00,20200105,1000.0,1,2020-01-07 11:19:33,20200107.0
BON00003601,U0002811,2,2022-03-30 11:00:00,20220330,10000.0,1,2022-04-11 03:54:34,20220411.0
BON00003602,U0000531,4,2024-03-16 06:00:00,20240316,3000.0,1,2024-03-23 08:57:32,20240323.0
BON00003603,U0002155,1,2020-04-05 23:00:00,20200405,100.0,1,2020-04-16 12:41:28,20200416.0
BON00003604,U0002308,3,2022-03-29 16:00:00,20220329,500.0,1,2022-03-29 19:33:48,20220329.0
BON00003605,U0001330,3,2024-07-16 04:00:00,20240716,500.0,0,,
BON00003606,U0001812,3,2024-01-26 04:00:00,20240126,1000.0,1,2024-01-30 18:00:37,20240130.0
BON00003607,U0001405,2,2024-10-14 16:00:00,20241014,500.0,1,2024-10-14 18:22:22,20241014.0
BON00003608,U0002899,3,2025-11-21 14:00:00,20251121,200.0,1,2025-11-26 01:31:54,20251126.0
BON00003609,U0000802,3,2023-12-12 10:00:00,20231212,2000.0,1,2023-12-13 13:38:40,20231213.0
BON00003610,U0001827,2,2019-12-22 17:00:00,20191222,1000.0,1,2019-12-27 06:06:19,20191227.0
BON00003611,U0002229,3,2024-11-21 22:00:00,20241121,200.0,0,,
BON00003612,U0001231,1,2023-06-17 15:00:00,20230617,50.0,1,2023-07-12 03:44:08,20230712.0
BON00003613,U0003636,2,2021-12-10 20:00:00,20211210,5000.0,1,2021-12-15 15:16:10,20211215.0
BON00003614,U0002982,2,2021-09-26 16:00:00,20210926,10000.0,1,2021-10-02 12:44:43,20211002.0
BON00003615,U0000822,2,2019-08-29 08:00:00,20190829,1000.0,1,2019-08-30 22:14:26,20190830.0
BON00003616,U0000924,3,2024-01-31 00:00:00,20240131,2000.0,0,,
BON00003617,U0003113,3,2019-04-05 17:00:00,20190405,500.0,1,2019-04-17 08:17:14,20190417.0
BON00003618,U0001312,4,2024-08-01 05:00:00,20240801,3000.0,1,2024-08-02 11:37:09,20240802.0
BON00003619,U0000214,1,2024-08-27 12:00:00,20240827,20.0,1,2024-08-28 16:38:28,20240828.0
BON00003620,U0000908,3,2025-12-07 18:00:00,20251207,1000.0,1,2025-12-10 21:35:56,20251210.0
BON00003621,U0000289,1,2022-10-31 07:00:00,20221031,200.0,1,2022-11-03 00:51:19,20221103.0
BON00003622,U0003287,1,2022-06-20 14:00:00,20220620,100.0,1,2022-06-20 20:29:02,20220620.0
BON00003623,U0003747,1,2019-11-26 05:00:00,20191126,20.0,0,,
BON00003624,U0003593,2,2024-04-24 15:00:00,20240424,10000.0,1,2024-04-26 22:58:38,20240426.0
BON00003625,U0002093,5,2025-01-30 18:00:00,20250130,2000.0,1,2025-02-08 01:33:47,20250208.0
BON00003626,U0002415,4,2025-10-13 08:00:00,20251013,3000.0,1,2025-10-18 18:13:51,20251018.0
BON00003627,U0001066,3,2025-12-03 18:00:00,20251203,1000.0,0,,
BON00003628,U0001171,2,2020-08-18 09:00:00,20200818,2000.0,1,2020-09-02 09:47:41,20200902.0
BON00003629,U0002318,2,2022-07-10 21:00:00,20220710,1000.0,1,2022-07-21 07:50:15,20220721.0
BON00003630,U0000674,2,2021-09-02 14:00:00,20210902,2000.0,0,,
BON00003631,U0003848,2,2019-09-02 15:00:00,20190902,500.0,1,2019-09-09 22:47:46,20190909.0
BON00003632,U0000046,1,2021-01-06 06:00:00,20210106,100.0,0,,
BON00003633,U0000789,1,2021-06-20 20:00:00,20210620,100.0,1,2021-06-26 06:03:29,20210626.0
BON00003634,U0003060,4,2019-10-27 04:00:00,20191027,1000.0,1,2019-10-30 08:59:51,20191030.0
BON00003635,U0000830,2,2022-05-25 02:00:00,20220525,1000.0,1,2022-05-25 11:24:28,20220525.0
BON00003636,U0000079,2,2023-04-03 20:00:00,20230403,500.0,1,2023-04-11 11:56:03,20230411.0
BON00003637,U0001543,1,2021-06-18 20:00:00,20210618,100.0,1,2021-06-21 18:59:01,20210621.0
BON00003638,U0000895,3,2020-10-04 10:00:00,20201004,500.0,1,2020-10-08 09:42:21,20201008.0
BON00003639,U0003332,2,2021-07-01 06:00:00,20210701,500.0,1,2021-07-31 06:00:00,20210731.0
BON00003640,U0003243,2,2023-08-03 22:00:00,20230803,5000.0,0,,
BON00003641,U0003626,3,2025-04-12 09:00:00,20250412,200.0,1,2025-04-30 10:34:32,20250430.0
BON00003642,U0003477,2,2020-01-07 07:00:00,20200107,2000.0,0,,
BON00003643,U0001945,1,2024-11-23 17:00:00,20241123,200.0,0,,
BON00003644,U0001475,1,2019-03-05 08:00:00,20190305,50.0,1,2019-03-05 18:00:20,20190305.0
BON00003645,U0003865,1,2024-01-13 08:00:00,20240113,50.0,0,,
BON00003646,U0003214,5,2021-07-13 18:00:00,20210713,20000.0,1,2021-07-23 01:57:29,20210723.0
BON00003647,U0003135,1,2024-04-07 14:00:00,20240407,50.0,0,,
BON00003648,U0000100,3,2025-12-20 13:00:00,20251220,2000.0,1,2025-12-25 18:24:02,20251225.0
BON00003649,U0000419,1,2023-04-26 04:00:00,20230426,200.0,1,2023-04-28 07:56:56,20230428.0
BON00003650,U0001371,5,2021-08-12 09:00:00,20210812,10000.0,0,,
BON00003651,U0001587,3,2025-03-19 23:00:00,20250319,2000.0,0,,
BON00003652,U0000745,2,2023-11-13 23:00:00,20231113,5000.0,1,2023-11-18 14:47:18,20231118.0
BON00003653,U0000283,1,2019-08-24 22:00:00,20190824,50.0,0,,
BON00003654,U0000318,2,2025-11-17 09:00:00,20251117,10000.0,0,,
BON00003655,U0001577,3,2022-09-29 01:00:00,20220929,2000.0,1,2022-10-03 14:23:31,20221003.0
BON00003656,U0000334,1,2022-05-26 17:00:00,20220526,200.0,1,2022-05-30 03:13:46,20220530.0
BON00003657,U0002413,2,2019-02-16 06:00:00,20190216,500.0,1,2019-02-21 22:18:44,20190221.0
BON00003658,U0003466,1,2022-08-12 19:00:00,20220812,20.0,1,2022-08-18 14:40:44,20220818.0
BON00003659,U0003805,2,2024-01-31 00:00:00,20240131,2000.0,0,,
BON00003660,U0000289,2,2019-01-17 15:00:00,20190117,1000.0,1,2019-01-18 11:18:48,20190118.0
BON00003661,U0001219,1,2020-12-27 00:00:00,20201227,100.0,0,,
BON00003662,U0002504,4,2024-12-04 10:00:00,20241204,2000.0,1,2024-12-22 19:14:36,20241222.0
BON00003663,U0003135,2,2021-07-17 14:00:00,20210717,5000.0,1,2021-07-24 22:34:29,20210724.0
BON00003664,U0000768,2,2025-02-26 14:00:00,20250226,500.0,0,,
BON00003665,U0000597,1,2020-11-03 20:00:00,20201103,100.0,0,,
BON00003666,U0001633,1,2020-08-15 12:00:00,20200815,100.0,0,,
BON00003667,U0000940,4,2020-08-29 12:00:00,20200829,3000.0,1,2020-08-29 19:23:36,20200829.0
BON00003668,U0000404,5,2025-12-03 08:00:00,20251203,20000.0,0,,
BON00003669,U0003842,1,2024-10-20 06:00:00,20241020,100.0,0,,
BON00003670,U0003760,3,2023-08-05 07:00:00,20230805,2000.0,1,2023-08-06 11:28:39,20230806.0
BON00003671,U0002077,2,2024-11-22 15:00:00,20241122,5000.0,1,2024-12-09 06:30:48,20241209.0
BON00003672,U0002593,1,2024-06-29 11:00:00,20240629,50.0,1,2024-07-20 01:52:31,20240720.0
BON00003673,U0003684,2,2020-04-25 10:00:00,20200425,5000.0,1,2020-04-28 16:47:33,20200428.0
BON00003674,U0000834,2,2022-03-05 06:00:00,20220305,1000.0,0,,
BON00003675,U0003725,1,2021-03-05 03:00:00,20210305,100.0,1,2021-03-14 06:10:06,20210314.0
BON00003676,U0002200,1,2021-07-29 08:00:00,20210729,100.0,0,,
BON00003677,U0003488,2,2023-09-30 12:00:00,20230930,1000.0,1,2023-10-02 02:08:44,20231002.0
BON00003678,U0002625,2,2024-03-08 14:00:00,20240308,5000.0,0,,
BON00003679,U0001114,1,2025-04-16 15:00:00,20250416,100.0,1,2025-04-17 05:06:32,20250417.0
BON00003680,U0002641,1,2021-08-01 00:00:00,20210801,20.0,1,2021-08-17 10:18:43,20210817.0
BON00003681,U0001667,2,2020-05-18 06:00:00,20200518,500.0,1,2020-05-18 19:39:31,20200518.0
BON00003682,U0001347,3,2019-10-20 22:00:00,20191020,1000.0,1,2019-11-11 20:58:40,20191111.0
BON00003683,U0003370,2,2023-05-06 05:00:00,20230506,500.0,0,,
BON00003684,U0002008,1,2019-04-06 08:00:00,20190406,100.0,1,2019-04-10 01:20:40,20190410.0
BON00003685,U0000079,2,2023-05-06 08:00:00,20230506,1000.0,1,2023-05-21 04:07:47,20230521.0
BON00003686,U0002740,2,2021-01-24 05:00:00,20210124,1000.0,1,2021-01-30 13:16:10,20210130.0
BON00003687,U0000765,2,2019-03-09 11:00:00,20190309,1000.0,1,2019-03-15 02:49:45,20190315.0
BON00003688,U0001553,2,2024-10-04 21:00:00,20241004,5000.0,1,2024-10-08 11:26:40,20241008.0
BON00003689,U0001402,1,2022-02-12 22:00:00,20220212,20.0,0,,
BON00003690,U0002841,2,2019-10-26 16:00:00,20191026,2000.0,0,,
BON00003691,U0003652,4,2020-02-17 17:00:00,20200217,2000.0,1,2020-02-18 14:30:13,20200218.0
BON00003692,U0000409,1,2020-08-22 19:00:00,20200822,100.0,1,2020-08-29 18:25:44,20200829.0
BON00003693,U0000864,3,2025-10-31 10:00:00,20251031,500.0,1,2025-11-03 01:39:50,20251103.0
BON00003694,U0000022,4,2024-08-14 07:00:00,20240814,2000.0,1,2024-08-27 09:13:54,20240827.0
BON00003695,U0000542,1,2024-08-05 05:00:00,20240805,200.0,0,,
BON00003696,U0000729,1,2024-04-01 19:00:00,20240401,100.0,1,2024-04-02 08:40:37,20240402.0
BON00003697,U0000865,3,2021-03-25 07:00:00,20210325,500.0,0,,
BON00003698,U0003693,2,2022-07-31 13:00:00,20220731,2000.0,1,2022-08-03 02:37:30,20220803.0
BON00003699,U0000966,1,2019-07-31 14:00:00,20190731,100.0,1,2019-08-06 12:03:57,20190806.0
BON00003700,U0003934,1,2020-03-12 15:00:00,20200312,50.0,0,,
BON00003701,U0001747,2,2024-09-03 16:00:00,20240903,1000.0,0,,
BON00003702,U0003377,1,2023-03-21 05:00:00,20230321,20.0,0,,
BON00003703,U0002710,4,2022-09-30 20:00:00,20220930,1000.0,1,2022-10-20 06:21:57,20221020.0
BON00003704,U0002004,4,2020-09-13 03:00:00,20200913,500.0,0,,
BON00003705,U0002722,2,2019-08-28 15:00:00,20190828,1000.0,0,,
BON00003706,U0001515,4,2022-12-24 16:00:00,20221224,2000.0,1,2022-12-27 21:58:03,20221227.0
BON00003707,U0002793,1,2025-04-04 15:00:00,20250404,100.0,0,,
BON00003708,U0001947,2,2025-08-20 00:00:00,20250820,1000.0,0,,
BON00003709,U0002950,1,2022-09-27 02:00:00,20220927,20.0,0,,
BON00003710,U0002209,2,2024-05-14 01:00:00,20240514,2000.0,1,2024-06-04 17:46:47,20240604.0
BON00003711,U0000494,2,2024-09-05 12:00:00,20240905,2000.0,1,2024-09-10 04:49:01,20240910.0
BON00003712,U0000804,1,2021-11-01 06:00:00,20211101,100.0,1,2021-11-01 15:13:26,20211101.0
BON00003713,U0000607,2,2024-07-14 17:00:00,20240714,5000.0,1,2024-07-22 00:01:26,20240722.0
BON00003714,U0000859,1,2022-08-12 09:00:00,20220812,200.0,0,,
BON00003715,U0003260,2,2024-06-08 22:00:00,20240608,1000.0,1,2024-06-10 18:06:26,20240610.0
BON00003716,U0000866,2,2025-06-16 15:00:00,20250616,10000.0,1,2025-06-21 18:51:57,20250621.0
BON00003717,U0003873,1,2020-04-16 14:00:00,20200416,200.0,1,2020-04-27 07:31:53,20200427.0
BON00003718,U0001093,1,2025-02-09 05:00:00,20250209,20.0,1,2025-02-12 05:47:31,20250212.0
BON00003719,U0002703,3,2024-07-03 03:00:00,20240703,200.0,1,2024-07-10 20:56:19,20240710.0
BON00003720,U0002330,1,2022-12-27 09:00:00,20221227,200.0,1,2023-01-03 10:06:00,20230103.0
BON00003721,U0003539,1,2023-04-01 20:00:00,20230401,100.0,0,,
BON00003722,U0003841,2,2021-07-15 12:00:00,20210715,1000.0,0,,
BON00003723,U0000584,5,2023-06-04 01:00:00,20230604,10000.0,1,2023-06-08 22:49:45,20230608.0
BON00003724,U0002591,2,2019-01-06 18:00:00,20190106,5000.0,1,2019-01-08 02:20:40,20190108.0
BON00003725,U0001510,1,2020-09-29 09:00:00,20200929,50.0,1,2020-10-28 11:04:14,20201028.0
BON00003726,U0003779,2,2021-10-10 12:00:00,20211010,10000.0,1,2021-10-10 21:22:10,20211010.0
BON00003727,U0003225,1,2021-07-05 09:00:00,20210705,100.0,1,2021-07-06 03:06:44,20210706.0
BON00003728,U0003369,2,2024-02-16 07:00:00,20240216,2000.0,0,,
BON00003729,U0000641,2,2022-10-25 13:00:00,20221025,10000.0,1,2022-10-30 23:40:49,20221030.0
BON00003730,U0003735,1,2022-06-22 07:00:00,20220622,20.0,1,2022-07-04 06:33:18,20220704.0
BON00003731,U0000636,1,2019-05-25 16:00:00,20190525,100.0,1,2019-06-09 22:37:38,20190609.0
BON00003732,U0002234,2,2025-01-17 22:00:00,20250117,1000.0,0,,
BON00003733,U0001697,2,2019-11-10 12:00:00,20191110,2000.0,1,2019-11-17 00:18:37,20191117.0
BON00003734,U0000742,5,2020-06-11 02:00:00,20200611,2000.0,1,2020-07-07 07:01:38,20200707.0
BON00003735,U0001927,1,2019-09-16 22:00:00,20190916,200.0,1,2019-09-19 19:11:19,20190919.0
BON00003736,U0001738,3,2025-02-05 19:00:00,20250205,1000.0,1,2025-02-12 13:31:48,20250212.0
BON00003737,U0001530,1,2022-09-10 00:00:00,20220910,100.0,0,,
BON00003738,U0003876,4,2024-11-12 22:00:00,20241112,2000.0,1,2024-11-18 18:10:01,20241118.0
BON00003739,U0003965,2,2025-11-08 20:00:00,20251108,500.0,1,2025-11-11 21:14:01,20251111.0
BON00003740,U0001072,2,2024-09-10 04:00:00,20240910,2000.0,0,,
BON00003741,U0003680,3,2021-09-08 06:00:00,20210908,1000.0,1,2021-09-12 10:28:16,20210912.0
BON00003742,U0001315,2,2019-05-31 01:00:00,20190531,10000.0,1,2019-06-21 05:23:37,20190621.0
BON00003743,U0002512,2,2025-04-13 17:00:00,20250413,10000.0,0,,
BON00003744,U0000768,3,2021-08-03 22:00:00,20210803,2000.0,0,,
BON00003745,U0000569,2,2022-01-17 18:00:00,20220117,500.0,1,2022-01-18 00:36:39,20220118.0
BON00003746,U0003668,2,2022-11-27 22:00:00,20221127,500.0,1,2022-11-29 04:34:56,20221129.0
BON00003747,U0000484,1,2024-10-10 21:00:00,20241010,100.0,1,2024-10-25 15:09:49,20241025.0
BON00003748,U0002332,1,2025-08-30 02:00:00,20250830,20.0,1,2025-09-05 09:43:27,20250905.0
BON00003749,U0003425,2,2021-07-14 22:00:00,20210714,2000.0,1,2021-07-16 10:01:09,20210716.0
BON00003750,U0001599,4,2025-12-31 09:00:00,20251231,500.0,0,,
BON00003751,U0000346,2,2023-09-04 05:00:00,20230904,2000.0,1,2023-09-04 10:29:29,20230904.0
BON00003752,U0003724,1,2025-07-05 04:00:00,20250705,100.0,1,2025-07-07 05:47:28,20250707.0
BON00003753,U0001385,3,2023-10-16 15:00:00,20231016,200.0,1,2023-10-22 13:49:48,20231022.0
BON00003754,U0000169,3,2024-06-08 11:00:00,20240608,2000.0,0,,
BON00003755,U0002033,1,2021-02-17 20:00:00,20210217,100.0,1,2021-02-21 13:04:17,20210221.0
BON00003756,U0000109,4,2023-03-17 10:00:00,20230317,2000.0,1,2023-03-20 15:57:15,20230320.0
BON00003757,U0000025,2,2021-07-26 17:00:00,20210726,2000.0,0,,
BON00003758,U0002650,2,2020-01-08 04:00:00,20200108,2000.0,0,,
BON00003759,U0002146,1,2021-11-04 14:00:00,20211104,20.0,0,,
BON00003760,U0002802,1,2021-04-22 10:00:00,20210422,200.0,0,,
BON00003761,U0003910,2,2019-02-06 13:00:00,20190206,10000.0,0,,
BON00003762,U0000837,1,2023-07-25 22:00:00,20230725,50.0,0,,
BON00003763,U0001955,4,2019-03-19 15:00:00,20190319,2000.0,1,2019-04-02 05:15:34,20190402.0
BON00003764,U0001371,3,2025-12-01 09:00:00,20251201,200.0,1,2025-12-05 02:18:45,20251205.0
BON00003765,U0002980,3,2019-07-22 02:00:00,20190722,1000.0,1,2019-08-07 03:16:58,20190807.0
BON00003766,U0001303,2,2025-04-08 12:00:00,20250408,2000.0,1,2025-04-17 13:30:34,20250417.0
BON00003767,U0001889,2,2024-06-10 01:00:00,20240610,500.0,0,,
BON00003768,U0003176,1,2023-04-21 14:00:00,20230421,200.0,1,2023-04-23 04:20:26,20230423.0
BON00003769,U0003880,4,2020-09-25 21:00:00,20200925,500.0,1,2020-09-27 08:52:27,20200927.0
BON00003770,U0000533,5,2019-10-23 01:00:00,20191023,10000.0,1,2019-10-29 16:20:41,20191029.0
BON00003771,U0003574,2,2020-12-08 04:00:00,20201208,10000.0,1,2020-12-08 22:02:34,20201208.0
BON00003772,U0002512,1,2023-06-25 17:00:00,20230625,20.0,1,2023-06-25 18:23:58,20230625.0
BON00003773,U0001893,3,2023-01-16 13:00:00,20230116,1000.0,0,,
BON00003774,U0001375,2,2020-05-12 14:00:00,20200512,1000.0,1,2020-05-13 22:48:58,20200513.0
BON00003775,U0003649,1,2025-02-23 00:00:00,20250223,100.0,1,2025-03-07 07:54:01,20250307.0
BON00003776,U0000842,1,2024-09-21 12:00:00,20240921,50.0,1,2024-10-03 06:58:10,20241003.0
BON00003777,U0000396,2,2023-05-22 05:00:00,20230522,5000.0,1,2023-06-15 02:11:08,20230615.0
BON00003778,U0003017,1,2025-12-20 13:00:00,20251220,50.0,0,,
BON00003779,U0001641,5,2020-10-04 11:00:00,20201004,2000.0,0,,
BON00003780,U0000664,1,2025-02-23 13:00:00,20250223,200.0,1,2025-02-28 08:38:37,20250228.0
BON00003781,U0003271,2,2021-06-14 12:00:00,20210614,10000.0,1,2021-06-21 21:21:47,20210621.0
BON00003782,U0000315,1,2022-01-29 22:00:00,20220129,100.0,0,,
BON00003783,U0000374,1,2019-04-18 09:00:00,20190418,20.0,1,2019-04-20 22:34:30,20190420.0
BON00003784,U0003147,2,2020-06-15 01:00:00,20200615,2000.0,1,2020-06-22 00:19:19,20200622.0
BON00003785,U0001651,4,2025-11-15 17:00:00,20251115,3000.0,1,2025-11-19 07:04:50,20251119.0
BON00003786,U0002388,2,2022-01-03 10:00:00,20220103,1000.0,1,2022-01-10 09:04:09,20220110.0
BON00003787,U0001674,2,2025-02-26 01:00:00,20250226,5000.0,0,,
BON00003788,U0001739,3,2023-07-31 08:00:00,20230731,200.0,1,2023-08-09 08:39:28,20230809.0
BON00003789,U0001554,2,2020-04-11 05:00:00,20200411,5000.0,1,2020-04-14 01:41:35,20200414.0
BON00003790,U0000734,3,2021-08-27 10:00:00,20210827,200.0,1,2021-09-07 23:05:41,20210907.0
BON00003791,U0001760,2,2020-09-20 01:00:00,20200920,500.0,1,2020-09-20 16:10:55,20200920.0
BON00003792,U0002018,1,2019-01-14 00:00:00,20190114,100.0,0,,
BON00003793,U0003889,2,2024-12-18 16:00:00,20241218,500.0,1,2025-01-04 20:52:18,20250104.0
BON00003794,U0001173,3,2022-01-02 09:00:00,20220102,500.0,1,2022-01-06 11:48:43,20220106.0
BON00003795,U0002625,4,2019-10-11 10:00:00,20191011,1000.0,0,,
BON00003796,U0002734,1,2021-02-20 20:00:00,20210220,20.0,1,2021-02-22 05:22:08,20210222.0
BON00003797,U0003060,1,2019-03-27 18:00:00,20190327,50.0,1,2019-04-13 08:48:10,20190413.0
BON00003798,U0000563,3,2020-10-19 13:00:00,20201019,1000.0,1,2020-10-25 12:50:18,20201025.0
BON00003799,U0002548,2,2023-06-13 07:00:00,20230613,500.0,1,2023-06-21 06:22:26,20230621.0
BON00003800,U0000943,4,2019-04-05 22:00:00,20190405,1000.0,0,,
BON00003801,U0003056,1,2019-05-28 07:00:00,20190528,50.0,0,,
BON00003802,U0000685,2,2022-09-21 22:00:00,20220921,1000.0,0,,
BON00003803,U0002085,1,2023-03-16 10:00:00,20230316,100.0,1,2023-03-21 04:45:21,20230321.0
BON00003804,U0003853,1,2019-12-06 14:00:00,20191206,200.0,0,,
BON00003805,U0001167,2,2020-05-28 03:00:00,20200528,5000.0,1,2020-05-30 09:52:53,20200530.0
BON00003806,U0000935,1,2019-10-09 18:00:00,20191009,100.0,0,,
BON00003807,U0002625,4,2020-06-02 13:00:00,20200602,1000.0,1,2020-06-04 17:58:45,20200604.0
BON00003808,U0001366,4,2021-01-20 07:00:00,20210120,500.0,0,,
BON00003809,U0000965,2,2019-04-30 06:00:00,20190430,500.0,1,2019-05-10 13:23:40,20190510.0
BON00003810,U0001339,1,2022-09-15 21:00:00,20220915,100.0,1,2022-10-01 10:53:56,20221001.0
BON00003811,U0002483,2,2025-09-27 12:00:00,20250927,2000.0,1,2025-09-27 12:09:11,20250927.0
BON00003812,U0003324,2,2025-11-27 00:00:00,20251127,2000.0,0,,
BON00003813,U0000904,3,2022-07-13 23:00:00,20220713,1000.0,1,2022-07-21 17:57:27,20220721.0
BON00003814,U0002878,3,2019-06-18 10:00:00,20190618,1000.0,1,2019-06-20 20:50:24,20190620.0
BON00003815,U0003502,1,2025-07-10 23:00:00,20250710,20.0,1,2025-07-15 19:40:38,20250715.0
BON00003816,U0003025,2,2019-03-30 04:00:00,20190330,10000.0,1,2019-04-03 05:58:33,20190403.0
BON00003817,U0003768,2,2020-10-12 19:00:00,20201012,500.0,1,2020-10-13 22:42:46,20201013.0
BON00003818,U0003279,5,2022-06-18 09:00:00,20220618,5000.0,0,,
BON00003819,U0003832,4,2023-04-21 07:00:00,20230421,3000.0,1,2023-04-22 02:39:09,20230422.0
BON00003820,U0000358,2,2019-02-19 09:00:00,20190219,500.0,1,2019-02-28 01:12:43,20190228.0
BON00003821,U0000042,1,2022-10-19 14:00:00,20221019,200.0,1,2022-10-24 20:39:04,20221024.0
BON00003822,U0000865,1,2024-09-08 19:00:00,20240908,50.0,0,,
BON00003823,U0000852,1,2024-10-04 07:00:00,20241004,50.0,0,,
BON00003824,U0000287,2,2021-02-25 06:00:00,20210225,5000.0,0,,
BON00003825,U0002049,2,2020-03-07 01:00:00,20200307,10000.0,0,,
BON00003826,U0003229,2,2024-02-09 13:00:00,20240209,5000.0,0,,
BON00003827,U0001589,2,2019-04-26 16:00:00,20190426,1000.0,0,,
BON00003828,U0003892,3,2022-02-11 17:00:00,20220211,1000.0,1,2022-02-20 07:16:13,20220220.0
BON00003829,U0003228,2,2024-10-14 21:00:00,20241014,500.0,0,,
BON00003830,U0001781,2,2019-02-16 19:00:00,20190216,2000.0,1,2019-02-23 18:18:38,20190223.0
BON00003831,U0003538,2,2019-09-04 08:00:00,20190904,10000.0,0,,
BON00003832,U0003127,4,2024-01-11 11:00:00,20240111,1000.0,0,,
BON00003833,U0002002,1,2025-12-04 10:00:00,20251204,200.0,0,,
BON00003834,U0003375,2,2025-09-07 17:00:00,20250907,500.0,1,2025-09-09 12:02:56,20250909.0
BON00003835,U0002737,1,2023-01-12 20:00:00,20230112,50.0,0,,
BON00003836,U0002276,4,2025-03-11 01:00:00,20250311,2000.0,0,,
BON00003837,U0001646,5,2024-03-14 02:00:00,20240314,10000.0,0,,
BON00003838,U0000063,2,2020-12-29 16:00:00,20201229,10000.0,1,2021-01-03 21:38:18,20210103.0
BON00003839,U0003591,2,2025-04-10 18:00:00,20250410,5000.0,1,2025-04-18 08:36:24,20250418.0
BON00003840,U0001861,2,2022-11-14 02:00:00,20221114,10000.0,0,,
BON00003841,U0003965,3,2021-01-16 11:00:00,20210116,1000.0,0,,
BON00003842,U0000634,2,2020-07-29 19:00:00,20200729,1000.0,0,,
BON00003843,U0003692,2,2024-12-11 03:00:00,20241211,1000.0,1,2024-12-13 10:44:01,20241213.0
BON00003844,U0002227,1,2024-01-28 10:00:00,20240128,100.0,1,2024-02-04 19:09:51,20240204.0
BON00003845,U0002317,1,2020-11-05 02:00:00,20201105,200.0,1,2020-11-08 03:48:10,20201108.0
BON00003846,U0001408,1,2020-09-29 11:00:00,20200929,200.0,1,2020-10-02 10:28:29,20201002.0
BON00003847,U0002273,4,2023-03-11 11:00:00,20230311,1000.0,1,2023-03-24 01:53:43,20230324.0
BON00003848,U0003570,2,2024-01-14 11:00:00,20240114,2000.0,0,,
BON00003849,U0002160,1,2023-02-20 19:00:00,20230220,50.0,1,2023-02-21 19:57:25,20230221.0
BON00003850,U0003163,1,2022-01-09 14:00:00,20220109,20.0,0,,
BON00003851,U0002485,3,2025-10-11 21:00:00,20251011,200.0,1,2025-10-14 00:28:33,20251014.0
BON00003852,U0002847,1,2022-06-22 06:00:00,20220622,200.0,1,2022-06-22 21:41:26,20220622.0
BON00003853,U0000859,4,2025-11-11 01:00:00,20251111,1000.0,1,2025-11-11 20:16:53,20251111.0
BON00003854,U0003992,3,2022-07-16 13:00:00,20220716,2000.0,0,,
BON00003855,U0002925,2,2021-12-30 01:00:00,20211230,500.0,1,2022-01-08 19:04:27,20220108.0
BON00003856,U0003141,1,2020-07-13 21:00:00,20200713,50.0,0,,
BON00003857,U0002224,3,2022-12-17 20:00:00,20221217,2000.0,1,2022-12-23 19:31:18,20221223.0
BON00003858,U0002415,3,2022-09-25 08:00:00,20220925,1000.0,1,2022-09-30 00:24:28,20220930.0
BON00003859,U0001801,2,2022-07-10 18:00:00,20220710,2000.0,1,2022-07-13 13:15:29,20220713.0
BON00003860,U0002896,2,2019-12-02 19:00:00,20191202,1000.0,1,2019-12-05 22:48:47,20191205.0
BON00003861,U0003628,2,2021-08-30 12:00:00,20210830,500.0,1,2021-09-05 16:37:57,20210905.0
BON00003862,U0001616,1,2025-07-22 00:00:00,20250722,100.0,0,,
BON00003863,U0000417,3,2023-05-31 05:00:00,20230531,200.0,1,2023-06-06 06:16:43,20230606.0
BON00003864,U0001508,2,2025-07-22 01:00:00,20250722,1000.0,0,,
BON00003865,U0000368,3,2023-04-17 09:00:00,20230417,200.0,1,2023-04-20 13:18:29,20230420.0
BON00003866,U0001444,2,2022-09-18 13:00:00,20220918,1000.0,0,,
BON00003867,U0000812,1,2024-01-24 02:00:00,20240124,100.0,0,,
BON00003868,U0000954,1,2025-03-13 03:00:00,20250313,50.0,0,,
BON00003869,U0001284,1,2023-05-23 14:00:00,20230523,200.0,1,2023-05-27 02:28:29,20230527.0
BON00003870,U0000549,2,2025-06-27 15:00:00,20250627,500.0,1,2025-06-28 16:41:47,20250628.0
BON00003871,U0003892,2,2022-01-11 12:00:00,20220111,500.0,1,2022-01-23 21:15:03,20220123.0
BON00003872,U0001774,2,2019-10-28 09:00:00,20191028,1000.0,1,2019-11-07 03:49:26,20191107.0
BON00003873,U0001679,1,2025-11-11 08:00:00,20251111,20.0,1,2025-11-13 12:36:33,20251113.0
BON00003874,U0003965,2,2025-02-14 16:00:00,20250214,500.0,0,,
BON00003875,U0002000,1,2024-12-20 11:00:00,20241220,20.0,1,2024-12-24 11:07:07,20241224.0
BON00003876,U0001866,4,2022-01-22 13:00:00,20220122,2000.0,1,2022-01-23 17:31:54,20220123.0
BON00003877,U0000447,1,2021-03-11 15:00:00,20210311,200.0,0,,
BON00003878,U0003264,2,2022-02-14 13:00:00,20220214,500.0,0,,
BON00003879,U0003618,4,2024-01-31 16:00:00,20240131,2000.0,1,2024-02-01 19:08:17,20240201.0
BON00003880,U0000303,3,2023-02-10 19:00:00,20230210,200.0,0,,
BON00003881,U0003746,2,2025-05-24 01:00:00,20250524,1000.0,0,,
BON00003882,U0003329,2,2021-11-15 12:00:00,20211115,500.0,0,,
BON00003883,U0000347,1,2024-06-26 02:00:00,20240626,200.0,0,,
BON00003884,U0002341,1,2019-01-31 05:00:00,20190131,20.0,1,2019-02-02 07:15:23,20190202.0
BON00003885,U0002839,2,2024-05-11 12:00:00,20240511,2000.0,1,2024-05-15 09:26:40,20240515.0
BON00003886,U0000044,3,2022-06-29 04:00:00,20220629,2000.0,0,,
BON00003887,U0003072,4,2023-07-06 12:00:00,20230706,1000.0,1,2023-07-06 17:51:17,20230706.0
BON00003888,U0000917,3,2020-04-17 21:00:00,20200417,200.0,1,2020-05-03 07:59:24,20200503.0
BON00003889,U0001351,5,2023-06-05 14:00:00,20230605,2000.0,1,2023-06-16 21:21:07,20230616.0
BON00003890,U0001735,4,2023-04-30 13:00:00,20230430,500.0,0,,
BON00003891,U0003208,4,2019-04-21 19:00:00,20190421,2000.0,0,,
BON00003892,U0000705,4,2024-09-22 15:00:00,20240922,500.0,1,2024-10-04 03:15:36,20241004.0
BON00003893,U0002253,1,2025-08-08 17:00:00,20250808,100.0,1,2025-09-07 17:00:00,20250907.0
BON00003894,U0001866,4,2024-09-15 11:00:00,20240915,500.0,0,,
BON00003895,U0000536,2,2022-03-05 04:00:00,20220305,10000.0,1,2022-03-09 05:47:04,20220309.0
BON00003896,U0001408,4,2020-09-28 02:00:00,20200928,2000.0,0,,
BON00003897,U0000866,1,2024-10-26 08:00:00,20241026,50.0,1,2024-11-18 12:06:37,20241118.0
BON00003898,U0001033,3,2021-02-23 01:00:00,20210223,200.0,0,,
BON00003899,U0003354,1,2022-03-21 20:00:00,20220321,20.0,1,2022-03-23 08:27:53,20220323.0
BON00003900,U0003718,1,2020-02-25 03:00:00,20200225,20.0,0,,
BON00003901,U0000570,3,2019-05-25 08:00:00,20190525,1000.0,0,,
BON00003902,U0002873,4,2024-01-03 23:00:00,20240103,500.0,1,2024-01-08 07:19:40,20240108.0
BON00003903,U0001383,4,2019-02-08 05:00:00,20190208,3000.0,1,2019-03-06 18:36:14,20190306.0
BON00003904,U0000585,2,2021-02-02 02:00:00,20210202,500.0,1,2021-02-11 02:15:32,20210211.0
BON00003905,U0002647,5,2024-10-19 10:00:00,20241019,2000.0,1,2024-10-24 19:33:13,20241024.0
BON00003906,U0001342,1,2020-04-08 13:00:00,20200408,200.0,1,2020-04-19 01:22:08,20200419.0
BON00003907,U0002252,1,2022-05-07 20:00:00,20220507,200.0,0,,
BON00003908,U0003147,1,2020-06-24 08:00:00,20200624,50.0,0,,
BON00003909,U0001489,3,2020-11-22 02:00:00,20201122,1000.0,1,2020-12-17 06:01:01,20201217.0
BON00003910,U0002093,1,2025-06-18 18:00:00,20250618,200.0,1,2025-06-19 17:07:47,20250619.0
BON00003911,U0000663,1,2022-03-05 05:00:00,20220305,200.0,1,2022-03-12 19:30:58,20220312.0
BON00003912,U0003651,5,2024-09-19 21:00:00,20240919,10000.0,1,2024-09-25 01:27:40,20240925.0
BON00003913,U0001203,1,2023-11-05 23:00:00,20231105,20.0,1,2023-11-06 20:47:54,20231106.0
BON00003914,U0002519,2,2024-05-25 14:00:00,20240525,2000.0,1,2024-06-24 14:00:00,20240624.0
BON00003915,U0000049,1,2020-08-12 11:00:00,20200812,20.0,1,2020-08-14 09:16:59,20200814.0
BON00003916,U0002917,4,2021-10-24 16:00:00,20211024,500.0,1,2021-10-25 05:42:44,20211025.0
BON00003917,U0002616,1,2019-06-28 10:00:00,20190628,50.0,0,,
BON00003918,U0002568,1,2021-02-21 06:00:00,20210221,200.0,1,2021-03-04 07:12:24,20210304.0
BON00003919,U0003951,3,2019-12-23 05:00:00,20191223,200.0,1,2020-01-04 02:52:33,20200104.0
BON00003920,U0003041,1,2024-01-12 15:00:00,20240112,100.0,1,2024-01-13 06:39:34,20240113.0
BON00003921,U0001949,1,2025-04-23 08:00:00,20250423,200.0,1,2025-05-04 12:52:59,20250504.0
BON00003922,U0003095,2,2020-11-24 03:00:00,20201124,1000.0,1,2020-12-02 19:18:11,20201202.0
BON00003923,U0002798,1,2025-07-29 14:00:00,20250729,20.0,0,,
BON00003924,U0002736,3,2025-09-05 08:00:00,20250905,500.0,1,2025-09-18 21:18:11,20250918.0
BON00003925,U0000622,2,2023-10-13 12:00:00,20231013,5000.0,0,,
BON00003926,U0003269,3,2025-02-28 14:00:00,20250228,200.0,1,2025-03-02 00:18:11,20250302.0
BON00003927,U0003103,3,2024-01-20 18:00:00,20240120,1000.0,1,2024-01-22 10:36:50,20240122.0
BON00003928,U0001714,4,2024-05-09 05:00:00,20240509,500.0,0,,
BON00003929,U0003760,5,2023-02-05 20:00:00,20230205,5000.0,1,2023-02-12 11:31:56,20230212.0
BON00003930,U0000777,2,2024-03-07 05:00:00,20240307,500.0,1,2024-03-30 06:16:44,20240330.0
BON00003931,U0001572,1,2020-05-05 23:00:00,20200505,20.0,0,,
BON00003932,U0002711,3,2020-11-06 14:00:00,20201106,1000.0,1,2020-11-08 07:54:28,20201108.0
BON00003933,U0003362,2,2025-01-23 13:00:00,20250123,5000.0,1,2025-02-03 09:23:51,20250203.0
BON00003934,U0003041,3,2024-01-16 10:00:00,20240116,200.0,0,,
BON00003935,U0000319,3,2024-02-12 16:00:00,20240212,200.0,0,,
BON00003936,U0002108,2,2023-07-10 14:00:00,20230710,1000.0,1,2023-07-20 17:58:05,20230720.0
BON00003937,U0000953,5,2022-09-22 02:00:00,20220922,5000.0,1,2022-09-29 21:52:20,20220929.0
BON00003938,U0003802,1,2022-11-05 12:00:00,20221105,100.0,1,2022-11-11 18:13:49,20221111.0
BON00003939,U0003660,1,2022-07-09 20:00:00,20220709,100.0,1,2022-07-18 15:58:55,20220718.0
BON00003940,U0002990,4,2022-01-29 21:00:00,20220129,500.0,1,2022-02-03 22:12:42,20220203.0
BON00003941,U0002737,3,2023-08-02 16:00:00,20230802,1000.0,1,2023-08-09 16:50:26,20230809.0
BON00003942,U0002348,2,2022-04-17 06:00:00,20220417,5000.0,1,2022-04-26 21:33:06,20220426.0
BON00003943,U0003844,1,2024-04-30 23:00:00,20240430,20.0,1,2024-05-02 13:05:29,20240502.0
BON00003944,U0001548,4,2020-10-09 21:00:00,20201009,1000.0,0,,
BON00003945,U0001357,4,2023-07-16 03:00:00,20230716,2000.0,0,,
BON00003946,U0000472,3,2021-01-27 10:00:00,20210127,200.0,0,,
BON00003947,U0002564,4,2024-09-26 05:00:00,20240926,2000.0,1,2024-09-26 20:33:09,20240926.0
BON00003948,U0002909,2,2022-04-22 14:00:00,20220422,1000.0,1,2022-04-27 00:57:13,20220427.0
BON00003949,U0003597,3,2021-07-21 00:00:00,20210721,200.0,1,2021-07-26 01:25:54,20210726.0
BON00003950,U0002272,1,2022-04-06 14:00:00,20220406,200.0,1,2022-04-08 13:33:50,20220408.0
BON00003951,U0000382,2,2020-07-28 07:00:00,20200728,10000.0,0,,
BON00003952,U0002162,1,2021-02-15 12:00:00,20210215,50.0,1,2021-03-03 20:54:36,20210303.0
BON00003953,U0001113,1,2020-06-17 18:00:00,20200617,200.0,1,2020-06-18 20:33:02,20200618.0
BON00003954,U0001705,2,2023-10-08 21:00:00,20231008,500.0,1,2023-10-14 03:06:16,20231014.0
BON00003955,U0000143,1,2022-01-27 10:00:00,20220127,200.0,1,2022-02-14 23:30:17,20220214.0
BON00003956,U0002628,3,2019-01-24 11:00:00,20190124,500.0,1,2019-01-28 17:16:38,20190128.0
BON00003957,U0002477,2,2023-07-01 09:00:00,20230701,500.0,0,,
BON00003958,U0001485,2,2019-11-07 18:00:00,20191107,1000.0,0,,
BON00003959,U0000738,4,2022-06-06 10:00:00,20220606,500.0,1,2022-06-09 08:27:33,20220609.0
BON00003960,U0001456,1,2023-12-02 01:00:00,20231202,50.0,1,2023-12-02 10:36:26,20231202.0
BON00003961,U0002375,2,2020-08-09 03:00:00,20200809,5000.0,0,,
BON00003962,U0002460,2,2025-05-22 15:00:00,20250522,10000.0,1,2025-05-23 12:40:38,20250523.0
BON00003963,U0000866,1,2020-09-22 08:00:00,20200922,200.0,1,2020-09-30 20:47:21,20200930.0
BON00003964,U0003591,2,2025-02-20 08:00:00,20250220,5000.0,1,2025-03-01 00:08:49,20250301.0
BON00003965,U0000042,2,2020-01-23 11:00:00,20200123,1000.0,1,2020-02-15 16:30:54,20200215.0
BON00003966,U0001152,3,2025-02-02 22:00:00,20250202,200.0,1,2025-02-03 17:44:44,20250203.0
BON00003967,U0003999,3,2023-01-20 02:00:00,20230120,500.0,1,2023-01-20 11:16:49,20230120.0
BON00003968,U0001112,3,2022-09-27 16:00:00,20220927,500.0,1,2022-10-08 21:09:12,20221008.0
BON00003969,U0000593,4,2025-02-28 10:00:00,20250228,3000.0,1,2025-03-02 19:40:53,20250302.0
BON00003970,U0002742,2,2024-08-22 18:00:00,20240822,5000.0,1,2024-09-13 06:16:20,20240913.0
BON00003971,U0001615,5,2024-01-26 17:00:00,20240126,10000.0,0,,
BON00003972,U0001404,4,2020-05-11 14:00:00,20200511,1000.0,1,2020-05-14 08:52:40,20200514.0
BON00003973,U0003515,3,2022-10-09 08:00:00,20221009,2000.0,1,2022-10-11 00:06:57,20221011.0
BON00003974,U0002065,2,2023-03-09 06:00:00,20230309,2000.0,1,2023-03-11 08:50:12,20230311.0
BON00003975,U0002828,2,2022-09-13 14:00:00,20220913,10000.0,1,2022-09-17 09:43:45,20220917.0
BON00003976,U0001773,2,2020-10-19 07:00:00,20201019,500.0,1,2020-10-22 06:41:50,20201022.0
BON00003977,U0001009,4,2023-09-22 07:00:00,20230922,3000.0,0,,
BON00003978,U0002860,2,2024-04-17 06:00:00,20240417,1000.0,1,2024-05-09 10:22:56,20240509.0
BON00003979,U0003015,1,2019-01-10 16:00:00,20190110,50.0,1,2019-01-13 12:59:44,20190113.0
BON00003980,U0003540,1,2019-12-26 18:00:00,20191226,100.0,1,2020-01-02 15:35:58,20200102.0
BON00003981,U0001072,2,2024-05-14 00:00:00,20240514,10000.0,1,2024-05-22 00:47:54,20240522.0
BON00003982,U0003897,3,2020-07-02 20:00:00,20200702,2000.0,0,,
BON00003983,U0000154,1,2025-06-21 18:00:00,20250621,200.0,1,2025-06-26 09:43:27,20250626.0
BON00003984,U0002985,5,2021-01-20 04:00:00,20210120,20000.0,0,,
BON00003985,U0001818,3,2023-11-19 12:00:00,20231119,500.0,0,,
BON00003986,U0003239,2,2019-01-11 18:00:00,20190111,1000.0,1,2019-01-15 19:40:37,20190115.0
BON00003987,U0003080,2,2022-05-30 00:00:00,20220530,1000.0,1,2022-06-12 00:06:14,20220612.0
BON00003988,U0001461,1,2022-07-15 20:00:00,20220715,50.0,0,,
BON00003989,U0000806,2,2019-04-19 17:00:00,20190419,5000.0,1,2019-04-27 05:38:31,20190427.0
BON00003990,U0001290,1,2025-12-14 08:00:00,20251214,100.0,1,2025-12-24 08:36:12,20251224.0
BON00003991,U0002467,2,2021-12-24 05:00:00,20211224,10000.0,1,2021-12-31 12:30:02,20211231.0
BON00003992,U0003343,1,2021-02-11 05:00:00,20210211,200.0,1,2021-02-27 16:19:21,20210227.0
BON00003993,U0002151,1,2024-09-24 16:00:00,20240924,100.0,0,,
BON00003994,U0000673,4,2025-09-26 14:00:00,20250926,2000.0,1,2025-09-26 15:34:46,20250926.0
BON00003995,U0002221,4,2022-07-25 19:00:00,20220725,500.0,0,,
BON00003996,U0000768,2,2021-08-01 15:00:00,20210801,5000.0,1,2021-08-04 01:57:20,20210804.0
BON00003997,U0001765,4,2022-02-26 16:00:00,20220226,2000.0,1,2022-03-15 10:43:32,20220315.0
BON00003998,U0002786,2,2019-02-26 18:00:00,20190226,500.0,1,2019-03-12 12:47:26,20190312.0
BON00003999,U0000877,5,2021-05-16 18:00:00,20210516,10000.0,0,,
BON00004000,U0001012,2,2021-06-06 16:00:00,20210606,500.0,1,2021-07-06 16:00:00,20210706.0
BON00004001,U0000376,1,2021-06-16 00:00:00,20210616,100.0,0,,
BON00004002,U0002183,1,2023-09-10 20:00:00,20230910,200.0,1,2023-09-14 06:26:38,20230914.0
BON00004003,U0003448,4,2022-04-11 06:00:00,20220411,500.0,1,2022-04-16 08:16:26,20220416.0
BON00004004,U0002961,3,2022-11-12 08:00:00,20221112,2000.0,1,2022-11-20 16:49:08,20221120.0
BON00004005,U0000756,2,2025-01-03 02:00:00,20250103,2000.0,1,2025-01-03 05:14:50,20250103.0
BON00004006,U0001722,4,2020-05-01 13:00:00,20200501,3000.0,1,2020-05-03 19:43:34,20200503.0
BON00004007,U0000133,1,2020-01-30 15:00:00,20200130,100.0,1,2020-02-20 23:05:47,20200220.0
BON00004008,U0003760,4,2025-09-06 06:00:00,20250906,500.0,0,,
BON00004009,U0003408,2,2024-12-30 11:00:00,20241230,10000.0,1,2025-01-02 08:57:12,20250102.0
BON00004010,U0002836,2,2024-10-21 22:00:00,20241021,1000.0,0,,
BON00004011,U0000327,1,2022-02-13 12:00:00,20220213,50.0,1,2022-03-02 09:36:46,20220302.0
BON00004012,U0002028,3,2022-02-28 19:00:00,20220228,1000.0,1,2022-03-03 15:58:34,20220303.0
BON00004013,U0000912,2,2025-12-20 16:00:00,20251220,1000.0,0,,
BON00004014,U0002794,5,2019-07-07 12:00:00,20190707,5000.0,1,2019-07-16 11:02:13,20190716.0
BON00004015,U0002140,2,2021-09-18 15:00:00,20210918,5000.0,0,,
BON00004016,U0000945,2,2019-09-22 21:00:00,20190922,1000.0,0,,
BON00004017,U0000067,2,2022-09-22 20:00:00,20220922,10000.0,1,2022-09-27 06:13:45,20220927.0
BON00004018,U0001522,2,2022-09-28 20:00:00,20220928,10000.0,1,2022-10-01 02:14:04,20221001.0
BON00004019,U0001005,1,2025-01-04 16:00:00,20250104,50.0,1,2025-01-10 05:14:00,20250110.0
BON00004020,U0000241,5,2022-08-15 20:00:00,20220815,20000.0,1,2022-08-27 18:37:50,20220827.0
BON00004021,U0000404,2,2021-04-17 14:00:00,20210417,500.0,1,2021-04-19 23:40:44,20210419.0
BON00004022,U0001789,1,2023-03-05 00:00:00,20230305,20.0,1,2023-03-07 10:35:19,20230307.0
BON00004023,U0002406,3,2020-03-19 20:00:00,20200319,500.0,0,,
BON00004024,U0002614,5,2019-11-19 08:00:00,20191119,10000.0,0,,
BON00004025,U0002284,2,2025-09-08 07:00:00,20250908,2000.0,1,2025-09-10 09:28:02,20250910.0
BON00004026,U0001010,5,2019-10-04 22:00:00,20191004,2000.0,0,,
BON00004027,U0000279,5,2019-10-10 04:00:00,20191010,5000.0,1,2019-10-24 13:07:16,20191024.0
BON00004028,U0000179,2,2025-01-25 21:00:00,20250125,5000.0,0,,
BON00004029,U0001314,2,2019-06-26 11:00:00,20190626,2000.0,0,,
BON00004030,U0002101,5,2019-02-23 23:00:00,20190223,20000.0,1,2019-03-07 19:46:55,20190307.0
BON00004031,U0002340,1,2023-01-21 05:00:00,20230121,50.0,1,2023-01-29 13:48:04,20230129.0
BON00004032,U0000391,2,2022-01-02 05:00:00,20220102,500.0,1,2022-01-02 06:37:23,20220102.0
BON00004033,U0000786,2,2019-10-30 00:00:00,20191030,5000.0,1,2019-11-04 22:36:37,20191104.0
BON00004034,U0003530,4,2019-10-11 03:00:00,20191011,1000.0,0,,
BON00004035,U0001481,4,2025-10-24 18:00:00,20251024,2000.0,1,2025-11-06 13:43:31,20251106.0
BON00004036,U0000277,5,2022-10-15 15:00:00,20221015,10000.0,0,,
BON00004037,U0003546,1,2021-08-23 23:00:00,20210823,100.0,0,,
BON00004038,U0000709,2,2025-04-27 22:00:00,20250427,500.0,0,,
BON00004039,U0003027,1,2021-10-08 04:00:00,20211008,100.0,0,,
BON00004040,U0000342,2,2021-10-29 23:00:00,20211029,1000.0,1,2021-11-04 04:34:23,20211104.0
BON00004041,U0003785,2,2024-06-20 05:00:00,20240620,5000.0,1,2024-06-23 14:44:04,20240623.0
BON00004042,U0003722,1,2022-02-18 18:00:00,20220218,50.0,1,2022-02-18 23:52:52,20220218.0
BON00004043,U0003003,1,2020-10-03 04:00:00,20201003,100.0,1,2020-10-07 00:29:46,20201007.0
BON00004044,U0002188,2,2025-11-30 07:00:00,20251130,5000.0,1,2025-12-09 23:51:16,20251209.0
BON00004045,U0002215,4,2020-10-29 00:00:00,20201029,2000.0,1,2020-11-12 20:26:56,20201112.0
BON00004046,U0002011,1,2022-10-09 09:00:00,20221009,200.0,0,,
BON00004047,U0002314,3,2019-11-17 05:00:00,20191117,500.0,1,2019-11-17 19:05:42,20191117.0
BON00004048,U0002131,2,2022-02-15 10:00:00,20220215,1000.0,0,,
BON00004049,U0003898,2,2022-09-08 13:00:00,20220908,5000.0,1,2022-09-10 07:25:30,20220910.0
BON00004050,U0002274,1,2022-11-20 15:00:00,20221120,50.0,0,,
BON00004051,U0001788,1,2025-03-02 18:00:00,20250302,200.0,0,,
BON00004052,U0001148,4,2024-02-19 20:00:00,20240219,3000.0,0,,
BON00004053,U0001046,2,2019-02-06 10:00:00,20190206,2000.0,1,2019-02-09 01:05:59,20190209.0
BON00004054,U0002931,4,2024-10-15 23:00:00,20241015,2000.0,0,,
BON00004055,U0000964,2,2019-11-10 15:00:00,20191110,2000.0,1,2019-12-04 16:58:27,20191204.0
BON00004056,U0002401,1,2023-03-22 23:00:00,20230322,200.0,1,2023-03-23 08:11:24,20230323.0
BON00004057,U0003651,2,2019-03-28 15:00:00,20190328,5000.0,1,2019-04-01 05:09:02,20190401.0
BON00004058,U0002454,2,2020-12-30 22:00:00,20201230,2000.0,0,,
BON00004059,U0001400,1,2025-06-08 15:00:00,20250608,100.0,0,,
BON00004060,U0001225,2,2021-01-29 20:00:00,20210129,500.0,1,2021-02-03 16:50:48,20210203.0
BON00004061,U0000875,2,2025-09-26 14:00:00,20250926,500.0,1,2025-10-03 07:55:08,20251003.0
BON00004062,U0003941,1,2024-09-14 20:00:00,20240914,20.0,0,,
BON00004063,U0002126,2,2021-01-31 15:00:00,20210131,5000.0,1,2021-02-02 17:58:59,20210202.0
BON00004064,U0001093,2,2023-02-10 23:00:00,20230210,500.0,1,2023-02-12 17:58:44,20230212.0
BON00004065,U0000765,2,2023-06-12 05:00:00,20230612,10000.0,1,2023-07-12 05:00:00,20230712.0
BON00004066,U0002899,2,2022-11-19 09:00:00,20221119,10000.0,0,,
BON00004067,U0001781,2,2020-07-22 08:00:00,20200722,2000.0,0,,
BON00004068,U0002234,1,2019-03-20 20:00:00,20190320,50.0,1,2019-03-26 23:49:43,20190326.0
BON00004069,U0002503,5,2020-09-05 00:00:00,20200905,5000.0,1,2020-09-07 21:35:52,20200907.0
BON00004070,U0003448,5,2022-08-30 15:00:00,20220830,10000.0,1,2022-08-31 12:01:39,20220831.0
BON00004071,U0002514,1,2022-01-08 17:00:00,20220108,20.0,1,2022-01-21 18:15:40,20220121.0
BON00004072,U0000046,5,2021-03-22 09:00:00,20210322,20000.0,1,2021-03-27 13:49:30,20210327.0
BON00004073,U0000126,1,2021-01-06 14:00:00,20210106,100.0,0,,
BON00004074,U0000522,5,2020-07-24 20:00:00,20200724,5000.0,1,2020-07-25 01:50:49,20200725.0
BON00004075,U0003179,1,2024-05-05 15:00:00,20240505,50.0,1,2024-05-09 00:10:36,20240509.0
BON00004076,U0001998,2,2019-02-14 18:00:00,20190214,10000.0,1,2019-03-04 15:50:02,20190304.0
BON00004077,U0003880,2,2024-06-15 15:00:00,20240615,5000.0,0,,
BON00004078,U0003994,2,2019-07-24 16:00:00,20190724,10000.0,1,2019-08-02 12:09:25,20190802.0
BON00004079,U0000239,1,2023-06-12 21:00:00,20230612,50.0,1,2023-06-13 06:29:31,20230613.0
BON00004080,U0000532,1,2021-09-24 10:00:00,20210924,100.0,0,,
BON00004081,U0002890,1,2024-01-31 06:00:00,20240131,200.0,0,,
BON00004082,U0001428,1,2021-08-31 01:00:00,20210831,20.0,1,2021-09-06 23:14:21,20210906.0
BON00004083,U0000698,4,2023-10-30 02:00:00,20231030,500.0,0,,
BON00004084,U0001637,1,2024-05-27 13:00:00,20240527,50.0,1,2024-05-30 08:13:01,20240530.0
BON00004085,U0003132,3,2022-05-19 13:00:00,20220519,2000.0,1,2022-05-23 15:01:25,20220523.0
BON00004086,U0000648,3,2021-04-23 04:00:00,20210423,500.0,1,2021-04-27 10:08:30,20210427.0
BON00004087,U0002038,2,2021-12-10 08:00:00,20211210,10000.0,1,2021-12-22 18:57:00,20211222.0
BON00004088,U0003376,1,2019-11-20 17:00:00,20191120,100.0,0,,
BON00004089,U0001559,5,2020-11-29 20:00:00,20201129,10000.0,1,2020-12-02 13:57:02,20201202.0
BON00004090,U0002229,5,2023-02-04 20:00:00,20230204,20000.0,0,,
BON00004091,U0003976,1,2020-04-07 02:00:00,20200407,200.0,1,2020-04-16 08:49:14,20200416.0
BON00004092,U0003257,4,2019-08-25 14:00:00,20190825,1000.0,1,2019-08-26 11:19:29,20190826.0
BON00004093,U0002879,1,2025-05-24 07:00:00,20250524,20.0,0,,
BON00004094,U0000473,2,2023-01-08 06:00:00,20230108,10000.0,1,2023-01-08 13:50:21,20230108.0
BON00004095,U0002426,2,2019-08-02 00:00:00,20190802,10000.0,1,2019-08-03 04:05:17,20190803.0
BON00004096,U0002161,2,2023-10-02 21:00:00,20231002,1000.0,1,2023-10-09 04:54:11,20231009.0
BON00004097,U0003953,4,2023-10-19 18:00:00,20231019,3000.0,1,2023-10-25 19:43:27,20231025.0
BON00004098,U0002981,3,2023-02-28 00:00:00,20230228,2000.0,1,2023-03-17 03:13:58,20230317.0
BON00004099,U0001079,2,2022-08-28 13:00:00,20220828,500.0,1,2022-09-02 09:06:24,20220902.0
BON00004100,U0000064,2,2021-01-16 08:00:00,20210116,2000.0,0,,
BON00004101,U0000697,4,2025-04-25 15:00:00,20250425,500.0,0,,
BON00004102,U0002404,3,2022-05-05 00:00:00,20220505,1000.0,0,,
BON00004103,U0000335,4,2024-05-22 03:00:00,20240522,1000.0,0,,
BON00004104,U0003375,1,2022-12-07 19:00:00,20221207,100.0,1,2022-12-20 09:58:20,20221220.0
BON00004105,U0000945,5,2025-03-29 02:00:00,20250329,10000.0,1,2025-04-08 22:24:01,20250408.0
BON00004106,U0003571,1,2023-04-22 22:00:00,20230422,20.0,1,2023-04-27 03:05:14,20230427.0
BON00004107,U0001011,3,2024-04-17 07:00:00,20240417,200.0,1,2024-04-27 17:38:22,20240427.0
BON00004108,U0000124,1,2019-09-27 09:00:00,20190927,100.0,0,,
BON00004109,U0002065,1,2025-10-09 13:00:00,20251009,100.0,0,,
BON00004110,U0002348,2,2019-12-07 09:00:00,20191207,5000.0,1,2019-12-21 18:26:15,20191221.0
BON00004111,U0001357,1,2023-12-04 15:00:00,20231204,100.0,0,,
BON00004112,U0002083,1,2019-04-05 23:00:00,20190405,50.0,0,,
BON00004113,U0003022,3,2024-08-23 08:00:00,20240823,500.0,0,,
BON00004114,U0002494,3,2022-05-13 08:00:00,20220513,500.0,1,2022-05-22 09:08:30,20220522.0
BON00004115,U0002385,2,2025-03-08 18:00:00,20250308,2000.0,0,,
BON00004116,U0002830,1,2025-01-17 14:00:00,20250117,100.0,0,,
BON00004117,U0003932,1,2019-07-15 16:00:00,20190715,20.0,1,2019-07-20 02:43:21,20190720.0
BON00004118,U0003980,1,2022-02-19 02:00:00,20220219,20.0,1,2022-03-08 07:06:48,20220308.0
BON00004119,U0003277,2,2019-09-21 23:00:00,20190921,500.0,1,2019-10-03 23:46:14,20191003.0
BON00004120,U0000584,1,2025-12-14 11:00:00,20251214,100.0,1,2025-12-22 16:44:18,20251222.0
BON00004121,U0001446,2,2020-06-25 21:00:00,20200625,5000.0,1,2020-07-17 18:28:57,20200717.0
BON00004122,U0002232,2,2022-10-03 23:00:00,20221003,2000.0,0,,
BON00004123,U0000576,1,2023-07-21 21:00:00,20230721,20.0,0,,
BON00004124,U0000319,2,2025-04-18 20:00:00,20250418,5000.0,0,,
BON00004125,U0001786,4,2022-01-13 08:00:00,20220113,1000.0,1,2022-01-29 01:45:37,20220129.0
BON00004126,U0001475,5,2020-01-29 17:00:00,20200129,20000.0,0,,
BON00004127,U0001456,1,2020-04-27 02:00:00,20200427,20.0,1,2020-05-01 23:47:48,20200501.0
BON00004128,U0001290,1,2022-08-18 02:00:00,20220818,100.0,1,2022-08-22 18:18:10,20220822.0
BON00004129,U0003284,2,2023-07-30 15:00:00,20230730,5000.0,1,2023-08-29 14:34:53,20230829.0
BON00004130,U0001297,5,2020-06-01 19:00:00,20200601,10000.0,1,2020-06-07 00:26:40,20200607.0
BON00004131,U0003620,1,2020-06-22 17:00:00,20200622,200.0,1,2020-06-27 20:02:55,20200627.0
BON00004132,U0003900,1,2020-06-24 21:00:00,20200624,200.0,1,2020-07-09 20:33:10,20200709.0
BON00004133,U0002208,5,2021-02-17 19:00:00,20210217,10000.0,0,,
BON00004134,U0003065,3,2019-07-20 16:00:00,20190720,200.0,1,2019-07-23 09:42:10,20190723.0
BON00004135,U0002315,1,2019-04-01 08:00:00,20190401,200.0,1,2019-04-05 16:44:02,20190405.0
BON00004136,U0002836,5,2022-02-09 13:00:00,20220209,20000.0,0,,
BON00004137,U0000054,2,2024-12-12 20:00:00,20241212,500.0,1,2024-12-14 12:37:01,20241214.0
BON00004138,U0003375,5,2021-09-02 04:00:00,20210902,10000.0,1,2021-09-09 00:02:01,20210909.0
BON00004139,U0001026,4,2021-07-28 08:00:00,20210728,500.0,1,2021-08-01 09:29:24,20210801.0
BON00004140,U0001146,1,2020-12-08 05:00:00,20201208,50.0,1,2020-12-12 16:21:48,20201212.0
BON00004141,U0000141,1,2021-04-04 10:00:00,20210404,50.0,1,2021-04-08 05:52:48,20210408.0
BON00004142,U0003119,2,2024-11-20 22:00:00,20241120,10000.0,1,2024-11-27 22:10:52,20241127.0
BON00004143,U0004000,1,2022-06-02 15:00:00,20220602,20.0,0,,
BON00004144,U0002172,2,2025-03-24 17:00:00,20250324,500.0,0,,
BON00004145,U0000978,5,2021-10-26 07:00:00,20211026,20000.0,0,,
BON00004146,U0003550,1,2025-07-28 07:00:00,20250728,200.0,1,2025-07-29 14:46:40,20250729.0
BON00004147,U0000187,1,2023-06-26 06:00:00,20230626,50.0,1,2023-06-27 17:05:29,20230627.0
BON00004148,U0003400,1,2019-09-17 12:00:00,20190917,20.0,0,,
BON00004149,U0000132,2,2019-12-31 08:00:00,20191231,1000.0,0,,
BON00004150,U0002541,3,2025-10-06 23:00:00,20251006,500.0,0,,
BON00004151,U0001077,5,2023-10-11 22:00:00,20231011,10000.0,1,2023-10-20 16:15:45,20231020.0
BON00004152,U0002386,1,2019-04-26 12:00:00,20190426,20.0,1,2019-05-16 00:17:03,20190516.0
BON00004153,U0003223,1,2024-11-04 20:00:00,20241104,200.0,1,2024-11-05 18:58:41,20241105.0
BON00004154,U0000822,2,2021-12-14 06:00:00,20211214,5000.0,1,2021-12-14 11:31:32,20211214.0
BON00004155,U0001583,2,2023-07-26 22:00:00,20230726,5000.0,1,2023-07-27 15:01:35,20230727.0
BON00004156,U0002583,4,2021-01-01 15:00:00,20210101,1000.0,1,2021-01-05 16:31:39,20210105.0
BON00004157,U0000190,1,2023-10-05 21:00:00,20231005,50.0,1,2023-10-14 11:17:36,20231014.0
BON00004158,U0000155,1,2023-05-22 08:00:00,20230522,200.0,1,2023-05-28 00:08:14,20230528.0
BON00004159,U0001311,1,2020-06-13 05:00:00,20200613,200.0,1,2020-06-20 19:58:56,20200620.0
BON00004160,U0001958,2,2024-01-21 07:00:00,20240121,500.0,1,2024-02-05 17:44:01,20240205.0
BON00004161,U0000446,1,2019-06-22 00:00:00,20190622,50.0,1,2019-07-03 06:10:18,20190703.0
BON00004162,U0003696,3,2025-10-25 07:00:00,20251025,2000.0,0,,
BON00004163,U0003020,1,2022-09-25 06:00:00,20220925,20.0,1,2022-10-16 16:05:52,20221016.0
BON00004164,U0002499,2,2023-12-01 01:00:00,20231201,5000.0,1,2023-12-02 10:05:06,20231202.0
BON00004165,U0002843,2,2023-08-27 06:00:00,20230827,5000.0,1,2023-08-30 05:56:15,20230830.0
BON00004166,U0003196,1,2025-02-19 10:00:00,20250219,100.0,1,2025-03-09 19:07:04,20250309.0
BON00004167,U0001021,2,2021-10-30 12:00:00,20211030,500.0,1,2021-10-30 17:08:53,20211030.0
BON00004168,U0000292,2,2022-06-27 14:00:00,20220627,1000.0,1,2022-07-01 20:03:02,20220701.0
BON00004169,U0000467,1,2019-10-31 11:00:00,20191031,100.0,1,2019-11-01 07:10:27,20191101.0
BON00004170,U0001996,1,2020-08-27 12:00:00,20200827,100.0,1,2020-09-08 23:31:22,20200908.0
BON00004171,U0002166,1,2024-02-06 10:00:00,20240206,100.0,1,2024-02-06 21:29:31,20240206.0
BON00004172,U0003919,1,2025-04-26 23:00:00,20250426,50.0,1,2025-04-29 03:19:01,20250429.0
BON00004173,U0000252,2,2023-06-25 00:00:00,20230625,1000.0,1,2023-07-08 17:24:22,20230708.0
BON00004174,U0000146,2,2023-05-27 14:00:00,20230527,2000.0,1,2023-06-07 01:44:31,20230607.0
BON00004175,U0001733,2,2021-02-01 07:00:00,20210201,5000.0,1,2021-02-12 03:29:12,20210212.0
BON00004176,U0002298,1,2023-11-20 01:00:00,20231120,20.0,1,2023-11-23 18:40:47,20231123.0
BON00004177,U0000844,5,2022-03-11 11:00:00,20220311,10000.0,1,2022-03-15 02:35:51,20220315.0
BON00004178,U0000183,2,2020-01-01 21:00:00,20200101,500.0,0,,
BON00004179,U0001086,1,2022-04-11 17:00:00,20220411,50.0,1,2022-04-15 06:49:48,20220415.0
BON00004180,U0002515,3,2022-05-16 21:00:00,20220516,2000.0,0,,
BON00004181,U0002842,1,2019-11-15 06:00:00,20191115,200.0,1,2019-11-16 16:07:02,20191116.0
BON00004182,U0000275,4,2024-11-08 01:00:00,20241108,3000.0,1,2024-11-29 08:30:23,20241129.0
BON00004183,U0002439,1,2020-08-13 11:00:00,20200813,20.0,0,,
BON00004184,U0000601,5,2019-04-09 12:00:00,20190409,10000.0,0,,
BON00004185,U0002718,3,2021-07-02 20:00:00,20210702,2000.0,1,2021-07-03 20:44:05,20210703.0
BON00004186,U0003300,1,2022-02-26 12:00:00,20220226,50.0,1,2022-02-28 20:26:17,20220228.0
BON00004187,U0001456,1,2025-10-14 08:00:00,20251014,100.0,1,2025-10-18 01:15:48,20251018.0
BON00004188,U0000819,1,2022-05-14 13:00:00,20220514,20.0,0,,
BON00004189,U0001455,1,2019-08-07 23:00:00,20190807,50.0,0,,
BON00004190,U0003194,1,2024-11-09 21:00:00,20241109,200.0,1,2024-11-10 05:48:39,20241110.0
BON00004191,U0002735,2,2022-06-10 04:00:00,20220610,10000.0,0,,
BON00004192,U0001679,3,2019-02-16 14:00:00,20190216,1000.0,0,,
BON00004193,U0002568,3,2024-02-17 06:00:00,20240217,200.0,1,2024-02-17 23:48:42,20240217.0
BON00004194,U0000090,2,2022-02-27 12:00:00,20220227,10000.0,0,,
BON00004195,U0001566,1,2021-04-06 17:00:00,20210406,100.0,1,2021-04-07 19:23:15,20210407.0
BON00004196,U0003643,1,2024-02-29 22:00:00,20240229,200.0,1,2024-03-03 20:04:14,20240303.0
BON00004197,U0002955,1,2023-01-09 15:00:00,20230109,100.0,1,2023-01-16 11:45:44,20230116.0
BON00004198,U0001186,2,2025-11-09 05:00:00,20251109,5000.0,1,2025-11-13 14:05:11,20251113.0
BON00004199,U0003174,3,2021-03-05 23:00:00,20210305,1000.0,0,,
BON00004200,U0003040,1,2019-12-30 20:00:00,20191230,20.0,1,2020-01-01 20:01:40,20200101.0
BON00004201,U0003135,1,2019-11-13 02:00:00,20191113,200.0,1,2019-11-15 22:23:35,20191115.0
BON00004202,U0000403,1,2019-03-18 21:00:00,20190318,200.0,1,2019-03-30 18:52:01,20190330.0
BON00004203,U0001391,3,2023-04-17 20:00:00,20230417,2000.0,1,2023-04-18 13:54:01,20230418.0
BON00004204,U0003755,3,2019-02-09 02:00:00,20190209,500.0,0,,
BON00004205,U0002790,2,2019-10-20 14:00:00,20191020,500.0,1,2019-10-23 14:47:26,20191023.0
BON00004206,U0000557,3,2022-02-03 23:00:00,20220203,1000.0,1,2022-02-05 07:23:38,20220205.0
BON00004207,U0003701,2,2022-06-29 15:00:00,20220629,500.0,1,2022-07-02 21:02:42,20220702.0
BON00004208,U0003825,1,2022-12-16 18:00:00,20221216,100.0,0,,
BON00004209,U0000475,2,2019-05-22 21:00:00,20190522,500.0,0,,
BON00004210,U0001618,3,2022-09-17 00:00:00,20220917,500.0,0,,
BON00004211,U0000052,3,2022-05-31 03:00:00,20220531,500.0,1,2022-06-05 14:25:15,20220605.0
BON00004212,U0002881,3,2021-10-30 21:00:00,20211030,200.0,0,,
BON00004213,U0000768,1,2025-11-02 18:00:00,20251102,50.0,1,2025-11-03 02:30:29,20251103.0
BON00004214,U0002961,1,2020-11-15 18:00:00,20201115,20.0,1,2020-11-17 13:47:06,20201117.0
BON00004215,U0002399,2,2022-02-03 12:00:00,20220203,10000.0,0,,
BON00004216,U0001087,1,2024-02-18 03:00:00,20240218,50.0,1,2024-02-29 14:49:47,20240229.0
BON00004217,U0001525,1,2025-02-01 16:00:00,20250201,100.0,0,,
BON00004218,U0001340,1,2021-02-11 23:00:00,20210211,50.0,1,2021-02-13 20:35:57,20210213.0
BON00004219,U0003683,5,2024-01-21 23:00:00,20240121,2000.0,0,,
BON00004220,U0001429,2,2019-10-17 15:00:00,20191017,500.0,1,2019-11-14 09:38:49,20191114.0
BON00004221,U0003807,4,2021-03-06 20:00:00,20210306,3000.0,0,,
BON00004222,U0002418,2,2022-02-23 17:00:00,20220223,500.0,0,,
BON00004223,U0001045,1,2023-03-16 10:00:00,20230316,200.0,1,2023-03-18 00:14:17,20230318.0
BON00004224,U0001693,4,2021-12-15 22:00:00,20211215,2000.0,1,2021-12-30 04:42:46,20211230.0
BON00004225,U0000688,4,2023-12-12 17:00:00,20231212,1000.0,1,2023-12-18 01:28:05,20231218.0
BON00004226,U0003319,2,2020-11-11 11:00:00,20201111,5000.0,1,2020-12-01 14:02:26,20201201.0
BON00004227,U0002600,5,2020-07-26 14:00:00,20200726,10000.0,0,,
BON00004228,U0003482,4,2022-10-23 17:00:00,20221023,1000.0,1,2022-10-26 00:31:32,20221026.0
BON00004229,U0003841,2,2020-10-24 03:00:00,20201024,2000.0,1,2020-10-24 16:17:25,20201024.0
BON00004230,U0002353,5,2023-12-18 19:00:00,20231218,20000.0,0,,
BON00004231,U0001707,5,2020-11-28 17:00:00,20201128,10000.0,1,2020-12-05 10:09:35,20201205.0
BON00004232,U0002485,1,2021-02-18 09:00:00,20210218,200.0,1,2021-02-20 23:01:14,20210220.0
BON00004233,U0000176,1,2023-01-02 14:00:00,20230102,50.0,1,2023-01-06 20:16:35,20230106.0
BON00004234,U0000107,1,2024-05-05 14:00:00,20240505,50.0,1,2024-05-19 22:03:56,20240519.0
BON00004235,U0002794,2,2022-01-30 00:00:00,20220130,500.0,0,,
BON00004236,U0002435,2,2025-03-29 18:00:00,20250329,5000.0,1,2025-04-03 11:00:26,20250403.0
BON00004237,U0002208,2,2024-12-09 02:00:00,20241209,500.0,1,2024-12-14 07:13:27,20241214.0
BON00004238,U0002371,2,2020-02-14 04:00:00,20200214,500.0,1,2020-02-19 11:21:40,20200219.0
BON00004239,U0002484,3,2024-09-03 13:00:00,20240903,2000.0,0,,
BON00004240,U0000617,2,2020-08-23 21:00:00,20200823,10000.0,1,2020-09-05 18:18:14,20200905.0
BON00004241,U0000608,2,2019-06-13 03:00:00,20190613,10000.0,1,2019-06-17 17:29:30,20190617.0
BON00004242,U0003324,2,2022-04-10 18:00:00,20220410,1000.0,1,2022-04-12 22:21:09,20220412.0
BON00004243,U0001722,1,2020-11-05 23:00:00,20201105,200.0,0,,
BON00004244,U0002241,2,2020-11-17 19:00:00,20201117,2000.0,1,2020-11-30 11:04:38,20201130.0
BON00004245,U0002630,3,2023-03-21 20:00:00,20230321,1000.0,0,,
BON00004246,U0001547,1,2025-04-02 01:00:00,20250402,100.0,1,2025-04-11 13:08:27,20250411.0
BON00004247,U0000109,4,2025-01-19 20:00:00,20250119,3000.0,1,2025-01-28 23:52:30,20250128.0
BON00004248,U0002847,2,2019-11-26 07:00:00,20191126,1000.0,0,,
BON00004249,U0003295,4,2019-11-09 20:00:00,20191109,3000.0,0,,
BON00004250,U0000108,4,2022-05-19 20:00:00,20220519,1000.0,1,2022-05-22 04:33:52,20220522.0
BON00004251,U0003353,2,2025-04-02 07:00:00,20250402,1000.0,1,2025-05-02 07:00:00,20250502.0
BON00004252,U0000198,1,2023-10-18 08:00:00,20231018,20.0,0,,
BON00004253,U0001758,1,2020-10-01 09:00:00,20201001,50.0,1,2020-10-04 17:08:07,20201004.0
BON00004254,U0001990,5,2022-12-19 22:00:00,20221219,20000.0,0,,
BON00004255,U0001174,2,2019-07-22 22:00:00,20190722,2000.0,1,2019-08-03 17:07:26,20190803.0
BON00004256,U0002089,2,2020-11-13 05:00:00,20201113,5000.0,0,,
BON00004257,U0001069,2,2019-10-01 20:00:00,20191001,500.0,1,2019-10-06 05:43:22,20191006.0
BON00004258,U0002127,4,2020-01-14 01:00:00,20200114,500.0,0,,
BON00004259,U0000093,2,2024-05-10 08:00:00,20240510,2000.0,1,2024-05-14 14:48:24,20240514.0
BON00004260,U0002828,4,2023-10-24 05:00:00,20231024,500.0,1,2023-10-30 18:35:19,20231030.0
BON00004261,U0000634,4,2021-07-23 15:00:00,20210723,500.0,1,2021-07-23 17:00:35,20210723.0
BON00004262,U0001088,2,2021-10-20 01:00:00,20211020,1000.0,0,,
BON00004263,U0003293,2,2024-01-31 09:00:00,20240131,5000.0,1,2024-02-01 03:58:31,20240201.0
BON00004264,U0003647,2,2020-02-06 20:00:00,20200206,5000.0,0,,
BON00004265,U0003289,1,2024-04-29 05:00:00,20240429,50.0,1,2024-05-07 02:11:32,20240507.0
BON00004266,U0002148,2,2021-08-14 03:00:00,20210814,500.0,0,,
BON00004267,U0001160,1,2020-03-04 19:00:00,20200304,50.0,0,,
BON00004268,U0001329,3,2022-12-12 06:00:00,20221212,500.0,0,,
BON00004269,U0001284,5,2022-10-03 04:00:00,20221003,10000.0,0,,
BON00004270,U0000659,1,2019-04-22 01:00:00,20190422,20.0,0,,
BON00004271,U0001982,1,2021-08-20 22:00:00,20210820,50.0,1,2021-08-25 03:42:20,20210825.0
BON00004272,U0000304,1,2024-02-06 04:00:00,20240206,50.0,0,,
BON00004273,U0000194,3,2022-11-26 19:00:00,20221126,200.0,0,,
BON00004274,U0002878,2,2024-08-23 20:00:00,20240823,1000.0,0,,
BON00004275,U0000877,1,2022-06-22 16:00:00,20220622,100.0,1,2022-06-30 19:52:25,20220630.0
BON00004276,U0002300,2,2020-03-29 15:00:00,20200329,2000.0,0,,
BON00004277,U0002029,1,2020-06-17 14:00:00,20200617,50.0,0,,
BON00004278,U0000330,1,2020-05-19 06:00:00,20200519,20.0,1,2020-05-26 05:25:03,20200526.0
BON00004279,U0000007,3,2022-10-05 15:00:00,20221005,200.0,0,,
BON00004280,U0003153,1,2021-09-13 02:00:00,20210913,50.0,1,2021-09-20 04:08:47,20210920.0
BON00004281,U0003380,1,2020-12-26 08:00:00,20201226,100.0,1,2020-12-28 07:25:11,20201228.0
BON00004282,U0002790,1,2024-04-25 21:00:00,20240425,50.0,0,,
BON00004283,U0000101,1,2025-06-09 14:00:00,20250609,50.0,1,2025-06-14 10:53:48,20250614.0
BON00004284,U0003041,1,2024-07-07 00:00:00,20240707,20.0,0,,
BON00004285,U0000679,2,2022-02-17 21:00:00,20220217,5000.0,1,2022-02-25 10:30:43,20220225.0
BON00004286,U0003131,4,2025-03-11 03:00:00,20250311,1000.0,0,,
BON00004287,U0000927,2,2021-04-05 20:00:00,20210405,500.0,1,2021-04-15 12:30:05,20210415.0
BON00004288,U0002632,3,2021-01-09 08:00:00,20210109,200.0,1,2021-02-04 17:45:21,20210204.0
BON00004289,U0003040,2,2019-11-13 22:00:00,20191113,5000.0,0,,
BON00004290,U0003272,1,2021-02-08 11:00:00,20210208,50.0,1,2021-02-08 16:22:56,20210208.0
BON00004291,U0001045,2,2023-08-01 06:00:00,20230801,10000.0,1,2023-08-03 06:58:17,20230803.0
BON00004292,U0001556,1,2021-11-28 18:00:00,20211128,200.0,1,2021-12-07 01:51:55,20211207.0
BON00004293,U0001139,2,2023-11-19 19:00:00,20231119,1000.0,1,2023-11-24 07:46:23,20231124.0
BON00004294,U0003973,1,2021-04-15 03:00:00,20210415,100.0,1,2021-04-25 08:09:13,20210425.0
BON00004295,U0000050,1,2025-09-22 00:00:00,20250922,20.0,1,2025-09-27 18:44:12,20250927.0
BON00004296,U0002947,2,2019-02-25 22:00:00,20190225,500.0,1,2019-02-28 21:18:23,20190228.0
BON00004297,U0003918,2,2019-03-08 05:00:00,20190308,2000.0,1,2019-03-13 20:52:08,20190313.0
BON00004298,U0003600,4,2022-07-24 11:00:00,20220724,2000.0,1,2022-07-26 17:39:43,20220726.0
BON00004299,U0003649,2,2022-11-30 20:00:00,20221130,1000.0,1,2022-12-17 11:47:48,20221217.0
BON00004300,U0003444,1,2022-02-02 14:00:00,20220202,200.0,0,,
BON00004301,U0001909,1,2025-11-29 18:00:00,20251129,50.0,0,,
BON00004302,U0001628,4,2023-02-06 08:00:00,20230206,2000.0,0,,
BON00004303,U0000617,1,2023-08-11 16:00:00,20230811,50.0,1,2023-08-13 15:11:47,20230813.0
BON00004304,U0000367,3,2023-09-25 19:00:00,20230925,1000.0,0,,
BON00004305,U0000563,2,2021-08-23 09:00:00,20210823,2000.0,0,,
BON00004306,U0001173,3,2025-08-02 11:00:00,20250802,2000.0,1,2025-08-03 23:56:01,20250803.0
BON00004307,U0001858,2,2024-01-07 00:00:00,20240107,2000.0,0,,
BON00004308,U0001679,4,2019-11-11 03:00:00,20191111,500.0,0,,
BON00004309,U0000884,3,2024-11-28 23:00:00,20241128,500.0,1,2024-11-29 00:46:56,20241129.0
BON00004310,U0001391,2,2019-12-14 13:00:00,20191214,10000.0,1,2019-12-21 18:42:59,20191221.0
BON00004311,U0003540,1,2019-02-13 07:00:00,20190213,20.0,1,2019-02-17 00:51:50,20190217.0
BON00004312,U0003761,3,2019-04-08 18:00:00,20190408,2000.0,0,,
BON00004313,U0002250,1,2020-12-08 21:00:00,20201208,50.0,1,2020-12-10 05:33:26,20201210.0
BON00004314,U0003960,2,2025-04-19 13:00:00,20250419,2000.0,1,2025-05-10 11:20:35,20250510.0
BON00004315,U0002144,3,2019-05-08 12:00:00,20190508,200.0,1,2019-05-11 01:59:05,20190511.0
BON00004316,U0000621,1,2019-08-07 18:00:00,20190807,100.0,1,2019-08-12 15:24:19,20190812.0
BON00004317,U0001225,4,2021-10-31 22:00:00,20211031,2000.0,1,2021-11-08 08:21:12,20211108.0
BON00004318,U0003588,3,2022-03-21 15:00:00,20220321,2000.0,1,2022-04-09 20:22:31,20220409.0
BON00004319,U0002431,1,2023-09-30 08:00:00,20230930,50.0,1,2023-10-06 00:05:43,20231006.0
BON00004320,U0000620,2,2023-11-17 14:00:00,20231117,1000.0,1,2023-11-24 04:01:17,20231124.0
BON00004321,U0001748,4,2024-08-12 08:00:00,20240812,1000.0,0,,
BON00004322,U0000117,3,2025-07-04 14:00:00,20250704,1000.0,1,2025-07-09 05:34:30,20250709.0
BON00004323,U0001561,2,2025-04-02 00:00:00,20250402,500.0,1,2025-04-10 22:12:57,20250410.0
BON00004324,U0002413,2,2023-06-18 00:00:00,20230618,10000.0,1,2023-06-21 14:39:33,20230621.0
BON00004325,U0000515,1,2025-12-16 00:00:00,20251216,200.0,1,2025-12-24 19:13:08,20251224.0
BON00004326,U0001072,5,2024-01-05 17:00:00,20240105,5000.0,1,2024-01-12 02:34:14,20240112.0
BON00004327,U0001412,5,2021-10-29 07:00:00,20211029,10000.0,1,2021-11-05 18:09:50,20211105.0
BON00004328,U0001875,1,2022-05-19 02:00:00,20220519,100.0,0,,
BON00004329,U0000011,2,2020-08-23 08:00:00,20200823,500.0,0,,
BON00004330,U0001745,3,2022-01-03 20:00:00,20220103,1000.0,0,,
BON00004331,U0002799,3,2019-12-17 18:00:00,20191217,2000.0,1,2019-12-18 09:17:54,20191218.0
BON00004332,U0003041,1,2024-11-20 07:00:00,20241120,100.0,0,,
BON00004333,U0002237,2,2024-08-27 07:00:00,20240827,2000.0,1,2024-08-31 18:07:57,20240831.0
BON00004334,U0003169,1,2024-10-04 14:00:00,20241004,200.0,1,2024-10-11 09:43:39,20241011.0
BON00004335,U0003958,2,2019-01-01 02:00:00,20190101,2000.0,0,,
BON00004336,U0001331,2,2023-01-10 04:00:00,20230110,10000.0,1,2023-01-20 00:49:19,20230120.0
BON00004337,U0000585,1,2022-05-13 06:00:00,20220513,20.0,1,2022-05-23 19:20:53,20220523.0
BON00004338,U0003060,2,2023-09-18 15:00:00,20230918,10000.0,0,,
BON00004339,U0001045,1,2023-04-03 16:00:00,20230403,200.0,1,2023-04-03 17:41:14,20230403.0
BON00004340,U0002937,1,2023-07-20 17:00:00,20230720,100.0,0,,
BON00004341,U0003354,1,2021-06-01 07:00:00,20210601,200.0,0,,
BON00004342,U0003312,1,2021-07-13 13:00:00,20210713,100.0,1,2021-07-22 17:39:20,20210722.0
BON00004343,U0002880,4,2019-10-25 15:00:00,20191025,2000.0,1,2019-11-05 07:47:36,20191105.0
BON00004344,U0002901,4,2025-01-31 20:00:00,20250131,500.0,1,2025-02-07 11:05:27,20250207.0
BON00004345,U0003545,2,2023-10-13 18:00:00,20231013,1000.0,0,,
BON00004346,U0003684,4,2023-04-21 22:00:00,20230421,1000.0,1,2023-04-23 06:48:47,20230423.0
BON00004347,U0002166,2,2021-10-08 04:00:00,20211008,10000.0,0,,
BON00004348,U0002984,2,2022-09-21 05:00:00,20220921,5000.0,0,,
BON00004349,U0001640,2,2024-09-11 16:00:00,20240911,1000.0,1,2024-09-14 05:16:26,20240914.0
BON00004350,U0000220,4,2024-02-23 09:00:00,20240223,1000.0,0,,
BON00004351,U0001460,1,2021-02-25 23:00:00,20210225,200.0,0,,
BON00004352,U0001945,2,2023-07-07 11:00:00,20230707,5000.0,1,2023-07-11 20:56:51,20230711.0
BON00004353,U0001754,1,2019-03-02 22:00:00,20190302,50.0,1,2019-03-17 09:28:39,20190317.0
BON00004354,U0001830,1,2024-08-16 01:00:00,20240816,200.0,1,2024-08-16 23:14:45,20240816.0
BON00004355,U0003026,2,2022-10-24 21:00:00,20221024,2000.0,0,,
BON00004356,U0001284,2,2023-02-19 02:00:00,20230219,1000.0,0,,
BON00004357,U0002581,2,2024-10-30 17:00:00,20241030,5000.0,0,,
BON00004358,U0000191,1,2024-10-22 09:00:00,20241022,20.0,1,2024-11-16 03:33:18,20241116.0
BON00004359,U0002165,1,2022-07-30 06:00:00,20220730,100.0,1,2022-08-02 09:56:02,20220802.0
BON00004360,U0002932,2,2019-12-19 14:00:00,20191219,500.0,1,2020-01-14 22:29:58,20200114.0
BON00004361,U0002365,1,2020-01-20 00:00:00,20200120,50.0,0,,
BON00004362,U0003763,2,2020-08-02 18:00:00,20200802,10000.0,1,2020-08-07 15:40:29,20200807.0
BON00004363,U0000130,2,2023-07-09 19:00:00,20230709,500.0,1,2023-07-10 05:53:26,20230710.0
BON00004364,U0003987,1,2020-09-23 19:00:00,20200923,200.0,1,2020-09-26 05:35:11,20200926.0
BON00004365,U0001630,4,2021-02-07 23:00:00,20210207,1000.0,1,2021-02-17 03:58:11,20210217.0
BON00004366,U0002200,2,2020-02-22 16:00:00,20200222,10000.0,1,2020-02-24 01:52:15,20200224.0
BON00004367,U0003755,2,2025-10-29 12:00:00,20251029,1000.0,1,2025-11-02 23:25:43,20251102.0
BON00004368,U0003293,5,2021-04-08 01:00:00,20210408,2000.0,1,2021-04-14 11:22:11,20210414.0
BON00004369,U0002038,4,2024-12-17 22:00:00,20241217,500.0,1,2024-12-24 18:20:43,20241224.0
BON00004370,U0002177,2,2023-03-09 06:00:00,20230309,10000.0,1,2023-03-23 12:25:41,20230323.0
BON00004371,U0003722,2,2021-03-23 22:00:00,20210323,1000.0,1,2021-03-26 10:57:50,20210326.0
BON00004372,U0001937,1,2024-02-16 09:00:00,20240216,100.0,1,2024-02-24 01:06:55,20240224.0
BON00004373,U0001323,2,2019-09-10 01:00:00,20190910,500.0,1,2019-09-13 14:07:28,20190913.0
BON00004374,U0000154,3,2019-06-27 12:00:00,20190627,2000.0,1,2019-06-29 02:09:34,20190629.0
BON00004375,U0000569,3,2019-02-28 05:00:00,20190228,2000.0,0,,
BON00004376,U0002798,1,2019-05-24 04:00:00,20190524,50.0,0,,
BON00004377,U0000072,1,2023-08-04 15:00:00,20230804,20.0,1,2023-08-05 10:45:26,20230805.0
BON00004378,U0002744,2,2022-09-17 20:00:00,20220917,5000.0,0,,
BON00004379,U0003836,3,2025-09-21 02:00:00,20250921,500.0,0,,
BON00004380,U0001284,1,2023-12-16 20:00:00,20231216,20.0,1,2023-12-19 19:06:20,20231219.0
BON00004381,U0003189,2,2021-08-27 17:00:00,20210827,5000.0,1,2021-09-10 20:40:05,20210910.0
BON00004382,U0001169,2,2023-02-11 01:00:00,20230211,500.0,0,,
BON00004383,U0000107,4,2023-03-17 12:00:00,20230317,2000.0,1,2023-03-26 04:12:26,20230326.0
BON00004384,U0002058,1,2025-06-05 17:00:00,20250605,200.0,1,2025-06-05 18:03:38,20250605.0
BON00004385,U0000503,2,2019-11-28 23:00:00,20191128,10000.0,0,,
BON00004386,U0002091,4,2023-08-20 13:00:00,20230820,500.0,1,2023-08-26 01:00:27,20230826.0
BON00004387,U0001222,2,2023-11-13 23:00:00,20231113,2000.0,0,,
BON00004388,U0003301,1,2020-09-21 03:00:00,20200921,50.0,1,2020-09-22 21:38:50,20200922.0
BON00004389,U0001618,4,2021-01-13 11:00:00,20210113,3000.0,0,,
BON00004390,U0000995,2,2022-09-28 00:00:00,20220928,500.0,0,,
BON00004391,U0001175,1,2020-06-21 15:00:00,20200621,100.0,1,2020-06-25 11:27:44,20200625.0
BON00004392,U0001092,1,2024-04-21 02:00:00,20240421,50.0,1,2024-04-21 10:34:21,20240421.0
BON00004393,U0003118,1,2020-07-09 22:00:00,20200709,100.0,1,2020-07-11 19:47:51,20200711.0
BON00004394,U0002453,1,2023-12-30 07:00:00,20231230,50.0,0,,
BON00004395,U0003740,5,2019-03-21 04:00:00,20190321,20000.0,1,2019-03-24 09:19:57,20190324.0
BON00004396,U0001111,4,2022-04-30 20:00:00,20220430,2000.0,0,,
BON00004397,U0002421,4,2019-12-25 16:00:00,20191225,2000.0,0,,
BON00004398,U0001405,3,2021-03-09 13:00:00,20210309,500.0,1,2021-03-12 17:56:38,20210312.0
BON00004399,U0000635,5,2019-12-21 00:00:00,20191221,5000.0,0,,
BON00004400,U0001673,1,2020-01-16 12:00:00,20200116,50.0,1,2020-02-01 21:09:06,20200201.0
BON00004401,U0003095,1,2024-08-09 05:00:00,20240809,100.0,0,,
BON00004402,U0003893,2,2020-02-26 03:00:00,20200226,5000.0,1,2020-03-03 04:40:07,20200303.0
BON00004403,U0000892,2,2024-02-03 11:00:00,20240203,1000.0,0,,
BON00004404,U0000727,1,2019-12-20 07:00:00,20191220,50.0,1,2020-01-14 19:50:35,20200114.0
BON00004405,U0000514,4,2019-05-29 02:00:00,20190529,500.0,1,2019-06-11 06:11:42,20190611.0
BON00004406,U0000529,1,2021-09-28 14:00:00,20210928,20.0,1,2021-10-01 16:38:50,20211001.0
BON00004407,U0002280,2,2019-05-26 14:00:00,20190526,500.0,0,,
BON00004408,U0002028,2,2021-04-01 16:00:00,20210401,5000.0,1,2021-04-07 06:23:20,20210407.0
BON00004409,U0001072,1,2019-06-10 07:00:00,20190610,200.0,0,,
BON00004410,U0003449,2,2025-02-19 22:00:00,20250219,10000.0,1,2025-02-24 06:41:02,20250224.0
BON00004411,U0000453,1,2025-06-08 16:00:00,20250608,100.0,1,2025-07-04 01:27:15,20250704.0
BON00004412,U0003957,3,2024-08-20 14:00:00,20240820,500.0,1,2024-09-12 11:38:00,20240912.0
BON00004413,U0003596,1,2024-02-17 01:00:00,20240217,50.0,1,2024-02-21 07:34:59,20240221.0
BON00004414,U0002425,1,2021-10-20 05:00:00,20211020,200.0,1,2021-10-23 13:40:29,20211023.0
BON00004415,U0001280,2,2022-05-14 11:00:00,20220514,500.0,1,2022-05-16 11:43:38,20220516.0
BON00004416,U0002045,3,2025-06-25 19:00:00,20250625,500.0,1,2025-06-29 03:34:18,20250629.0
BON00004417,U0000335,5,2021-09-25 04:00:00,20210925,10000.0,1,2021-10-10 23:26:14,20211010.0
BON00004418,U0000009,4,2019-06-11 13:00:00,20190611,3000.0,1,2019-06-17 01:57:42,20190617.0
BON00004419,U0002784,2,2025-03-05 02:00:00,20250305,500.0,1,2025-03-06 23:47:03,20250306.0
BON00004420,U0002915,2,2023-08-04 12:00:00,20230804,1000.0,1,2023-08-08 17:33:44,20230808.0
BON00004421,U0001522,2,2023-05-21 10:00:00,20230521,2000.0,1,2023-06-02 16:25:41,20230602.0
BON00004422,U0002399,2,2022-01-15 20:00:00,20220115,10000.0,1,2022-01-29 08:42:21,20220129.0
BON00004423,U0001249,1,2023-03-27 04:00:00,20230327,20.0,1,2023-03-27 19:35:18,20230327.0
BON00004424,U0003289,2,2024-11-21 13:00:00,20241121,5000.0,0,,
BON00004425,U0000090,4,2024-04-09 05:00:00,20240409,3000.0,1,2024-04-19 01:16:03,20240419.0
BON00004426,U0000199,1,2025-08-10 09:00:00,20250810,100.0,0,,
BON00004427,U0002970,3,2024-12-28 01:00:00,20241228,1000.0,1,2025-01-20 03:07:59,20250120.0
BON00004428,U0000012,2,2024-08-20 19:00:00,20240820,5000.0,1,2024-08-21 21:59:23,20240821.0
BON00004429,U0000519,1,2023-01-04 17:00:00,20230104,50.0,1,2023-01-06 13:30:39,20230106.0
BON00004430,U0003643,5,2019-11-22 00:00:00,20191122,2000.0,1,2019-11-25 03:41:11,20191125.0
BON00004431,U0002143,1,2025-05-26 16:00:00,20250526,100.0,1,2025-06-09 10:52:35,20250609.0
BON00004432,U0003659,1,2022-03-12 22:00:00,20220312,200.0,1,2022-03-15 06:58:35,20220315.0
BON00004433,U0000842,1,2025-10-16 12:00:00,20251016,100.0,1,2025-10-24 07:21:11,20251024.0
BON00004434,U0003062,2,2020-09-28 15:00:00,20200928,1000.0,1,2020-10-10 17:08:02,20201010.0
BON00004435,U0000487,3,2024-12-29 02:00:00,20241229,2000.0,0,,
BON00004436,U0002829,1,2024-11-22 07:00:00,20241122,100.0,1,2024-11-27 03:27:47,20241127.0
BON00004437,U0000264,1,2019-01-29 00:00:00,20190129,100.0,1,2019-01-29 15:15:59,20190129.0
BON00004438,U0002853,2,2021-01-20 12:00:00,20210120,500.0,1,2021-01-20 18:49:11,20210120.0
BON00004439,U0002319,1,2025-12-26 23:00:00,20251226,20.0,0,,
BON00004440,U0002838,5,2024-12-02 19:00:00,20241202,5000.0,1,2024-12-24 02:02:44,20241224.0
BON00004441,U0003652,1,2024-07-30 13:00:00,20240730,50.0,0,,
BON00004442,U0000563,4,2020-02-29 06:00:00,20200229,2000.0,0,,
BON00004443,U0000400,1,2024-12-29 18:00:00,20241229,100.0,1,2024-12-30 21:02:03,20241230.0
BON00004444,U0003147,2,2024-07-29 09:00:00,20240729,2000.0,1,2024-08-10 09:18:40,20240810.0
BON00004445,U0002718,4,2020-05-29 16:00:00,20200529,3000.0,1,2020-05-30 06:05:22,20200530.0
BON00004446,U0001066,4,2021-08-22 20:00:00,20210822,2000.0,1,2021-08-28 09:24:14,20210828.0
BON00004447,U0002213,1,2020-12-26 11:00:00,20201226,20.0,1,2021-01-15 03:13:42,20210115.0
BON00004448,U0001665,2,2025-04-21 22:00:00,20250421,1000.0,1,2025-04-29 00:53:31,20250429.0
BON00004449,U0000969,4,2025-11-04 11:00:00,20251104,1000.0,0,,
BON00004450,U0002390,2,2023-02-15 07:00:00,20230215,10000.0,0,,
BON00004451,U0002623,2,2024-05-27 19:00:00,20240527,2000.0,1,2024-05-30 00:16:29,20240530.0
BON00004452,U0000119,4,2019-11-08 15:00:00,20191108,3000.0,1,2019-12-08 15:00:00,20191208.0
BON00004453,U0002554,1,2019-08-30 17:00:00,20190830,200.0,1,2019-09-08 08:33:50,20190908.0
BON00004454,U0000970,1,2019-01-14 07:00:00,20190114,20.0,0,,
BON00004455,U0002284,2,2021-03-27 09:00:00,20210327,500.0,0,,
BON00004456,U0002435,2,2025-02-16 03:00:00,20250216,500.0,1,2025-03-14 23:38:35,20250314.0
BON00004457,U0002502,1,2023-01-19 11:00:00,20230119,200.0,1,2023-02-02 18:52:20,20230202.0
BON00004458,U0000381,1,2025-05-10 09:00:00,20250510,20.0,1,2025-06-01 04:21:56,20250601.0
BON00004459,U0002846,2,2023-05-08 15:00:00,20230508,1000.0,1,2023-05-14 17:20:42,20230514.0
BON00004460,U0002416,2,2021-01-21 15:00:00,20210121,10000.0,1,2021-01-24 19:23:37,20210124.0
BON00004461,U0002008,1,2022-04-06 00:00:00,20220406,50.0,1,2022-04-17 06:05:21,20220417.0
BON00004462,U0002936,1,2022-03-26 04:00:00,20220326,200.0,1,2022-03-29 20:14:17,20220329.0
BON00004463,U0003733,1,2020-12-05 11:00:00,20201205,200.0,1,2020-12-10 17:33:04,20201210.0
BON00004464,U0001461,3,2024-05-14 06:00:00,20240514,500.0,1,2024-05-14 14:25:33,20240514.0
BON00004465,U0000331,1,2021-06-07 00:00:00,20210607,200.0,0,,
BON00004466,U0003177,3,2021-02-21 06:00:00,20210221,200.0,1,2021-03-01 02:24:00,20210301.0
BON00004467,U0000201,3,2019-08-04 02:00:00,20190804,500.0,1,2019-08-15 20:25:32,20190815.0
BON00004468,U0003237,3,2019-09-27 07:00:00,20190927,1000.0,0,,
BON00004469,U0000749,2,2020-11-04 13:00:00,20201104,2000.0,1,2020-11-07 20:38:18,20201107.0
BON00004470,U0001805,3,2019-09-05 22:00:00,20190905,1000.0,0,,
BON00004471,U0003244,5,2024-05-16 20:00:00,20240516,5000.0,1,2024-05-24 23:53:31,20240524.0
BON00004472,U0001994,1,2023-07-23 00:00:00,20230723,100.0,1,2023-07-29 01:07:18,20230729.0
BON00004473,U0000696,2,2022-06-10 03:00:00,20220610,500.0,1,2022-06-13 14:04:39,20220613.0
BON00004474,U0003423,1,2021-03-22 21:00:00,20210322,200.0,1,2021-03-29 10:41:18,20210329.0
BON00004475,U0001905,3,2024-08-31 14:00:00,20240831,1000.0,0,,
BON00004476,U0000904,1,2021-07-02 21:00:00,20210702,20.0,1,2021-07-05 16:28:10,20210705.0
BON00004477,U0003401,5,2021-03-13 16:00:00,20210313,10000.0,0,,
BON00004478,U0002795,2,2023-07-06 02:00:00,20230706,2000.0,0,,
BON00004479,U0003080,1,2020-12-14 20:00:00,20201214,200.0,1,2020-12-19 19:13:31,20201219.0
BON00004480,U0001978,1,2022-04-12 04:00:00,20220412,100.0,1,2022-04-15 03:34:01,20220415.0
BON00004481,U0001081,4,2023-10-31 17:00:00,20231031,2000.0,1,2023-11-20 10:33:19,20231120.0
BON00004482,U0002457,1,2022-08-06 19:00:00,20220806,200.0,1,2022-08-12 02:58:13,20220812.0
BON00004483,U0002333,3,2019-08-05 22:00:00,20190805,2000.0,1,2019-08-16 15:52:33,20190816.0
BON00004484,U0002029,2,2023-03-16 08:00:00,20230316,500.0,1,2023-03-24 05:21:30,20230324.0
BON00004485,U0003148,2,2025-08-17 16:00:00,20250817,5000.0,1,2025-08-19 07:38:59,20250819.0
BON00004486,U0001406,3,2024-02-09 14:00:00,20240209,500.0,1,2024-02-15 01:19:54,20240215.0
BON00004487,U0003607,2,2021-05-20 21:00:00,20210520,10000.0,1,2021-05-21 00:07:48,20210521.0
BON00004488,U0003710,2,2025-05-31 14:00:00,20250531,10000.0,1,2025-06-14 17:00:10,20250614.0
BON00004489,U0001644,2,2019-10-15 04:00:00,20191015,2000.0,1,2019-10-30 11:52:57,20191030.0
BON00004490,U0003983,1,2024-08-20 09:00:00,20240820,20.0,1,2024-09-05 21:22:01,20240905.0
BON00004491,U0003570,1,2025-07-31 09:00:00,20250731,200.0,1,2025-08-06 04:42:19,20250806.0
BON00004492,U0003550,1,2020-12-11 02:00:00,20201211,20.0,1,2020-12-17 03:43:45,20201217.0
BON00004493,U0002364,1,2021-07-31 06:00:00,20210731,50.0,1,2021-08-07 03:55:18,20210807.0
BON00004494,U0002978,2,2021-07-25 19:00:00,20210725,5000.0,1,2021-08-07 04:22:58,20210807.0
BON00004495,U0003189,4,2025-09-30 07:00:00,20250930,3000.0,0,,
BON00004496,U0001149,2,2024-01-04 22:00:00,20240104,500.0,1,2024-01-06 04:27:56,20240106.0
BON00004497,U0001504,2,2025-12-09 10:00:00,20251209,500.0,1,2025-12-14 04:01:41,20251214.0
BON00004498,U0000410,4,2019-02-23 14:00:00,20190223,3000.0,0,,
BON00004499,U0003306,1,2023-07-13 10:00:00,20230713,100.0,1,2023-07-17 12:28:54,20230717.0
BON00004500,U0000722,2,2023-05-24 03:00:00,20230524,500.0,0,,
BON00004501,U0002116,3,2019-05-12 22:00:00,20190512,500.0,0,,
BON00004502,U0000587,1,2023-02-26 16:00:00,20230226,100.0,1,2023-03-05 06:02:14,20230305.0
BON00004503,U0002243,2,2025-08-27 05:00:00,20250827,5000.0,1,2025-09-06 05:50:17,20250906.0
BON00004504,U0001760,1,2022-08-14 10:00:00,20220814,20.0,0,,
BON00004505,U0001152,3,2025-08-11 19:00:00,20250811,500.0,0,,
BON00004506,U0000289,3,2020-08-29 17:00:00,20200829,500.0,1,2020-08-30 12:41:24,20200830.0
BON00004507,U0000130,2,2019-04-10 14:00:00,20190410,5000.0,0,,
BON00004508,U0003672,1,2024-12-19 02:00:00,20241219,100.0,1,2025-01-07 01:40:56,20250107.0
BON00004509,U0000793,5,2019-09-03 00:00:00,20190903,20000.0,1,2019-09-06 23:21:40,20190906.0
BON00004510,U0000079,1,2019-04-29 01:00:00,20190429,20.0,1,2019-05-08 15:43:36,20190508.0
BON00004511,U0001089,3,2024-06-23 07:00:00,20240623,200.0,1,2024-06-24 13:26:54,20240624.0
BON00004512,U0000664,4,2023-06-29 04:00:00,20230629,3000.0,0,,
BON00004513,U0001323,3,2023-12-12 04:00:00,20231212,500.0,0,,
BON00004514,U0000842,5,2021-10-28 21:00:00,20211028,20000.0,1,2021-11-03 05:01:24,20211103.0
BON00004515,U0002225,1,2025-08-05 05:00:00,20250805,100.0,1,2025-08-10 06:29:03,20250810.0
BON00004516,U0003408,2,2021-07-16 21:00:00,20210716,500.0,1,2021-07-17 04:37:21,20210717.0
BON00004517,U0001710,3,2024-11-05 16:00:00,20241105,500.0,0,,
BON00004518,U0002635,2,2025-04-17 23:00:00,20250417,10000.0,1,2025-04-22 03:58:21,20250422.0
BON00004519,U0002093,1,2020-01-04 07:00:00,20200104,50.0,1,2020-01-05 11:59:54,20200105.0
BON00004520,U0003253,1,2020-11-09 21:00:00,20201109,200.0,1,2020-11-12 19:58:39,20201112.0
BON00004521,U0001278,4,2025-05-10 04:00:00,20250510,500.0,0,,
BON00004522,U0000827,1,2025-01-02 15:00:00,20250102,20.0,1,2025-01-13 23:11:14,20250113.0
BON00004523,U0001322,4,2022-01-15 11:00:00,20220115,2000.0,1,2022-01-18 21:45:07,20220118.0
BON00004524,U0000884,1,2024-03-26 10:00:00,20240326,200.0,1,2024-03-27 01:08:57,20240327.0
BON00004525,U0003267,2,2019-04-17 18:00:00,20190417,5000.0,1,2019-04-21 03:23:11,20190421.0
BON00004526,U0003510,5,2019-08-17 20:00:00,20190817,20000.0,1,2019-08-21 23:47:05,20190821.0
BON00004527,U0002995,1,2021-01-23 21:00:00,20210123,100.0,0,,
BON00004528,U0000307,4,2020-09-04 14:00:00,20200904,2000.0,0,,
BON00004529,U0001349,2,2019-09-15 19:00:00,20190915,10000.0,1,2019-09-19 12:10:23,20190919.0
BON00004530,U0000315,1,2025-01-20 22:00:00,20250120,100.0,1,2025-01-21 17:31:02,20250121.0
BON00004531,U0000006,1,2023-07-15 22:00:00,20230715,200.0,1,2023-07-17 12:31:55,20230717.0
BON00004532,U0002404,1,2023-07-26 17:00:00,20230726,200.0,0,,
BON00004533,U0001208,2,2019-02-22 10:00:00,20190222,10000.0,0,,
BON00004534,U0000521,2,2021-10-31 03:00:00,20211031,1000.0,1,2021-10-31 22:23:46,20211031.0
BON00004535,U0003252,2,2025-12-23 18:00:00,20251223,500.0,1,2026-01-02 10:35:48,20260102.0
BON00004536,U0000032,2,2019-04-30 06:00:00,20190430,1000.0,0,,
BON00004537,U0002849,1,2024-02-24 20:00:00,20240224,20.0,0,,
BON00004538,U0003436,4,2020-10-29 10:00:00,20201029,500.0,1,2020-11-24 06:00:23,20201124.0
BON00004539,U0003453,3,2020-06-19 04:00:00,20200619,2000.0,0,,
BON00004540,U0002804,4,2024-11-09 15:00:00,20241109,3000.0,0,,
BON00004541,U0001659,3,2019-09-01 04:00:00,20190901,200.0,0,,
BON00004542,U0003643,3,2022-11-26 13:00:00,20221126,200.0,1,2022-12-07 16:15:25,20221207.0
BON00004543,U0002584,3,2020-02-10 14:00:00,20200210,200.0,0,,
BON00004544,U0001587,2,2020-12-02 13:00:00,20201202,5000.0,1,2020-12-08 08:35:38,20201208.0
BON00004545,U0003290,3,2024-04-09 09:00:00,20240409,200.0,1,2024-04-14 18:59:19,20240414.0
BON00004546,U0001185,2,2020-04-01 08:00:00,20200401,1000.0,0,,
BON00004547,U0000863,3,2025-12-30 14:00:00,20251230,500.0,1,2026-01-15 18:02:43,20260115.0
BON00004548,U0000183,2,2020-01-17 10:00:00,20200117,2000.0,1,2020-01-25 14:51:44,20200125.0
BON00004549,U0002955,2,2019-03-19 16:00:00,20190319,2000.0,0,,
BON00004550,U0001866,4,2021-06-07 12:00:00,20210607,1000.0,1,2021-06-07 20:25:32,20210607.0
BON00004551,U0003995,2,2021-04-19 19:00:00,20210419,1000.0,1,2021-04-23 09:56:34,20210423.0
BON00004552,U0000337,2,2020-01-24 08:00:00,20200124,5000.0,1,2020-01-27 08:53:13,20200127.0
BON00004553,U0003596,2,2022-07-23 17:00:00,20220723,2000.0,0,,
BON00004554,U0003711,1,2023-03-17 05:00:00,20230317,100.0,1,2023-03-22 11:44:05,20230322.0
BON00004555,U0000868,3,2022-05-28 19:00:00,20220528,1000.0,1,2022-06-08 13:34:17,20220608.0
BON00004556,U0003316,1,2023-09-21 02:00:00,20230921,200.0,1,2023-09-21 07:46:19,20230921.0
BON00004557,U0001876,3,2023-07-08 05:00:00,20230708,2000.0,0,,
BON00004558,U0000742,1,2020-04-12 22:00:00,20200412,20.0,1,2020-04-14 07:52:54,20200414.0
BON00004559,U0003136,2,2022-06-02 00:00:00,20220602,500.0,1,2022-06-09 08:07:20,20220609.0
BON00004560,U0003761,1,2020-05-22 08:00:00,20200522,20.0,0,,
BON00004561,U0001142,2,2024-06-06 16:00:00,20240606,5000.0,1,2024-06-07 05:43:47,20240607.0
BON00004562,U0003799,2,2022-01-31 15:00:00,20220131,2000.0,1,2022-02-10 12:38:35,20220210.0
BON00004563,U0000617,2,2023-10-29 14:00:00,20231029,10000.0,1,2023-11-08 17:02:08,20231108.0
BON00004564,U0002229,2,2021-12-27 00:00:00,20211227,5000.0,0,,
BON00004565,U0001527,2,2024-01-02 08:00:00,20240102,500.0,0,,
BON00004566,U0000569,2,2020-08-15 14:00:00,20200815,500.0,1,2020-08-21 22:36:44,20200821.0
BON00004567,U0001618,4,2021-01-20 03:00:00,20210120,2000.0,1,2021-02-03 00:09:33,20210203.0
BON00004568,U0002565,1,2020-01-05 22:00:00,20200105,50.0,1,2020-01-08 05:19:47,20200108.0
BON00004569,U0003290,5,2023-03-13 08:00:00,20230313,10000.0,0,,
BON00004570,U0003824,1,2020-04-01 00:00:00,20200401,20.0,0,,
BON00004571,U0001097,1,2024-09-10 10:00:00,20240910,50.0,1,2024-09-20 12:39:22,20240920.0
BON00004572,U0002837,1,2021-03-24 01:00:00,20210324,100.0,0,,
BON00004573,U0003910,2,2021-08-25 19:00:00,20210825,10000.0,0,,
BON00004574,U0000391,2,2025-03-23 06:00:00,20250323,1000.0,1,2025-04-13 06:52:04,20250413.0
BON00004575,U0003087,4,2025-11-29 16:00:00,20251129,1000.0,1,2025-12-06 14:47:15,20251206.0
BON00004576,U0002620,1,2020-11-15 12:00:00,20201115,100.0,0,,
BON00004577,U0000011,1,2025-07-13 18:00:00,20250713,200.0,0,,
BON00004578,U0002861,2,2020-06-12 23:00:00,20200612,500.0,0,,
BON00004579,U0001978,2,2023-07-27 23:00:00,20230727,1000.0,1,2023-07-29 03:22:37,20230729.0
BON00004580,U0001659,2,2019-10-11 08:00:00,20191011,2000.0,1,2019-10-12 03:24:37,20191012.0
BON00004581,U0002513,1,2022-10-13 08:00:00,20221013,200.0,1,2022-10-30 08:18:19,20221030.0
BON00004582,U0003194,2,2023-03-07 12:00:00,20230307,500.0,1,2023-03-09 19:40:55,20230309.0
BON00004583,U0001048,2,2021-07-18 16:00:00,20210718,5000.0,0,,
BON00004584,U0001158,1,2020-07-17 10:00:00,20200717,100.0,1,2020-07-22 14:48:25,20200722.0
BON00004585,U0003575,4,2022-06-07 17:00:00,20220607,2000.0,1,2022-06-15 06:01:02,20220615.0
BON00004586,U0001276,2,2020-06-06 21:00:00,20200606,2000.0,1,2020-06-12 10:10:20,20200612.0
BON00004587,U0003176,1,2022-01-11 12:00:00,20220111,100.0,0,,
BON00004588,U0000572,2,2025-07-20 18:00:00,20250720,10000.0,0,,
BON00004589,U0003482,3,2023-12-08 14:00:00,20231208,2000.0,0,,
BON00004590,U0002700,2,2025-01-04 17:00:00,20250104,5000.0,1,2025-01-09 20:26:21,20250109.0
BON00004591,U0000516,2,2025-05-21 13:00:00,20250521,1000.0,1,2025-05-26 19:51:09,20250526.0
BON00004592,U0000055,4,2020-07-24 05:00:00,20200724,1000.0,1,2020-08-01 11:15:03,20200801.0
BON00004593,U0003245,5,2025-05-11 12:00:00,20250511,5000.0,1,2025-05-13 08:53:58,20250513.0
BON00004594,U0000449,2,2022-11-24 01:00:00,20221124,5000.0,1,2022-12-03 16:03:25,20221203.0
BON00004595,U0000978,3,2023-05-07 06:00:00,20230507,200.0,1,2023-05-15 15:02:52,20230515.0
BON00004596,U0002170,5,2022-10-12 23:00:00,20221012,5000.0,0,,
BON00004597,U0003042,2,2022-01-22 16:00:00,20220122,2000.0,1,2022-01-25 02:56:48,20220125.0
BON00004598,U0000360,4,2020-12-10 02:00:00,20201210,1000.0,0,,
BON00004599,U0001163,1,2024-11-25 21:00:00,20241125,200.0,0,,
BON00004600,U0001332,2,2024-12-15 14:00:00,20241215,2000.0,1,2024-12-20 01:14:40,20241220.0
BON00004601,U0001002,3,2023-02-26 01:00:00,20230226,2000.0,1,2023-03-05 19:13:49,20230305.0
BON00004602,U0003321,2,2025-08-16 07:00:00,20250816,1000.0,1,2025-09-02 16:34:26,20250902.0
BON00004603,U0003956,2,2020-06-22 19:00:00,20200622,2000.0,0,,
BON00004604,U0001751,2,2022-08-14 02:00:00,20220814,2000.0,1,2022-08-25 22:24:16,20220825.0
BON00004605,U0001256,4,2021-07-06 15:00:00,20210706,3000.0,1,2021-07-18 22:20:52,20210718.0
BON00004606,U0002612,2,2025-05-09 02:00:00,20250509,10000.0,0,,
BON00004607,U0003531,1,2022-01-17 14:00:00,20220117,200.0,1,2022-01-19 16:31:37,20220119.0
BON00004608,U0001506,5,2024-06-03 17:00:00,20240603,10000.0,1,2024-06-05 12:21:58,20240605.0
BON00004609,U0003691,2,2022-04-26 02:00:00,20220426,2000.0,1,2022-04-30 12:42:33,20220430.0
BON00004610,U0003223,3,2020-11-18 11:00:00,20201118,500.0,1,2020-11-21 15:16:25,20201121.0
BON00004611,U0001436,5,2025-07-28 14:00:00,20250728,10000.0,1,2025-08-18 17:19:46,20250818.0
BON00004612,U0002032,2,2021-08-24 04:00:00,20210824,1000.0,0,,
BON00004613,U0002146,1,2019-10-05 09:00:00,20191005,20.0,1,2019-10-09 16:14:06,20191009.0
BON00004614,U0000605,3,2025-07-26 12:00:00,20250726,2000.0,0,,
BON00004615,U0003673,1,2022-02-04 14:00:00,20220204,50.0,1,2022-02-24 16:27:24,20220224.0
BON00004616,U0003849,1,2021-07-08 20:00:00,20210708,100.0,0,,
BON00004617,U0001019,2,2019-06-25 02:00:00,20190625,1000.0,0,,
BON00004618,U0003139,2,2020-09-18 19:00:00,20200918,500.0,1,2020-09-30 02:22:38,20200930.0
BON00004619,U0003495,4,2025-10-04 16:00:00,20251004,3000.0,1,2025-10-06 22:15:38,20251006.0
BON00004620,U0000289,4,2022-12-26 01:00:00,20221226,500.0,1,2023-01-06 23:48:59,20230106.0
BON00004621,U0003176,1,2021-01-17 02:00:00,20210117,20.0,1,2021-01-28 08:45:52,20210128.0
BON00004622,U0002422,3,2023-10-31 22:00:00,20231031,1000.0,0,,
BON00004623,U0003166,1,2025-09-18 04:00:00,20250918,20.0,1,2025-09-27 17:05:04,20250927.0
BON00004624,U0001845,1,2023-03-25 10:00:00,20230325,20.0,0,,
BON00004625,U0002627,1,2021-12-15 08:00:00,20211215,50.0,1,2021-12-24 18:55:30,20211224.0
BON00004626,U0003169,4,2020-11-25 23:00:00,20201125,1000.0,0,,
BON00004627,U0003105,1,2019-01-15 04:00:00,20190115,200.0,1,2019-01-15 18:20:01,20190115.0
BON00004628,U0003684,2,2019-01-05 02:00:00,20190105,10000.0,1,2019-01-30 12:05:50,20190130.0
BON00004629,U0003839,1,2023-02-08 14:00:00,20230208,50.0,0,,
BON00004630,U0003580,1,2024-08-25 03:00:00,20240825,50.0,1,2024-08-25 04:17:01,20240825.0
BON00004631,U0003260,3,2019-05-05 13:00:00,20190505,200.0,1,2019-05-07 21:14:17,20190507.0
BON00004632,U0001958,2,2023-06-30 01:00:00,20230630,2000.0,1,2023-07-04 00:58:24,20230704.0
BON00004633,U0003848,1,2022-07-28 19:00:00,20220728,50.0,1,2022-07-29 09:05:54,20220729.0
BON00004634,U0002166,4,2020-05-06 06:00:00,20200506,2000.0,1,2020-05-20 23:45:15,20200520.0
BON00004635,U0003546,1,2022-02-27 02:00:00,20220227,20.0,0,,
BON00004636,U0001444,4,2024-12-05 00:00:00,20241205,500.0,1,2024-12-24 23:01:07,20241224.0
BON00004637,U0002128,1,2025-09-09 10:00:00,20250909,200.0,1,2025-09-26 00:27:50,20250926.0
BON00004638,U0003988,1,2025-06-08 21:00:00,20250608,200.0,1,2025-06-18 09:30:59,20250618.0
BON00004639,U0003718,1,2019-06-25 01:00:00,20190625,100.0,0,,
BON00004640,U0000562,3,2025-12-01 02:00:00,20251201,2000.0,0,,
BON00004641,U0003469,2,2022-07-07 09:00:00,20220707,2000.0,1,2022-07-11 19:55:08,20220711.0
BON00004642,U0001679,3,2019-05-14 10:00:00,20190514,200.0,1,2019-05-17 06:06:19,20190517.0
BON00004643,U0003813,4,2019-11-03 15:00:00,20191103,500.0,1,2019-11-04 09:14:17,20191104.0
BON00004644,U0003319,4,2019-08-24 02:00:00,20190824,3000.0,0,,
BON00004645,U0003079,2,2025-07-23 23:00:00,20250723,10000.0,1,2025-08-01 01:35:22,20250801.0
BON00004646,U0001423,3,2019-01-12 22:00:00,20190112,500.0,0,,
BON00004647,U0003652,3,2025-10-22 08:00:00,20251022,1000.0,1,2025-11-02 15:53:34,20251102.0
BON00004648,U0001958,1,2025-10-24 22:00:00,20251024,50.0,0,,
BON00004649,U0002711,2,2021-12-19 04:00:00,20211219,5000.0,1,2021-12-20 17:08:12,20211220.0
BON00004650,U0003474,5,2019-12-29 06:00:00,20191229,5000.0,1,2020-01-04 23:56:33,20200104.0
BON00004651,U0001382,3,2021-12-27 02:00:00,20211227,1000.0,1,2021-12-28 06:22:48,20211228.0
BON00004652,U0001168,4,2023-10-26 00:00:00,20231026,1000.0,1,2023-11-02 23:48:06,20231102.0
BON00004653,U0000760,5,2024-02-11 11:00:00,20240211,10000.0,1,2024-03-08 11:49:02,20240308.0
BON00004654,U0001797,1,2024-04-08 21:00:00,20240408,20.0,1,2024-04-09 08:57:44,20240409.0
BON00004655,U0002251,2,2019-12-10 11:00:00,20191210,500.0,1,2019-12-16 09:23:40,20191216.0
BON00004656,U0003344,5,2021-05-10 01:00:00,20210510,2000.0,1,2021-05-17 06:33:51,20210517.0
BON00004657,U0003046,3,2022-03-06 09:00:00,20220306,1000.0,0,,
BON00004658,U0003591,2,2023-01-04 20:00:00,20230104,10000.0,1,2023-01-07 14:31:12,20230107.0
BON00004659,U0000844,3,2022-12-10 19:00:00,20221210,2000.0,1,2022-12-23 00:31:09,20221223.0
BON00004660,U0000019,1,2023-03-27 03:00:00,20230327,50.0,1,2023-04-03 15:39:01,20230403.0
BON00004661,U0000750,3,2024-07-10 17:00:00,20240710,1000.0,1,2024-07-12 04:55:55,20240712.0
BON00004662,U0000789,1,2020-02-04 08:00:00,20200204,50.0,0,,
BON00004663,U0000025,3,2023-08-15 21:00:00,20230815,1000.0,1,2023-08-16 02:44:01,20230816.0
BON00004664,U0001604,1,2024-12-05 10:00:00,20241205,200.0,1,2024-12-09 20:21:00,20241209.0
BON00004665,U0000332,2,2023-12-18 15:00:00,20231218,2000.0,0,,
BON00004666,U0002443,2,2023-03-23 11:00:00,20230323,500.0,1,2023-03-27 14:56:19,20230327.0
BON00004667,U0000550,1,2020-08-12 06:00:00,20200812,50.0,1,2020-08-12 08:18:14,20200812.0
BON00004668,U0002237,3,2019-02-17 22:00:00,20190217,200.0,1,2019-03-02 03:01:30,20190302.0
BON00004669,U0002164,4,2025-02-17 02:00:00,20250217,2000.0,1,2025-02-17 10:42:53,20250217.0
BON00004670,U0000922,1,2024-08-02 02:00:00,20240802,50.0,0,,
BON00004671,U0001375,4,2019-03-20 20:00:00,20190320,1000.0,0,,
BON00004672,U0002407,2,2020-03-11 15:00:00,20200311,10000.0,0,,
BON00004673,U0001930,1,2019-07-13 06:00:00,20190713,200.0,0,,
BON00004674,U0001393,2,2020-02-14 03:00:00,20200214,2000.0,1,2020-02-20 01:24:06,20200220.0
BON00004675,U0001922,2,2023-12-13 09:00:00,20231213,500.0,1,2023-12-23 17:57:29,20231223.0
BON00004676,U0000176,1,2023-04-22 15:00:00,20230422,100.0,1,2023-05-14 07:26:28,20230514.0
BON00004677,U0002998,4,2021-06-05 18:00:00,20210605,3000.0,1,2021-06-10 15:01:43,20210610.0
BON00004678,U0001569,4,2019-06-21 12:00:00,20190621,1000.0,1,2019-07-07 02:09:56,20190707.0
BON00004679,U0003391,1,2024-09-26 10:00:00,20240926,50.0,1,2024-10-13 06:23:45,20241013.0
BON00004680,U0001697,1,2025-11-14 14:00:00,20251114,20.0,1,2025-11-25 23:49:20,20251125.0
BON00004681,U0003864,2,2022-09-18 14:00:00,20220918,500.0,1,2022-10-18 14:00:00,20221018.0
BON00004682,U0001461,1,2024-03-22 12:00:00,20240322,50.0,0,,
BON00004683,U0001736,3,2024-05-28 07:00:00,20240528,200.0,1,2024-05-28 20:40:11,20240528.0
BON00004684,U0002709,1,2019-07-01 04:00:00,20190701,20.0,1,2019-07-02 17:26:36,20190702.0
BON00004685,U0003718,3,2022-06-14 16:00:00,20220614,200.0,1,2022-06-18 13:36:37,20220618.0
BON00004686,U0000782,1,2021-03-26 12:00:00,20210326,100.0,0,,
BON00004687,U0002793,1,2021-08-19 07:00:00,20210819,20.0,0,,
BON00004688,U0002580,4,2022-08-25 20:00:00,20220825,3000.0,0,,
BON00004689,U0000292,1,2025-01-02 11:00:00,20250102,100.0,1,2025-01-02 13:24:50,20250102.0
BON00004690,U0002380,3,2025-01-19 04:00:00,20250119,2000.0,0,,
BON00004691,U0000137,2,2025-01-30 17:00:00,20250130,5000.0,1,2025-02-17 15:56:43,20250217.0
BON00004692,U0003907,1,2021-12-11 08:00:00,20211211,100.0,0,,
BON00004693,U0000102,4,2021-06-17 16:00:00,20210617,1000.0,1,2021-06-23 16:48:44,20210623.0
BON00004694,U0000645,4,2020-05-15 10:00:00,20200515,500.0,1,2020-05-20 05:42:37,20200520.0
BON00004695,U0002494,4,2019-03-31 18:00:00,20190331,2000.0,1,2019-03-31 22:19:13,20190331.0
BON00004696,U0002005,2,2020-08-27 08:00:00,20200827,10000.0,0,,
BON00004697,U0001008,4,2023-05-21 09:00:00,20230521,500.0,1,2023-05-22 00:56:14,20230522.0
BON00004698,U0002572,1,2022-03-03 01:00:00,20220303,50.0,1,2022-03-04 12:49:04,20220304.0
BON00004699,U0000223,5,2023-08-11 20:00:00,20230811,5000.0,1,2023-08-24 16:18:35,20230824.0
BON00004700,U0001432,3,2025-10-01 12:00:00,20251001,200.0,1,2025-10-11 23:49:52,20251011.0
BON00004701,U0001922,2,2020-12-02 08:00:00,20201202,500.0,0,,
BON00004702,U0001010,3,2021-06-30 11:00:00,20210630,500.0,0,,
BON00004703,U0002007,2,2023-06-03 00:00:00,20230603,5000.0,0,,
BON00004704,U0003553,1,2025-04-25 23:00:00,20250425,20.0,0,,
BON00004705,U0002706,2,2019-04-03 20:00:00,20190403,10000.0,1,2019-04-11 17:05:14,20190411.0
BON00004706,U0002083,2,2019-09-22 17:00:00,20190922,1000.0,1,2019-09-24 06:58:24,20190924.0
BON00004707,U0002334,1,2020-10-26 11:00:00,20201026,200.0,1,2020-11-04 05:08:49,20201104.0
BON00004708,U0002364,1,2019-08-31 00:00:00,20190831,20.0,1,2019-09-09 06:35:51,20190909.0
BON00004709,U0000913,4,2021-06-20 00:00:00,20210620,2000.0,1,2021-06-20 20:19:16,20210620.0
BON00004710,U0003128,1,2025-04-10 22:00:00,20250410,100.0,1,2025-04-16 17:20:40,20250416.0
BON00004711,U0002884,4,2024-12-08 00:00:00,20241208,500.0,0,,
BON00004712,U0002507,2,2021-02-11 18:00:00,20210211,1000.0,1,2021-02-11 18:04:43,20210211.0
BON00004713,U0003215,2,2024-07-02 00:00:00,20240702,10000.0,0,,
BON00004714,U0001570,3,2023-03-02 17:00:00,20230302,500.0,1,2023-03-24 12:50:03,20230324.0
BON00004715,U0003237,4,2025-06-07 19:00:00,20250607,1000.0,1,2025-06-12 01:30:21,20250612.0
BON00004716,U0000198,2,2025-12-11 10:00:00,20251211,5000.0,1,2025-12-18 21:08:09,20251218.0
BON00004717,U0000892,2,2022-10-13 05:00:00,20221013,2000.0,1,2022-10-16 12:25:04,20221016.0
BON00004718,U0001585,1,2023-01-13 18:00:00,20230113,200.0,1,2023-01-19 15:38:57,20230119.0
BON00004719,U0003360,2,2023-09-25 17:00:00,20230925,2000.0,0,,
BON00004720,U0003452,1,2020-05-07 09:00:00,20200507,100.0,1,2020-05-15 01:41:56,20200515.0
BON00004721,U0003070,1,2024-09-30 10:00:00,20240930,100.0,1,2024-10-08 05:02:43,20241008.0
BON00004722,U0003032,3,2020-08-10 07:00:00,20200810,500.0,0,,
BON00004723,U0000658,3,2024-11-12 08:00:00,20241112,500.0,0,,
BON00004724,U0001143,1,2021-12-22 00:00:00,20211222,20.0,1,2022-01-04 19:56:43,20220104.0
BON00004725,U0003488,1,2024-07-27 03:00:00,20240727,50.0,0,,
BON00004726,U0000195,1,2025-11-27 06:00:00,20251127,100.0,1,2025-12-03 16:57:33,20251203.0
BON00004727,U0001446,2,2020-05-26 02:00:00,20200526,1000.0,1,2020-05-29 22:52:14,20200529.0
BON00004728,U0001699,2,2025-07-26 08:00:00,20250726,1000.0,0,,
BON00004729,U0001051,4,2023-05-06 18:00:00,20230506,3000.0,1,2023-05-28 09:10:43,20230528.0
BON00004730,U0002274,4,2020-05-28 06:00:00,20200528,2000.0,0,,
BON00004731,U0001378,2,2021-09-12 18:00:00,20210912,1000.0,1,2021-09-29 08:58:47,20210929.0
BON00004732,U0002355,3,2025-05-04 04:00:00,20250504,1000.0,1,2025-05-22 11:01:36,20250522.0
BON00004733,U0003810,2,2025-09-14 16:00:00,20250914,2000.0,1,2025-09-15 01:37:27,20250915.0
BON00004734,U0003679,2,2025-03-03 21:00:00,20250303,2000.0,1,2025-04-02 21:00:00,20250402.0
BON00004735,U0003410,2,2025-12-04 10:00:00,20251204,5000.0,1,2025-12-04 10:57:15,20251204.0
BON00004736,U0002655,2,2025-06-14 12:00:00,20250614,5000.0,0,,
BON00004737,U0003114,5,2024-12-31 15:00:00,20241231,2000.0,0,,
BON00004738,U0001086,2,2021-08-23 20:00:00,20210823,10000.0,0,,
BON00004739,U0000308,1,2023-03-30 00:00:00,20230330,20.0,0,,
BON00004740,U0002042,3,2019-07-30 07:00:00,20190730,1000.0,1,2019-08-08 13:19:40,20190808.0
BON00004741,U0000557,2,2020-12-22 03:00:00,20201222,500.0,0,,
BON00004742,U0000091,1,2024-10-03 13:00:00,20241003,100.0,1,2024-10-13 16:04:29,20241013.0
BON00004743,U0001344,3,2022-08-19 05:00:00,20220819,1000.0,1,2022-09-07 20:48:28,20220907.0
BON00004744,U0002328,5,2021-06-23 21:00:00,20210623,5000.0,0,,
BON00004745,U0003059,1,2023-03-02 05:00:00,20230302,200.0,1,2023-03-02 11:27:04,20230302.0
BON00004746,U0003440,1,2019-10-26 00:00:00,20191026,20.0,1,2019-10-29 23:53:02,20191029.0
BON00004747,U0000844,2,2020-02-21 20:00:00,20200221,1000.0,0,,
BON00004748,U0003728,1,2020-11-14 04:00:00,20201114,200.0,0,,
BON00004749,U0000780,5,2020-07-07 03:00:00,20200707,2000.0,1,2020-07-12 08:00:05,20200712.0
BON00004750,U0003079,4,2025-01-29 20:00:00,20250129,3000.0,0,,
BON00004751,U0001383,4,2024-02-27 16:00:00,20240227,1000.0,0,,
BON00004752,U0001167,2,2024-02-16 23:00:00,20240216,500.0,0,,
BON00004753,U0000212,4,2020-06-30 18:00:00,20200630,3000.0,1,2020-07-07 15:28:19,20200707.0
BON00004754,U0002225,4,2025-07-18 14:00:00,20250718,3000.0,1,2025-07-23 16:34:29,20250723.0
BON00004755,U0000514,4,2020-10-02 23:00:00,20201002,1000.0,1,2020-10-06 05:08:03,20201006.0
BON00004756,U0000579,1,2025-07-25 13:00:00,20250725,100.0,1,2025-08-24 13:00:00,20250824.0
BON00004757,U0002483,1,2023-02-01 01:00:00,20230201,200.0,1,2023-02-07 17:39:07,20230207.0
BON00004758,U0002880,1,2020-04-05 06:00:00,20200405,100.0,0,,
BON00004759,U0002101,1,2020-04-19 06:00:00,20200419,50.0,1,2020-04-25 23:39:55,20200425.0
BON00004760,U0003893,1,2020-08-01 17:00:00,20200801,20.0,1,2020-08-03 10:57:52,20200803.0
BON00004761,U0003795,3,2024-02-13 10:00:00,20240213,1000.0,1,2024-02-14 20:06:16,20240214.0
BON00004762,U0003510,2,2022-10-20 03:00:00,20221020,1000.0,1,2022-10-25 11:16:31,20221025.0
BON00004763,U0003925,5,2023-08-01 02:00:00,20230801,2000.0,1,2023-08-12 15:39:48,20230812.0
BON00004764,U0002549,3,2020-02-13 14:00:00,20200213,1000.0,0,,
BON00004765,U0000099,3,2025-05-28 09:00:00,20250528,200.0,1,2025-06-07 09:54:23,20250607.0
BON00004766,U0002731,2,2025-09-16 14:00:00,20250916,10000.0,1,2025-09-25 13:20:25,20250925.0
BON00004767,U0002693,4,2025-07-26 02:00:00,20250726,1000.0,0,,
BON00004768,U0001895,1,2024-01-22 03:00:00,20240122,200.0,1,2024-02-04 21:29:17,20240204.0
BON00004769,U0003542,4,2024-05-29 04:00:00,20240529,500.0,0,,
BON00004770,U0002791,1,2025-01-01 13:00:00,20250101,100.0,1,2025-01-01 18:50:17,20250101.0
BON00004771,U0000093,3,2021-03-27 10:00:00,20210327,1000.0,1,2021-03-28 03:23:45,20210328.0
BON00004772,U0000725,2,2024-09-15 06:00:00,20240915,1000.0,1,2024-09-16 01:35:03,20240916.0
BON00004773,U0001175,1,2022-10-28 12:00:00,20221028,50.0,1,2022-11-07 23:39:43,20221107.0
BON00004774,U0002583,2,2025-01-22 15:00:00,20250122,10000.0,0,,
BON00004775,U0000062,3,2021-01-05 00:00:00,20210105,200.0,1,2021-01-11 11:59:19,20210111.0
BON00004776,U0002350,1,2020-01-16 15:00:00,20200116,50.0,1,2020-01-22 07:03:49,20200122.0
BON00004777,U0002010,4,2024-09-04 18:00:00,20240904,3000.0,1,2024-09-07 01:45:16,20240907.0
BON00004778,U0003798,1,2022-02-20 00:00:00,20220220,100.0,1,2022-02-23 20:19:44,20220223.0
BON00004779,U0000566,4,2023-02-15 19:00:00,20230215,1000.0,0,,
BON00004780,U0000913,5,2022-10-21 09:00:00,20221021,20000.0,1,2022-10-23 14:37:19,20221023.0
BON00004781,U0001580,1,2021-01-23 15:00:00,20210123,20.0,1,2021-02-01 18:43:11,20210201.0
BON00004782,U0003474,1,2025-10-16 15:00:00,20251016,50.0,1,2025-10-30 07:33:38,20251030.0
BON00004783,U0001244,3,2020-09-02 14:00:00,20200902,1000.0,0,,
BON00004784,U0003103,4,2024-11-10 08:00:00,20241110,2000.0,0,,
BON00004785,U0000839,2,2024-09-19 07:00:00,20240919,10000.0,1,2024-09-27 22:04:17,20240927.0
BON00004786,U0001848,2,2025-06-01 06:00:00,20250601,5000.0,0,,
BON00004787,U0001965,1,2021-11-02 09:00:00,20211102,20.0,1,2021-11-06 06:25:45,20211106.0
BON00004788,U0001656,3,2024-03-31 22:00:00,20240331,2000.0,0,,
BON00004789,U0000719,2,2020-06-28 01:00:00,20200628,10000.0,1,2020-07-03 13:52:55,20200703.0
BON00004790,U0003853,3,2023-04-20 09:00:00,20230420,1000.0,1,2023-04-21 19:17:27,20230421.0
BON00004791,U0003302,2,2021-03-30 00:00:00,20210330,1000.0,1,2021-03-31 16:36:41,20210331.0
BON00004792,U0002253,2,2020-01-19 05:00:00,20200119,5000.0,1,2020-01-29 11:32:00,20200129.0
BON00004793,U0003316,2,2021-08-15 15:00:00,20210815,10000.0,0,,
BON00004794,U0000447,4,2020-08-07 11:00:00,20200807,500.0,0,,
BON00004795,U0001737,2,2021-11-11 12:00:00,20211111,10000.0,1,2021-11-24 01:06:32,20211124.0
BON00004796,U0001801,3,2021-04-01 08:00:00,20210401,500.0,0,,
BON00004797,U0003512,2,2023-04-30 00:00:00,20230430,5000.0,1,2023-05-03 20:33:57,20230503.0
BON00004798,U0003484,3,2021-05-21 18:00:00,20210521,200.0,1,2021-05-23 09:28:07,20210523.0
BON00004799,U0001873,4,2023-08-01 20:00:00,20230801,1000.0,1,2023-08-07 08:22:40,20230807.0
BON00004800,U0000190,1,2021-01-16 18:00:00,20210116,200.0,1,2021-02-02 15:10:21,20210202.0
BON00004801,U0001659,1,2022-06-15 18:00:00,20220615,50.0,0,,
BON00004802,U0002479,3,2023-03-20 09:00:00,20230320,200.0,1,2023-03-26 14:40:53,20230326.0
BON00004803,U0000816,4,2019-09-26 21:00:00,20190926,3000.0,0,,
BON00004804,U0000173,2,2023-10-31 21:00:00,20231031,1000.0,1,2023-11-07 00:38:39,20231107.0
BON00004805,U0002251,1,2023-05-07 01:00:00,20230507,20.0,1,2023-05-09 06:46:45,20230509.0
BON00004806,U0002065,2,2023-02-19 03:00:00,20230219,1000.0,0,,
BON00004807,U0002165,2,2024-11-02 03:00:00,20241102,2000.0,1,2024-11-04 07:57:31,20241104.0
BON00004808,U0002389,1,2025-05-08 16:00:00,20250508,200.0,0,,
BON00004809,U0002908,5,2020-08-09 18:00:00,20200809,2000.0,0,,
BON00004810,U0000437,1,2024-04-09 10:00:00,20240409,50.0,1,2024-04-20 22:11:04,20240420.0
BON00004811,U0002028,5,2024-01-27 17:00:00,20240127,20000.0,1,2024-01-29 01:28:41,20240129.0
BON00004812,U0002130,1,2025-10-19 09:00:00,20251019,100.0,1,2025-10-19 17:54:19,20251019.0
BON00004813,U0002049,4,2019-10-08 21:00:00,20191008,1000.0,1,2019-10-09 09:30:31,20191009.0
BON00004814,U0000151,1,2023-09-27 12:00:00,20230927,50.0,1,2023-09-30 06:24:49,20230930.0
BON00004815,U0003570,2,2021-05-24 08:00:00,20210524,2000.0,1,2021-05-24 10:22:33,20210524.0
BON00004816,U0001787,2,2022-04-21 07:00:00,20220421,500.0,1,2022-04-26 23:04:09,20220426.0
BON00004817,U0003189,4,2022-11-20 21:00:00,20221120,500.0,1,2022-11-23 11:45:42,20221123.0
BON00004818,U0003569,2,2023-10-23 21:00:00,20231023,10000.0,1,2023-10-28 21:32:29,20231028.0
BON00004819,U0001214,1,2024-08-15 04:00:00,20240815,20.0,1,2024-08-23 09:42:25,20240823.0
BON00004820,U0000298,1,2020-08-11 02:00:00,20200811,20.0,0,,
BON00004821,U0000134,1,2020-01-16 20:00:00,20200116,50.0,1,2020-01-18 12:47:25,20200118.0
BON00004822,U0003707,2,2022-08-25 04:00:00,20220825,500.0,0,,
BON00004823,U0001698,4,2020-01-26 00:00:00,20200126,2000.0,1,2020-02-03 16:10:39,20200203.0
BON00004824,U0000841,1,2023-07-31 20:00:00,20230731,50.0,1,2023-08-07 02:17:05,20230807.0
BON00004825,U0001644,2,2025-02-03 00:00:00,20250203,500.0,0,,
BON00004826,U0000113,4,2024-04-19 21:00:00,20240419,2000.0,1,2024-04-25 13:42:45,20240425.0
BON00004827,U0002568,2,2021-10-28 16:00:00,20211028,500.0,1,2021-11-01 05:12:14,20211101.0
BON00004828,U0002439,4,2024-05-03 22:00:00,20240503,500.0,0,,
BON00004829,U0002895,2,2021-12-28 14:00:00,20211228,1000.0,1,2022-01-01 11:36:23,20220101.0
BON00004830,U0000403,1,2021-12-29 10:00:00,20211229,50.0,1,2021-12-29 22:25:54,20211229.0
BON00004831,U0001362,2,2019-10-30 05:00:00,20191030,2000.0,1,2019-11-06 03:04:57,20191106.0
BON00004832,U0002669,5,2021-02-07 08:00:00,20210207,2000.0,1,2021-02-07 13:59:08,20210207.0
BON00004833,U0002694,1,2019-11-02 13:00:00,20191102,100.0,1,2019-11-03 05:53:52,20191103.0
BON00004834,U0001083,2,2025-03-16 10:00:00,20250316,2000.0,0,,
BON00004835,U0003839,1,2022-04-29 19:00:00,20220429,200.0,0,,
BON00004836,U0000945,2,2020-01-11 04:00:00,20200111,5000.0,1,2020-01-12 22:30:35,20200112.0
BON00004837,U0003592,1,2022-04-05 21:00:00,20220405,50.0,1,2022-04-14 08:48:12,20220414.0
BON00004838,U0002712,1,2025-08-16 01:00:00,20250816,20.0,1,2025-08-17 00:00:01,20250817.0
BON00004839,U0002069,4,2021-05-10 06:00:00,20210510,500.0,1,2021-05-10 12:36:58,20210510.0
BON00004840,U0002172,5,2019-09-28 00:00:00,20190928,20000.0,1,2019-10-14 07:01:13,20191014.0
BON00004841,U0003038,2,2024-04-13 14:00:00,20240413,10000.0,1,2024-04-15 16:15:00,20240415.0
BON00004842,U0003574,1,2020-04-09 10:00:00,20200409,20.0,1,2020-04-13 22:27:13,20200413.0
BON00004843,U0000126,4,2023-09-11 19:00:00,20230911,1000.0,1,2023-09-26 23:06:05,20230926.0
BON00004844,U0002238,2,2022-12-27 00:00:00,20221227,10000.0,0,,
BON00004845,U0001372,1,2023-07-10 21:00:00,20230710,50.0,1,2023-07-16 05:45:47,20230716.0
BON00004846,U0000060,2,2021-12-05 16:00:00,20211205,1000.0,1,2021-12-08 07:16:01,20211208.0
BON00004847,U0003096,5,2022-05-18 12:00:00,20220518,2000.0,1,2022-05-20 08:13:46,20220520.0
BON00004848,U0003752,3,2022-02-26 00:00:00,20220226,1000.0,0,,
BON00004849,U0000313,1,2025-03-21 16:00:00,20250321,20.0,0,,
BON00004850,U0000780,3,2020-04-17 04:00:00,20200417,500.0,0,,
BON00004851,U0002047,2,2020-04-11 02:00:00,20200411,1000.0,0,,
BON00004852,U0002451,1,2023-11-28 11:00:00,20231128,50.0,1,2023-11-29 21:41:28,20231129.0
BON00004853,U0001268,2,2025-03-08 14:00:00,20250308,10000.0,1,2025-03-08 16:02:32,20250308.0
BON00004854,U0001434,3,2020-09-04 22:00:00,20200904,1000.0,0,,
BON00004855,U0002211,5,2023-06-06 03:00:00,20230606,5000.0,0,,
BON00004856,U0000696,4,2022-04-19 04:00:00,20220419,500.0,1,2022-04-26 21:46:50,20220426.0
BON00004857,U0000025,1,2019-01-26 18:00:00,20190126,50.0,1,2019-01-29 13:32:15,20190129.0
BON00004858,U0003423,3,2020-09-22 00:00:00,20200922,200.0,0,,
BON00004859,U0002473,1,2024-04-24 15:00:00,20240424,50.0,1,2024-04-25 04:10:01,20240425.0
BON00004860,U0001920,1,2025-08-11 11:00:00,20250811,100.0,0,,
BON00004861,U0003728,2,2024-08-21 14:00:00,20240821,2000.0,1,2024-09-03 05:04:55,20240903.0
BON00004862,U0000737,4,2023-10-22 20:00:00,20231022,2000.0,0,,
BON00004863,U0002251,3,2020-03-30 18:00:00,20200330,500.0,1,2020-04-06 18:58:15,20200406.0
BON00004864,U0000860,1,2020-12-19 03:00:00,20201219,100.0,0,,
BON00004865,U0001680,1,2022-01-19 04:00:00,20220119,20.0,1,2022-02-02 00:37:10,20220202.0
BON00004866,U0003193,1,2021-08-29 18:00:00,20210829,50.0,1,2021-09-02 19:43:12,20210902.0
BON00004867,U0000348,2,2022-11-05 11:00:00,20221105,500.0,1,2022-11-10 19:38:33,20221110.0
BON00004868,U0000386,1,2021-04-24 04:00:00,20210424,20.0,1,2021-05-02 04:43:49,20210502.0
BON00004869,U0003360,1,2020-02-10 23:00:00,20200210,200.0,1,2020-02-12 01:43:20,20200212.0
BON00004870,U0001181,2,2021-02-26 07:00:00,20210226,10000.0,1,2021-03-07 14:28:31,20210307.0
BON00004871,U0002413,5,2025-02-15 12:00:00,20250215,5000.0,0,,
BON00004872,U0001977,3,2022-12-17 17:00:00,20221217,1000.0,1,2023-01-02 20:17:27,20230102.0
BON00004873,U0001678,1,2020-09-24 22:00:00,20200924,200.0,1,2020-09-25 20:24:00,20200925.0
BON00004874,U0000508,3,2025-06-19 20:00:00,20250619,200.0,1,2025-06-23 11:13:13,20250623.0
BON00004875,U0000199,4,2022-04-06 03:00:00,20220406,500.0,1,2022-04-08 16:25:54,20220408.0
BON00004876,U0001181,4,2023-01-09 03:00:00,20230109,500.0,1,2023-01-12 20:17:50,20230112.0
BON00004877,U0000169,4,2021-02-23 23:00:00,20210223,2000.0,1,2021-02-25 19:19:12,20210225.0
BON00004878,U0000261,2,2019-03-03 13:00:00,20190303,1000.0,1,2019-03-07 02:17:56,20190307.0
BON00004879,U0000154,4,2021-10-09 04:00:00,20211009,500.0,1,2021-10-18 12:20:03,20211018.0
BON00004880,U0001990,2,2022-07-27 14:00:00,20220727,5000.0,1,2022-08-01 14:58:35,20220801.0
BON00004881,U0000802,1,2022-09-20 02:00:00,20220920,200.0,1,2022-09-25 07:02:43,20220925.0
BON00004882,U0000815,4,2025-06-27 07:00:00,20250627,3000.0,0,,
BON00004883,U0002333,2,2024-03-01 09:00:00,20240301,2000.0,1,2024-03-12 23:55:04,20240312.0
BON00004884,U0002354,1,2020-07-06 18:00:00,20200706,100.0,1,2020-07-12 10:04:34,20200712.0
BON00004885,U0000552,5,2022-12-28 00:00:00,20221228,5000.0,1,2022-12-29 01:38:08,20221229.0
BON00004886,U0003041,2,2021-08-02 22:00:00,20210802,5000.0,0,,
BON00004887,U0001812,1,2023-06-07 07:00:00,20230607,20.0,1,2023-06-12 06:42:26,20230612.0
BON00004888,U0003161,3,2022-03-18 11:00:00,20220318,200.0,1,2022-03-22 16:49:52,20220322.0
BON00004889,U0001047,2,2020-12-30 21:00:00,20201230,2000.0,1,2021-01-05 19:58:18,20210105.0
BON00004890,U0003493,1,2022-02-28 12:00:00,20220228,50.0,1,2022-03-02 08:11:18,20220302.0
BON00004891,U0000892,4,2019-11-13 18:00:00,20191113,500.0,1,2019-11-14 18:55:28,20191114.0
BON00004892,U0002833,3,2019-11-20 02:00:00,20191120,500.0,1,2019-12-05 14:36:22,20191205.0
BON00004893,U0001508,1,2021-03-03 14:00:00,20210303,50.0,1,2021-03-04 08:09:57,20210304.0
BON00004894,U0000657,4,2020-12-21 09:00:00,20201221,2000.0,1,2020-12-22 03:15:48,20201222.0
BON00004895,U0002288,3,2019-09-11 18:00:00,20190911,500.0,1,2019-09-18 05:08:02,20190918.0
BON00004896,U0001027,2,2023-02-09 16:00:00,20230209,5000.0,1,2023-02-10 20:32:15,20230210.0
BON00004897,U0001206,5,2022-04-12 22:00:00,20220412,5000.0,1,2022-04-14 17:32:51,20220414.0
BON00004898,U0000442,1,2024-10-17 04:00:00,20241017,200.0,1,2024-10-22 23:27:25,20241022.0
BON00004899,U0001821,4,2021-06-06 06:00:00,20210606,2000.0,1,2021-06-07 23:41:46,20210607.0
BON00004900,U0001754,3,2019-04-02 07:00:00,20190402,500.0,0,,
BON00004901,U0002338,1,2024-01-21 03:00:00,20240121,20.0,1,2024-01-30 09:01:00,20240130.0
BON00004902,U0001120,2,2024-12-14 06:00:00,20241214,10000.0,0,,
BON00004903,U0001718,4,2021-09-07 11:00:00,20210907,2000.0,0,,
BON00004904,U0000851,4,2021-12-28 21:00:00,20211228,2000.0,0,,
BON00004905,U0001703,3,2022-05-07 04:00:00,20220507,2000.0,1,2022-05-19 06:46:17,20220519.0
BON00004906,U0002901,3,2024-02-15 04:00:00,20240215,200.0,1,2024-02-21 04:51:27,20240221.0
BON00004907,U0003048,1,2022-03-01 22:00:00,20220301,200.0,0,,
BON00004908,U0003081,3,2021-01-30 14:00:00,20210130,500.0,1,2021-01-31 13:42:38,20210131.0
BON00004909,U0002926,1,2020-12-28 18:00:00,20201228,200.0,1,2021-01-03 05:26:26,20210103.0
BON00004910,U0000652,2,2025-07-23 07:00:00,20250723,2000.0,1,2025-08-08 11:12:55,20250808.0
BON00004911,U0001611,1,2024-07-29 15:00:00,20240729,20.0,0,,
BON00004912,U0000618,1,2021-12-17 05:00:00,20211217,200.0,1,2022-01-08 01:22:11,20220108.0
BON00004913,U0002148,5,2020-04-03 13:00:00,20200403,20000.0,1,2020-04-05 13:45:09,20200405.0
BON00004914,U0000901,5,2019-01-29 09:00:00,20190129,5000.0,0,,
BON00004915,U0001845,2,2019-04-26 15:00:00,20190426,2000.0,0,,
BON00004916,U0000917,1,2021-10-29 16:00:00,20211029,50.0,1,2021-11-10 16:13:32,20211110.0
BON00004917,U0001290,4,2025-04-12 15:00:00,20250412,3000.0,1,2025-04-27 05:15:32,20250427.0
BON00004918,U0003060,3,2024-07-25 20:00:00,20240725,500.0,1,2024-08-03 11:20:19,20240803.0
BON00004919,U0000636,2,2025-02-19 10:00:00,20250219,1000.0,1,2025-03-02 02:49:11,20250302.0
BON00004920,U0002728,2,2019-02-11 18:00:00,20190211,10000.0,1,2019-02-12 11:02:19,20190212.0
BON00004921,U0002366,2,2023-01-19 14:00:00,20230119,10000.0,1,2023-01-20 04:30:54,20230120.0
BON00004922,U0003377,1,2021-08-15 12:00:00,20210815,200.0,1,2021-08-24 01:27:37,20210824.0
BON00004923,U0002627,2,2023-12-28 03:00:00,20231228,500.0,0,,
BON00004924,U0001751,2,2023-03-26 23:00:00,20230326,1000.0,1,2023-04-01 20:31:13,20230401.0
BON00004925,U0002781,1,2022-02-02 12:00:00,20220202,20.0,1,2022-02-12 09:11:59,20220212.0
BON00004926,U0003550,2,2019-02-26 03:00:00,20190226,5000.0,1,2019-03-12 12:35:35,20190312.0
BON00004927,U0001374,1,2022-05-22 21:00:00,20220522,20.0,0,,
BON00004928,U0003614,4,2020-08-05 21:00:00,20200805,3000.0,0,,
BON00004929,U0002561,2,2020-05-20 06:00:00,20200520,10000.0,1,2020-05-31 14:23:15,20200531.0
BON00004930,U0000520,2,2024-07-26 11:00:00,20240726,1000.0,1,2024-07-30 19:12:02,20240730.0
BON00004931,U0003007,2,2024-08-22 14:00:00,20240822,5000.0,0,,
BON00004932,U0003872,1,2022-10-14 05:00:00,20221014,20.0,0,,
BON00004933,U0003815,3,2024-05-26 06:00:00,20240526,500.0,1,2024-06-03 16:37:15,20240603.0
BON00004934,U0003829,1,2021-08-26 01:00:00,20210826,100.0,0,,
BON00004935,U0001589,1,2023-11-21 09:00:00,20231121,50.0,1,2023-12-21 09:00:00,20231221.0
BON00004936,U0000108,2,2020-01-05 20:00:00,20200105,500.0,1,2020-01-17 23:21:29,20200117.0
BON00004937,U0001979,1,2023-06-21 09:00:00,20230621,100.0,1,2023-07-04 23:53:53,20230704.0
BON00004938,U0003510,1,2023-04-08 04:00:00,20230408,50.0,1,2023-04-14 00:37:16,20230414.0
BON00004939,U0003196,2,2022-09-29 15:00:00,20220929,1000.0,1,2022-10-07 17:23:59,20221007.0
BON00004940,U0000725,1,2021-03-14 02:00:00,20210314,50.0,1,2021-03-28 15:24:10,20210328.0
BON00004941,U0002275,4,2021-05-13 04:00:00,20210513,500.0,1,2021-05-25 18:29:25,20210525.0
BON00004942,U0003869,3,2019-08-19 16:00:00,20190819,500.0,1,2019-08-20 19:30:03,20190820.0
BON00004943,U0001247,1,2025-01-26 23:00:00,20250126,100.0,1,2025-01-27 08:23:56,20250127.0
BON00004944,U0001510,2,2023-06-27 03:00:00,20230627,5000.0,1,2023-07-10 02:18:40,20230710.0
BON00004945,U0001694,4,2024-03-28 22:00:00,20240328,3000.0,1,2024-03-29 11:20:49,20240329.0
BON00004946,U0002215,2,2020-06-30 07:00:00,20200630,10000.0,0,,
BON00004947,U0002464,2,2022-08-05 07:00:00,20220805,500.0,1,2022-08-05 10:18:24,20220805.0
BON00004948,U0003317,2,2024-05-25 02:00:00,20240525,500.0,1,2024-05-30 19:20:33,20240530.0
BON00004949,U0003817,1,2020-10-12 16:00:00,20201012,100.0,0,,
BON00004950,U0001333,5,2020-03-24 14:00:00,20200324,2000.0,0,,
BON00004951,U0000442,2,2021-06-26 07:00:00,20210626,5000.0,1,2021-06-26 17:39:36,20210626.0
BON00004952,U0003237,3,2024-04-06 03:00:00,20240406,200.0,1,2024-04-06 10:16:15,20240406.0
BON00004953,U0003135,2,2020-12-05 15:00:00,20201205,10000.0,1,2020-12-28 05:33:01,20201228.0
BON00004954,U0002693,3,2020-03-05 10:00:00,20200305,500.0,1,2020-03-11 13:56:29,20200311.0
BON00004955,U0001333,1,2025-02-03 16:00:00,20250203,20.0,1,2025-02-05 02:28:41,20250205.0
BON00004956,U0002173,2,2019-01-04 21:00:00,20190104,10000.0,1,2019-01-06 19:59:31,20190106.0
BON00004957,U0000727,3,2022-11-30 11:00:00,20221130,1000.0,1,2022-12-01 15:44:59,20221201.0
BON00004958,U0003431,2,2021-02-14 17:00:00,20210214,5000.0,1,2021-02-15 19:34:05,20210215.0
BON00004959,U0002129,2,2019-08-27 01:00:00,20190827,500.0,1,2019-09-01 04:41:48,20190901.0
BON00004960,U0002293,4,2021-01-12 23:00:00,20210112,3000.0,0,,
BON00004961,U0002787,3,2021-10-08 10:00:00,20211008,2000.0,1,2021-10-18 13:39:43,20211018.0
BON00004962,U0002205,2,2024-05-15 18:00:00,20240515,5000.0,1,2024-05-16 09:43:08,20240516.0
BON00004963,U0001546,4,2021-08-04 06:00:00,20210804,3000.0,0,,
BON00004964,U0000593,1,2025-04-28 07:00:00,20250428,20.0,1,2025-04-30 10:14:48,20250430.0
BON00004965,U0003164,2,2023-06-09 22:00:00,20230609,500.0,1,2023-06-10 06:05:22,20230610.0
BON00004966,U0000806,3,2024-09-09 23:00:00,20240909,1000.0,1,2024-09-22 09:03:06,20240922.0
BON00004967,U0002144,3,2019-01-13 09:00:00,20190113,1000.0,0,,
BON00004968,U0000634,2,2021-06-19 13:00:00,20210619,10000.0,0,,
BON00004969,U0000212,1,2020-10-03 13:00:00,20201003,100.0,1,2020-10-13 06:12:24,20201013.0
BON00004970,U0002880,3,2020-11-14 06:00:00,20201114,1000.0,1,2020-11-16 16:24:59,20201116.0
BON00004971,U0002161,4,2025-06-05 14:00:00,20250605,1000.0,0,,
BON00004972,U0001613,3,2023-04-24 09:00:00,20230424,500.0,1,2023-05-17 09:40:36,20230517.0
BON00004973,U0003747,1,2022-08-26 13:00:00,20220826,100.0,1,2022-08-29 09:33:27,20220829.0
BON00004974,U0001007,4,2021-11-16 06:00:00,20211116,2000.0,1,2021-11-22 09:48:29,20211122.0
BON00004975,U0000169,2,2024-08-12 12:00:00,20240812,2000.0,1,2024-08-14 11:07:07,20240814.0
BON00004976,U0003908,3,2021-12-02 14:00:00,20211202,500.0,0,,
BON00004977,U0002513,2,2023-10-22 21:00:00,20231022,10000.0,1,2023-10-25 04:18:52,20231025.0
BON00004978,U0001661,5,2025-06-09 07:00:00,20250609,10000.0,1,2025-06-09 14:01:22,20250609.0
BON00004979,U0000941,4,2025-11-04 11:00:00,20251104,2000.0,1,2025-11-09 13:29:39,20251109.0
BON00004980,U0001146,3,2025-02-16 10:00:00,20250216,200.0,0,,
BON00004981,U0001872,4,2024-12-08 13:00:00,20241208,2000.0,0,,
BON00004982,U0002513,1,2023-12-14 15:00:00,20231214,50.0,1,2023-12-21 08:27:12,20231221.0
BON00004983,U0002917,1,2023-10-13 21:00:00,20231013,50.0,1,2023-10-17 14:22:26,20231017.0
BON00004984,U0002703,2,2021-08-08 21:00:00,20210808,2000.0,1,2021-08-13 19:51:01,20210813.0
BON00004985,U0003689,1,2019-12-09 12:00:00,20191209,20.0,1,2019-12-16 21:20:27,20191216.0
BON00004986,U0003021,3,2025-03-07 23:00:00,20250307,500.0,0,,
BON00004987,U0002093,3,2021-04-30 06:00:00,20210430,500.0,1,2021-05-04 16:21:09,20210504.0
BON00004988,U0002264,2,2024-12-29 04:00:00,20241229,1000.0,1,2024-12-29 18:07:01,20241229.0
BON00004989,U0003606,4,2021-05-25 01:00:00,20210525,500.0,1,2021-05-27 09:24:54,20210527.0
BON00004990,U0000277,1,2024-04-10 22:00:00,20240410,50.0,1,2024-04-17 15:49:28,20240417.0
BON00004991,U0001784,3,2019-03-10 11:00:00,20190310,500.0,0,,
BON00004992,U0002076,4,2024-04-01 23:00:00,20240401,500.0,1,2024-04-03 20:12:58,20240403.0
BON00004993,U0002688,1,2025-04-07 01:00:00,20250407,20.0,0,,
BON00004994,U0001090,3,2021-03-28 05:00:00,20210328,500.0,1,2021-03-30 07:57:45,20210330.0
BON00004995,U0003889,2,2021-08-14 21:00:00,20210814,500.0,0,,
BON00004996,U0000096,1,2025-01-29 17:00:00,20250129,200.0,0,,
BON00004997,U0000828,1,2022-07-06 22:00:00,20220706,100.0,1,2022-07-16 04:30:03,20220716.0
BON00004998,U0003676,5,2024-05-30 23:00:00,20240530,5000.0,1,2024-06-02 06:22:33,20240602.0
BON00004999,U0000650,2,2025-10-28 11:00:00,20251028,500.0,0,,
BON00005000,U0000342,2,2025-12-29 17:00:00,20251229,1000.0,0,,
BON00005001,U0001591,1,2020-03-08 21:00:00,20200308,50.0,1,2020-03-13 08:57:00,20200313.0
BON00005002,U0000705,5,2024-05-22 23:00:00,20240522,10000.0,0,,
BON00005003,U0001662,1,2022-06-22 08:00:00,20220622,100.0,1,2022-07-05 06:57:51,20220705.0
BON00005004,U0003065,1,2024-03-01 18:00:00,20240301,50.0,1,2024-03-30 02:36:20,20240330.0
BON00005005,U0003782,1,2020-12-31 14:00:00,20201231,50.0,0,,
BON00005006,U0003756,5,2023-05-10 01:00:00,20230510,5000.0,1,2023-05-19 17:33:11,20230519.0
BON00005007,U0002902,2,2022-06-06 12:00:00,20220606,1000.0,1,2022-06-11 22:28:54,20220611.0
BON00005008,U0002554,5,2022-09-08 21:00:00,20220908,20000.0,0,,
BON00005009,U0000775,1,2022-06-17 21:00:00,20220617,50.0,0,,
BON00005010,U0000795,2,2022-08-09 07:00:00,20220809,1000.0,1,2022-08-09 22:33:34,20220809.0
BON00005011,U0003316,2,2025-06-21 12:00:00,20250621,2000.0,1,2025-07-21 12:00:00,20250721.0
BON00005012,U0001383,4,2021-06-06 05:00:00,20210606,3000.0,1,2021-06-12 04:35:55,20210612.0
BON00005013,U0001458,1,2020-06-09 20:00:00,20200609,200.0,0,,
BON00005014,U0001391,2,2023-02-20 18:00:00,20230220,2000.0,1,2023-02-25 12:31:58,20230225.0
BON00005015,U0002172,1,2024-08-15 05:00:00,20240815,20.0,0,,
BON00005016,U0000677,1,2023-09-18 14:00:00,20230918,100.0,1,2023-09-23 08:57:21,20230923.0
BON00005017,U0002704,1,2022-08-20 12:00:00,20220820,100.0,0,,
BON00005018,U0003818,4,2024-06-02 04:00:00,20240602,1000.0,1,2024-06-14 20:27:56,20240614.0
BON00005019,U0002623,1,2022-07-14 13:00:00,20220714,100.0,0,,
BON00005020,U0003083,1,2019-04-16 14:00:00,20190416,20.0,1,2019-04-24 22:41:24,20190424.0
BON00005021,U0002683,5,2021-07-27 14:00:00,20210727,5000.0,1,2021-08-05 09:53:30,20210805.0
BON00005022,U0000709,5,2024-01-28 01:00:00,20240128,5000.0,1,2024-02-20 17:27:01,20240220.0
BON00005023,U0003344,5,2024-10-06 14:00:00,20241006,2000.0,1,2024-10-19 18:20:09,20241019.0
BON00005024,U0000486,2,2023-04-02 03:00:00,20230402,2000.0,0,,
BON00005025,U0002983,2,2024-01-10 14:00:00,20240110,10000.0,1,2024-01-21 02:58:06,20240121.0
BON00005026,U0001858,2,2024-10-10 13:00:00,20241010,5000.0,1,2024-10-11 06:09:12,20241011.0
BON00005027,U0000536,5,2022-10-24 21:00:00,20221024,2000.0,0,,
BON00005028,U0003016,1,2022-04-27 13:00:00,20220427,100.0,1,2022-05-11 20:13:48,20220511.0
BON00005029,U0001064,4,2024-08-17 10:00:00,20240817,2000.0,1,2024-08-20 06:24:17,20240820.0
BON00005030,U0003678,1,2019-11-12 17:00:00,20191112,50.0,1,2019-11-27 20:41:18,20191127.0
BON00005031,U0003106,2,2023-04-01 23:00:00,20230401,2000.0,0,,
BON00005032,U0003543,3,2024-11-05 05:00:00,20241105,200.0,0,,
BON00005033,U0000883,4,2021-04-21 14:00:00,20210421,1000.0,1,2021-04-22 16:21:44,20210422.0
BON00005034,U0002006,1,2020-11-13 05:00:00,20201113,200.0,1,2020-11-20 02:55:59,20201120.0
BON00005035,U0001733,3,2022-02-06 20:00:00,20220206,200.0,1,2022-02-11 07:38:49,20220211.0
BON00005036,U0002110,4,2025-12-11 02:00:00,20251211,2000.0,1,2025-12-14 01:31:55,20251214.0
BON00005037,U0003440,2,2021-02-13 12:00:00,20210213,500.0,1,2021-03-09 16:09:31,20210309.0
BON00005038,U0001574,1,2021-09-04 04:00:00,20210904,50.0,1,2021-09-17 07:06:25,20210917.0
BON00005039,U0003733,2,2025-02-19 10:00:00,20250219,2000.0,1,2025-02-23 00:58:18,20250223.0
BON00005040,U0000820,5,2024-09-03 17:00:00,20240903,5000.0,1,2024-09-10 19:13:22,20240910.0
BON00005041,U0003405,2,2024-01-15 11:00:00,20240115,10000.0,1,2024-01-17 05:40:21,20240117.0
BON00005042,U0001824,1,2020-09-06 13:00:00,20200906,20.0,1,2020-09-08 01:36:48,20200908.0
BON00005043,U0002955,3,2020-07-26 10:00:00,20200726,500.0,0,,
BON00005044,U0002861,2,2023-05-15 06:00:00,20230515,2000.0,1,2023-05-19 04:29:57,20230519.0
BON00005045,U0000015,2,2021-03-11 20:00:00,20210311,1000.0,1,2021-03-20 07:55:54,20210320.0
BON00005046,U0002917,2,2023-12-20 06:00:00,20231220,10000.0,0,,
BON00005047,U0000611,4,2024-01-20 22:00:00,20240120,500.0,1,2024-02-01 18:28:22,20240201.0
BON00005048,U0003817,1,2019-01-17 22:00:00,20190117,50.0,1,2019-02-02 06:08:06,20190202.0
BON00005049,U0001207,4,2023-01-24 14:00:00,20230124,3000.0,0,,
BON00005050,U0003956,1,2023-06-13 07:00:00,20230613,50.0,1,2023-06-16 08:51:53,20230616.0
BON00005051,U0002250,3,2022-04-27 19:00:00,20220427,1000.0,1,2022-04-30 23:36:33,20220430.0
BON00005052,U0001269,1,2025-12-11 00:00:00,20251211,20.0,1,2025-12-17 19:55:43,20251217.0
BON00005053,U0002308,2,2021-09-03 10:00:00,20210903,2000.0,0,,
BON00005054,U0002148,3,2022-11-24 16:00:00,20221124,1000.0,1,2022-12-24 16:00:00,20221224.0
BON00005055,U0002806,3,2019-08-03 23:00:00,20190803,200.0,1,2019-08-06 10:54:18,20190806.0
BON00005056,U0000194,2,2020-12-22 23:00:00,20201222,500.0,1,2020-12-26 15:35:56,20201226.0
BON00005057,U0000495,1,2023-11-28 19:00:00,20231128,100.0,1,2023-12-13 01:06:03,20231213.0
BON00005058,U0002383,3,2022-02-23 11:00:00,20220223,500.0,1,2022-02-26 17:57:30,20220226.0
BON00005059,U0001666,3,2020-09-16 02:00:00,20200916,2000.0,0,,
BON00005060,U0003065,1,2019-03-12 21:00:00,20190312,100.0,1,2019-03-16 06:55:28,20190316.0
BON00005061,U0003942,5,2023-10-18 07:00:00,20231018,10000.0,1,2023-10-30 22:25:22,20231030.0
BON00005062,U0001066,3,2024-09-12 02:00:00,20240912,2000.0,1,2024-09-23 08:41:06,20240923.0
BON00005063,U0003341,2,2024-09-15 14:00:00,20240915,500.0,0,,
BON00005064,U0003385,1,2025-12-17 06:00:00,20251217,100.0,1,2025-12-26 09:04:05,20251226.0
BON00005065,U0002125,5,2025-01-13 21:00:00,20250113,20000.0,1,2025-01-23 00:40:12,20250123.0
BON00005066,U0002215,1,2020-03-24 09:00:00,20200324,50.0,0,,
BON00005067,U0003520,2,2023-08-03 23:00:00,20230803,5000.0,1,2023-08-07 09:43:00,20230807.0
BON00005068,U0001252,3,2024-02-25 20:00:00,20240225,200.0,1,2024-03-04 22:16:01,20240304.0
BON00005069,U0003449,1,2025-08-16 10:00:00,20250816,200.0,1,2025-08-19 04:46:30,20250819.0
BON00005070,U0003576,2,2020-06-02 04:00:00,20200602,500.0,1,2020-06-06 04:21:59,20200606.0
BON00005071,U0002693,1,2025-05-22 15:00:00,20250522,100.0,0,,
BON00005072,U0000760,1,2023-08-18 16:00:00,20230818,100.0,1,2023-09-02 01:17:15,20230902.0
BON00005073,U0000437,4,2019-01-05 18:00:00,20190105,500.0,1,2019-01-16 18:45:32,20190116.0
BON00005074,U0001926,1,2022-07-10 18:00:00,20220710,200.0,1,2022-07-19 02:23:18,20220719.0
BON00005075,U0002419,5,2021-09-29 01:00:00,20210929,10000.0,0,,
BON00005076,U0001902,1,2025-11-05 12:00:00,20251105,200.0,1,2025-11-17 18:50:16,20251117.0
BON00005077,U0002444,3,2025-07-26 03:00:00,20250726,500.0,1,2025-08-05 12:32:49,20250805.0
BON00005078,U0003526,1,2020-09-18 09:00:00,20200918,200.0,1,2020-09-22 12:52:20,20200922.0
BON00005079,U0000206,2,2025-08-26 04:00:00,20250826,2000.0,1,2025-09-15 14:14:20,20250915.0
BON00005080,U0000867,1,2025-03-01 13:00:00,20250301,100.0,0,,
BON00005081,U0000233,3,2023-08-15 20:00:00,20230815,1000.0,1,2023-08-19 18:30:16,20230819.0
BON00005082,U0002742,2,2022-07-29 03:00:00,20220729,5000.0,1,2022-08-07 12:30:21,20220807.0
BON00005083,U0003840,4,2021-03-12 04:00:00,20210312,2000.0,1,2021-03-13 19:22:36,20210313.0
BON00005084,U0001982,1,2020-04-12 09:00:00,20200412,20.0,0,,
BON00005085,U0001500,3,2019-03-08 23:00:00,20190308,200.0,0,,
BON00005086,U0001807,2,2019-12-17 05:00:00,20191217,2000.0,1,2020-01-01 04:34:24,20200101.0
BON00005087,U0000986,1,2024-07-19 16:00:00,20240719,200.0,1,2024-07-25 12:23:08,20240725.0
BON00005088,U0003592,5,2021-06-13 17:00:00,20210613,20000.0,1,2021-06-16 03:50:16,20210616.0
BON00005089,U0003569,4,2020-03-29 10:00:00,20200329,3000.0,1,2020-04-09 15:40:51,20200409.0
BON00005090,U0002011,1,2023-02-07 08:00:00,20230207,20.0,1,2023-02-08 08:11:12,20230208.0
BON00005091,U0001206,3,2025-05-10 10:00:00,20250510,1000.0,1,2025-05-11 11:13:27,20250511.0
BON00005092,U0003284,1,2025-06-24 22:00:00,20250624,100.0,1,2025-07-09 03:34:41,20250709.0
BON00005093,U0002183,2,2019-02-27 21:00:00,20190227,1000.0,1,2019-02-28 17:32:05,20190228.0
BON00005094,U0003938,1,2023-04-18 17:00:00,20230418,20.0,0,,
BON00005095,U0002382,1,2022-03-23 10:00:00,20220323,20.0,1,2022-03-25 08:09:06,20220325.0
BON00005096,U0002957,2,2020-01-17 23:00:00,20200117,1000.0,1,2020-01-26 07:11:58,20200126.0
BON00005097,U0002627,1,2024-07-26 22:00:00,20240726,100.0,1,2024-07-27 11:39:54,20240727.0
BON00005098,U0002815,3,2025-01-14 04:00:00,20250114,2000.0,0,,
BON00005099,U0002966,5,2024-12-12 21:00:00,20241212,10000.0,1,2024-12-16 01:22:06,20241216.0
BON00005100,U0001930,4,2023-04-30 17:00:00,20230430,3000.0,1,2023-05-01 05:12:30,20230501.0
BON00005101,U0001567,4,2021-11-06 14:00:00,20211106,2000.0,1,2021-11-25 02:30:39,20211125.0
BON00005102,U0000727,1,2022-11-05 00:00:00,20221105,50.0,1,2022-11-05 15:10:59,20221105.0
BON00005103,U0001949,4,2025-01-17 13:00:00,20250117,500.0,0,,
BON00005104,U0002363,1,2019-03-26 19:00:00,20190326,200.0,1,2019-04-07 09:22:29,20190407.0
BON00005105,U0003747,1,2022-12-06 09:00:00,20221206,100.0,0,,
BON00005106,U0002826,1,2021-03-11 19:00:00,20210311,20.0,1,2021-03-14 20:35:22,20210314.0
BON00005107,U0001293,2,2021-06-24 23:00:00,20210624,2000.0,1,2021-07-17 02:45:04,20210717.0
BON00005108,U0001895,4,2023-09-14 10:00:00,20230914,3000.0,1,2023-09-26 08:56:24,20230926.0
BON00005109,U0001400,2,2022-05-26 13:00:00,20220526,2000.0,1,2022-06-08 10:26:40,20220608.0
BON00005110,U0003626,2,2025-07-27 19:00:00,20250727,500.0,1,2025-08-01 03:07:32,20250801.0
BON00005111,U0003377,1,2019-12-18 08:00:00,20191218,20.0,1,2019-12-18 18:07:04,20191218.0
BON00005112,U0003555,1,2021-03-11 03:00:00,20210311,100.0,1,2021-03-17 23:03:10,20210317.0
BON00005113,U0003892,1,2025-01-17 06:00:00,20250117,50.0,1,2025-01-18 17:04:44,20250118.0
BON00005114,U0000925,1,2020-02-07 17:00:00,20200207,200.0,1,2020-02-12 09:36:06,20200212.0
BON00005115,U0000514,1,2025-07-29 07:00:00,20250729,100.0,0,,
BON00005116,U0000942,3,2023-04-21 13:00:00,20230421,2000.0,0,,
BON00005117,U0003930,4,2023-08-12 05:00:00,20230812,1000.0,0,,
BON00005118,U0002747,1,2025-08-27 06:00:00,20250827,20.0,1,2025-09-01 16:54:19,20250901.0
BON00005119,U0000299,5,2021-09-20 02:00:00,20210920,10000.0,1,2021-10-01 20:02:21,20211001.0
BON00005120,U0001529,5,2020-04-04 07:00:00,20200404,2000.0,0,,
BON00005121,U0000808,4,2025-11-15 06:00:00,20251115,500.0,1,2025-11-15 22:36:50,20251115.0
BON00005122,U0000839,2,2021-06-22 12:00:00,20210622,5000.0,1,2021-06-28 06:08:36,20210628.0
BON00005123,U0001989,1,2020-12-21 04:00:00,20201221,200.0,0,,
BON00005124,U0000154,5,2023-05-26 05:00:00,20230526,5000.0,1,2023-05-29 08:07:01,20230529.0
BON00005125,U0003200,1,2020-10-15 09:00:00,20201015,20.0,1,2020-10-31 06:49:57,20201031.0
BON00005126,U0002364,1,2019-09-17 11:00:00,20190917,200.0,0,,
BON00005127,U0003113,1,2024-05-31 10:00:00,20240531,20.0,1,2024-06-05 21:56:30,20240605.0
BON00005128,U0001945,2,2024-07-02 15:00:00,20240702,1000.0,0,,
BON00005129,U0001120,2,2025-09-27 10:00:00,20250927,10000.0,1,2025-10-01 23:49:04,20251001.0
BON00005130,U0003422,2,2023-03-05 21:00:00,20230305,1000.0,0,,
BON00005131,U0002848,1,2020-02-04 02:00:00,20200204,50.0,1,2020-02-08 21:42:12,20200208.0
BON00005132,U0002291,3,2023-02-12 13:00:00,20230212,1000.0,1,2023-02-27 06:41:30,20230227.0
BON00005133,U0001359,2,2023-01-14 16:00:00,20230114,5000.0,1,2023-01-23 05:33:58,20230123.0
BON00005134,U0003112,2,2019-03-13 19:00:00,20190313,5000.0,1,2019-03-14 01:10:09,20190314.0
BON00005135,U0002816,1,2022-12-08 09:00:00,20221208,20.0,1,2022-12-09 11:44:21,20221209.0
BON00005136,U0001170,3,2020-07-03 09:00:00,20200703,2000.0,1,2020-07-11 04:55:38,20200711.0
BON00005137,U0000002,2,2024-06-21 20:00:00,20240621,500.0,0,,
BON00005138,U0002848,1,2023-10-08 15:00:00,20231008,200.0,1,2023-10-09 05:44:10,20231009.0
BON00005139,U0003562,1,2021-05-16 02:00:00,20210516,100.0,1,2021-05-21 21:25:53,20210521.0
BON00005140,U0001071,4,2021-10-13 19:00:00,20211013,1000.0,1,2021-10-15 01:29:17,20211015.0
BON00005141,U0003018,1,2025-11-19 00:00:00,20251119,50.0,1,2025-11-19 03:07:27,20251119.0
BON00005142,U0000125,4,2021-03-23 14:00:00,20210323,3000.0,1,2021-04-02 14:34:41,20210402.0
BON00005143,U0003104,1,2025-10-23 20:00:00,20251023,50.0,0,,
BON00005144,U0001711,4,2020-08-30 17:00:00,20200830,500.0,1,2020-09-06 13:40:01,20200906.0
BON00005145,U0003617,1,2020-12-24 21:00:00,20201224,100.0,0,,
BON00005146,U0003268,4,2020-07-05 09:00:00,20200705,3000.0,1,2020-07-14 07:00:38,20200714.0
BON00005147,U0002394,2,2023-05-14 05:00:00,20230514,1000.0,0,,
BON00005148,U0002113,1,2024-10-19 00:00:00,20241019,200.0,1,2024-10-21 06:41:16,20241021.0
BON00005149,U0003680,3,2024-01-05 10:00:00,20240105,2000.0,1,2024-01-06 00:42:50,20240106.0
BON00005150,U0003999,2,2019-01-04 03:00:00,20190104,1000.0,1,2019-01-04 14:33:15,20190104.0
BON00005151,U0000751,1,2024-08-23 20:00:00,20240823,20.0,1,2024-08-24 06:41:34,20240824.0
BON00005152,U0003992,1,2025-09-19 17:00:00,20250919,50.0,1,2025-09-23 01:28:33,20250923.0
BON00005153,U0000275,1,2024-03-21 19:00:00,20240321,100.0,1,2024-03-29 12:30:21,20240329.0
BON00005154,U0002367,2,2025-11-08 14:00:00,20251108,10000.0,1,2025-11-10 11:02:51,20251110.0
BON00005155,U0002571,3,2019-11-02 15:00:00,20191102,500.0,1,2019-11-07 14:21:11,20191107.0
BON00005156,U0003286,1,2020-08-20 09:00:00,20200820,20.0,0,,
BON00005157,U0002293,2,2024-09-18 14:00:00,20240918,5000.0,1,2024-09-29 10:43:01,20240929.0
BON00005158,U0003377,3,2024-02-02 11:00:00,20240202,200.0,1,2024-02-10 17:25:51,20240210.0
BON00005159,U0003863,1,2024-12-17 08:00:00,20241217,20.0,1,2024-12-18 05:23:31,20241218.0
BON00005160,U0002167,2,2020-02-19 08:00:00,20200219,5000.0,1,2020-02-21 07:02:40,20200221.0
BON00005161,U0000143,3,2025-09-18 11:00:00,20250918,500.0,0,,
BON00005162,U0003060,1,2023-05-12 09:00:00,20230512,100.0,0,,
BON00005163,U0000245,1,2022-08-11 11:00:00,20220811,20.0,0,,
BON00005164,U0000236,3,2019-01-08 01:00:00,20190108,1000.0,0,,
BON00005165,U0002136,4,2023-06-02 13:00:00,20230602,2000.0,1,2023-06-04 12:38:46,20230604.0
BON00005166,U0002899,1,2019-11-15 01:00:00,20191115,100.0,1,2019-11-16 20:15:14,20191116.0
BON00005167,U0003901,4,2019-12-31 14:00:00,20191231,3000.0,0,,
BON00005168,U0003679,1,2022-12-25 02:00:00,20221225,200.0,1,2022-12-27 10:17:35,20221227.0
BON00005169,U0001740,3,2019-06-13 01:00:00,20190613,1000.0,1,2019-06-15 13:46:28,20190615.0
BON00005170,U0001425,3,2021-01-05 22:00:00,20210105,500.0,1,2021-01-20 04:13:43,20210120.0
BON00005171,U0000027,1,2023-04-13 16:00:00,20230413,50.0,1,2023-04-16 04:32:56,20230416.0
BON00005172,U0000026,1,2020-11-11 01:00:00,20201111,200.0,1,2020-11-12 20:40:54,20201112.0
BON00005173,U0002018,1,2021-04-26 18:00:00,20210426,200.0,1,2021-05-02 16:45:26,20210502.0
BON00005174,U0003038,2,2024-05-01 14:00:00,20240501,1000.0,0,,
BON00005175,U0001118,4,2020-08-28 01:00:00,20200828,3000.0,0,,
BON00005176,U0002194,3,2022-05-03 21:00:00,20220503,200.0,1,2022-05-13 02:23:19,20220513.0
BON00005177,U0002629,2,2020-08-06 14:00:00,20200806,2000.0,1,2020-08-16 08:52:22,20200816.0
BON00005178,U0002560,4,2024-11-04 06:00:00,20241104,3000.0,1,2024-11-11 15:21:44,20241111.0
BON00005179,U0002661,3,2022-09-02 08:00:00,20220902,2000.0,1,2022-09-02 19:38:48,20220902.0
BON00005180,U0000473,5,2023-06-10 20:00:00,20230610,2000.0,0,,
BON00005181,U0003911,5,2024-01-14 11:00:00,20240114,5000.0,1,2024-01-20 18:32:33,20240120.0
BON00005182,U0003096,3,2020-06-24 22:00:00,20200624,2000.0,0,,
BON00005183,U0000873,4,2020-03-13 14:00:00,20200313,500.0,0,,
BON00005184,U0001982,1,2023-11-06 17:00:00,20231106,100.0,1,2023-11-08 07:06:35,20231108.0
BON00005185,U0003873,1,2025-09-15 19:00:00,20250915,100.0,1,2025-09-16 11:24:42,20250916.0
BON00005186,U0003291,5,2023-12-16 21:00:00,20231216,20000.0,1,2023-12-24 02:47:49,20231224.0
BON00005187,U0001181,2,2020-08-27 21:00:00,20200827,1000.0,1,2020-09-06 13:10:18,20200906.0
BON00005188,U0003068,1,2025-11-03 08:00:00,20251103,200.0,1,2025-11-30 22:08:51,20251130.0
BON00005189,U0001818,2,2019-02-15 15:00:00,20190215,2000.0,1,2019-03-01 01:20:14,20190301.0
BON00005190,U0000498,2,2022-07-20 12:00:00,20220720,10000.0,0,,
BON00005191,U0002926,1,2022-02-14 15:00:00,20220214,100.0,1,2022-02-27 18:25:26,20220227.0
BON00005192,U0003474,5,2020-09-05 10:00:00,20200905,2000.0,1,2020-09-06 00:07:41,20200906.0
BON00005193,U0002793,1,2019-12-11 11:00:00,20191211,200.0,1,2019-12-28 15:37:32,20191228.0
BON00005194,U0000820,1,2021-09-01 01:00:00,20210901,200.0,1,2021-09-07 12:36:40,20210907.0
BON00005195,U0002982,1,2021-07-17 15:00:00,20210717,200.0,1,2021-07-21 10:09:06,20210721.0
BON00005196,U0000793,2,2023-07-30 09:00:00,20230730,2000.0,1,2023-08-08 19:52:19,20230808.0
BON00005197,U0001853,2,2020-01-26 09:00:00,20200126,10000.0,0,,
BON00005198,U0002870,4,2019-02-01 10:00:00,20190201,2000.0,1,2019-02-06 03:53:10,20190206.0
BON00005199,U0001348,5,2020-01-07 10:00:00,20200107,10000.0,0,,
BON00005200,U0002029,1,2025-12-25 17:00:00,20251225,100.0,0,,
BON00005201,U0000820,1,2022-04-04 18:00:00,20220404,100.0,1,2022-04-20 04:30:43,20220420.0
BON00005202,U0002053,2,2019-06-05 01:00:00,20190605,5000.0,0,,
BON00005203,U0001207,4,2023-06-11 19:00:00,20230611,2000.0,1,2023-06-18 23:08:13,20230618.0
BON00005204,U0000380,2,2024-05-10 18:00:00,20240510,2000.0,1,2024-05-13 05:01:06,20240513.0
BON00005205,U0002348,1,2025-12-27 12:00:00,20251227,100.0,1,2026-01-26 12:00:00,20260126.0
BON00005206,U0002340,3,2020-08-31 18:00:00,20200831,2000.0,1,2020-09-05 16:12:17,20200905.0
BON00005207,U0003265,2,2024-01-12 07:00:00,20240112,5000.0,0,,
BON00005208,U0002600,3,2019-11-01 04:00:00,20191101,200.0,1,2019-11-01 05:42:44,20191101.0
BON00005209,U0002330,3,2021-08-13 19:00:00,20210813,1000.0,0,,
BON00005210,U0002412,4,2023-11-05 15:00:00,20231105,3000.0,1,2023-11-07 12:47:52,20231107.0
BON00005211,U0001693,1,2024-06-18 00:00:00,20240618,20.0,1,2024-06-25 10:37:48,20240625.0
BON00005212,U0000198,1,2025-06-17 13:00:00,20250617,20.0,1,2025-06-23 12:53:00,20250623.0
BON00005213,U0001720,2,2019-09-25 20:00:00,20190925,2000.0,0,,
BON00005214,U0001666,1,2021-03-16 07:00:00,20210316,200.0,0,,
BON00005215,U0002590,3,2019-03-18 20:00:00,20190318,500.0,1,2019-03-19 20:34:15,20190319.0
BON00005216,U0000666,2,2020-05-28 14:00:00,20200528,5000.0,1,2020-05-29 13:07:25,20200529.0
BON00005217,U0000710,2,2019-09-13 17:00:00,20190913,5000.0,1,2019-10-01 16:15:21,20191001.0
BON00005218,U0003527,2,2019-10-20 21:00:00,20191020,500.0,0,,
BON00005219,U0002587,3,2020-04-01 13:00:00,20200401,2000.0,1,2020-04-06 21:17:41,20200406.0
BON00005220,U0000096,3,2020-10-31 09:00:00,20201031,2000.0,1,2020-11-09 19:02:31,20201109.0
BON00005221,U0002514,1,2022-08-03 22:00:00,20220803,50.0,0,,
BON00005222,U0003519,2,2024-11-12 20:00:00,20241112,2000.0,0,,
BON00005223,U0000184,1,2023-01-29 06:00:00,20230129,100.0,1,2023-02-09 08:42:33,20230209.0
BON00005224,U0001112,1,2021-10-29 22:00:00,20211029,100.0,1,2021-10-31 10:37:26,20211031.0
BON00005225,U0002271,1,2025-11-02 08:00:00,20251102,50.0,1,2025-11-10 09:35:46,20251110.0
BON00005226,U0002914,3,2025-05-29 00:00:00,20250529,1000.0,1,2025-06-07 12:18:52,20250607.0
BON00005227,U0001931,1,2019-04-19 18:00:00,20190419,50.0,1,2019-04-21 15:02:19,20190421.0
BON00005228,U0000233,1,2021-12-13 04:00:00,20211213,200.0,1,2022-01-07 13:28:12,20220107.0
BON00005229,U0003555,4,2024-05-05 16:00:00,20240505,2000.0,1,2024-05-08 00:12:11,20240508.0
BON00005230,U0002710,5,2021-01-17 15:00:00,20210117,10000.0,1,2021-01-23 04:40:25,20210123.0
BON00005231,U0000947,1,2024-11-07 09:00:00,20241107,200.0,1,2024-12-05 04:53:41,20241205.0
BON00005232,U0003339,2,2022-02-02 23:00:00,20220202,500.0,1,2022-02-04 20:35:50,20220204.0
BON00005233,U0002029,5,2021-10-31 02:00:00,20211031,5000.0,0,,
BON00005234,U0003728,2,2025-03-09 21:00:00,20250309,1000.0,0,,
BON00005235,U0000846,1,2024-05-29 10:00:00,20240529,200.0,1,2024-06-03 18:08:38,20240603.0
BON00005236,U0002031,1,2019-09-10 07:00:00,20190910,100.0,1,2019-09-11 12:28:32,20190911.0
BON00005237,U0003477,4,2024-01-30 02:00:00,20240130,1000.0,1,2024-01-31 21:23:42,20240131.0
BON00005238,U0001996,1,2024-05-09 22:00:00,20240509,100.0,1,2024-05-20 12:53:21,20240520.0
BON00005239,U0001488,3,2024-11-10 22:00:00,20241110,2000.0,1,2024-11-18 12:40:27,20241118.0
BON00005240,U0003500,3,2021-04-20 01:00:00,20210420,1000.0,1,2021-05-07 14:36:15,20210507.0
BON00005241,U0000296,2,2021-10-30 04:00:00,20211030,1000.0,0,,
BON00005242,U0000830,5,2019-01-04 01:00:00,20190104,10000.0,0,,
BON00005243,U0000332,1,2022-02-09 20:00:00,20220209,100.0,0,,
BON00005244,U0003596,2,2019-04-02 00:00:00,20190402,5000.0,1,2019-04-05 06:27:46,20190405.0
BON00005245,U0003241,4,2023-01-19 00:00:00,20230119,2000.0,1,2023-01-22 10:21:55,20230122.0
BON00005246,U0002491,2,2023-08-28 15:00:00,20230828,5000.0,1,2023-08-29 03:55:14,20230829.0
BON00005247,U0002086,4,2021-04-22 18:00:00,20210422,1000.0,1,2021-04-29 07:24:03,20210429.0
BON00005248,U0001765,3,2024-07-28 03:00:00,20240728,200.0,1,2024-08-05 05:36:41,20240805.0
BON00005249,U0002737,5,2025-12-29 10:00:00,20251229,2000.0,1,2026-01-01 13:21:00,20260101.0
BON00005250,U0001858,2,2019-04-01 19:00:00,20190401,5000.0,0,,
BON00005251,U0002582,2,2025-04-25 10:00:00,20250425,500.0,1,2025-04-30 18:13:43,20250430.0
BON00005252,U0001747,2,2021-09-20 11:00:00,20210920,1000.0,1,2021-10-20 11:00:00,20211020.0
BON00005253,U0001974,4,2020-10-23 09:00:00,20201023,2000.0,1,2020-10-30 14:32:17,20201030.0
BON00005254,U0000925,1,2025-09-29 12:00:00,20250929,50.0,1,2025-10-07 04:11:54,20251007.0
BON00005255,U0000851,4,2021-11-24 22:00:00,20211124,500.0,1,2021-11-27 06:10:23,20211127.0
BON00005256,U0002678,3,2022-08-18 00:00:00,20220818,2000.0,1,2022-08-20 02:11:59,20220820.0
BON00005257,U0001594,3,2022-05-27 12:00:00,20220527,500.0,1,2022-05-30 08:32:52,20220530.0
BON00005258,U0002113,2,2024-05-29 08:00:00,20240529,500.0,1,2024-06-11 09:04:32,20240611.0
BON00005259,U0001593,1,2024-07-06 12:00:00,20240706,100.0,1,2024-07-24 10:52:10,20240724.0
BON00005260,U0002771,3,2024-04-12 16:00:00,20240412,1000.0,1,2024-04-15 14:12:21,20240415.0
BON00005261,U0000338,1,2019-08-28 19:00:00,20190828,50.0,1,2019-09-12 21:17:57,20190912.0
BON00005262,U0001066,5,2023-09-25 11:00:00,20230925,20000.0,1,2023-09-25 14:12:14,20230925.0
BON00005263,U0000162,4,2020-05-08 12:00:00,20200508,2000.0,0,,
BON00005264,U0000989,3,2023-05-06 20:00:00,20230506,200.0,1,2023-05-20 13:14:45,20230520.0
BON00005265,U0002120,5,2019-08-25 04:00:00,20190825,2000.0,0,,
BON00005266,U0002915,2,2022-09-08 20:00:00,20220908,1000.0,0,,
BON00005267,U0002490,1,2021-10-20 19:00:00,20211020,50.0,1,2021-10-20 20:04:07,20211020.0
BON00005268,U0003593,2,2022-12-11 22:00:00,20221211,2000.0,1,2022-12-29 04:07:16,20221229.0
BON00005269,U0001158,3,2021-06-01 03:00:00,20210601,1000.0,1,2021-06-12 10:03:25,20210612.0
BON00005270,U0003090,2,2020-08-05 06:00:00,20200805,500.0,1,2020-08-27 22:25:30,20200827.0
BON00005271,U0001723,4,2019-01-06 09:00:00,20190106,2000.0,1,2019-01-06 18:48:24,20190106.0
BON00005272,U0001609,1,2020-03-03 09:00:00,20200303,20.0,1,2020-03-07 11:01:33,20200307.0
BON00005273,U0002481,2,2020-12-31 11:00:00,20201231,1000.0,1,2020-12-31 13:06:51,20201231.0
BON00005274,U0001272,3,2020-08-14 03:00:00,20200814,1000.0,1,2020-08-24 15:59:23,20200824.0
BON00005275,U0001171,1,2023-06-23 14:00:00,20230623,50.0,1,2023-06-28 16:16:07,20230628.0
BON00005276,U0000577,4,2019-02-19 20:00:00,20190219,2000.0,1,2019-02-25 10:30:05,20190225.0
BON00005277,U0003965,1,2019-08-09 06:00:00,20190809,100.0,1,2019-08-13 22:52:21,20190813.0
BON00005278,U0002081,2,2020-06-22 02:00:00,20200622,500.0,1,2020-06-22 21:47:24,20200622.0
BON00005279,U0002659,5,2019-10-01 00:00:00,20191001,20000.0,0,,
BON00005280,U0000324,1,2023-07-05 17:00:00,20230705,200.0,1,2023-07-07 02:47:57,20230707.0
BON00005281,U0002880,2,2020-01-31 15:00:00,20200131,5000.0,1,2020-02-13 12:09:25,20200213.0
BON00005282,U0001139,2,2021-05-25 09:00:00,20210525,500.0,1,2021-05-27 22:53:37,20210527.0
BON00005283,U0001781,2,2019-05-26 19:00:00,20190526,1000.0,0,,
BON00005284,U0001301,1,2022-03-21 10:00:00,20220321,50.0,1,2022-03-25 02:35:33,20220325.0
BON00005285,U0002870,2,2019-09-29 21:00:00,20190929,10000.0,0,,
BON00005286,U0001032,2,2023-01-15 12:00:00,20230115,500.0,1,2023-01-21 03:31:44,20230121.0
BON00005287,U0000104,1,2022-07-04 15:00:00,20220704,20.0,0,,
BON00005288,U0001764,2,2025-07-05 22:00:00,20250705,1000.0,0,,
BON00005289,U0001195,1,2024-11-03 20:00:00,20241103,200.0,0,,
BON00005290,U0003789,2,2021-01-25 23:00:00,20210125,1000.0,0,,
BON00005291,U0002734,2,2020-07-04 22:00:00,20200704,5000.0,1,2020-07-23 15:55:40,20200723.0
BON00005292,U0002009,1,2019-01-21 13:00:00,20190121,200.0,1,2019-02-04 03:07:24,20190204.0
BON00005293,U0003975,2,2023-09-05 11:00:00,20230905,1000.0,0,,
BON00005294,U0000154,1,2024-01-02 16:00:00,20240102,100.0,1,2024-01-11 22:47:24,20240111.0
BON00005295,U0001487,4,2025-04-29 08:00:00,20250429,1000.0,1,2025-05-09 16:42:25,20250509.0
BON00005296,U0000544,4,2020-01-06 06:00:00,20200106,2000.0,1,2020-01-08 23:51:39,20200108.0
BON00005297,U0003645,4,2020-04-05 11:00:00,20200405,500.0,1,2020-04-07 19:02:42,20200407.0
BON00005298,U0003437,2,2022-09-27 12:00:00,20220927,1000.0,1,2022-10-13 04:57:25,20221013.0
BON00005299,U0002826,3,2022-01-07 00:00:00,20220107,500.0,1,2022-01-11 15:10:07,20220111.0
BON00005300,U0003294,1,2020-03-17 19:00:00,20200317,50.0,1,2020-03-19 13:12:44,20200319.0
BON00005301,U0002026,2,2024-12-03 08:00:00,20241203,500.0,1,2024-12-09 21:26:00,20241209.0
BON00005302,U0000026,2,2019-06-17 06:00:00,20190617,1000.0,0,,
BON00005303,U0001914,1,2020-06-01 00:00:00,20200601,50.0,0,,
BON00005304,U0002179,2,2023-07-28 23:00:00,20230728,2000.0,1,2023-07-29 09:31:35,20230729.0
BON00005305,U0002861,4,2024-03-04 01:00:00,20240304,500.0,0,,
BON00005306,U0003238,2,2021-02-10 14:00:00,20210210,1000.0,1,2021-02-11 15:17:50,20210211.0
BON00005307,U0001937,2,2021-04-24 11:00:00,20210424,10000.0,1,2021-04-27 10:43:56,20210427.0
BON00005308,U0003194,1,2023-12-04 01:00:00,20231204,50.0,1,2023-12-07 10:20:52,20231207.0
BON00005309,U0002540,2,2019-01-06 12:00:00,20190106,1000.0,0,,
BON00005310,U0003634,3,2019-11-07 18:00:00,20191107,500.0,0,,
BON00005311,U0001630,2,2020-08-21 14:00:00,20200821,2000.0,0,,
BON00005312,U0002375,2,2023-08-29 13:00:00,20230829,2000.0,1,2023-08-31 12:11:02,20230831.0
BON00005313,U0003041,3,2019-02-10 16:00:00,20190210,200.0,1,2019-02-12 12:08:11,20190212.0
BON00005314,U0003964,3,2025-01-14 16:00:00,20250114,200.0,1,2025-01-17 05:38:10,20250117.0
BON00005315,U0000473,1,2022-06-04 17:00:00,20220604,50.0,1,2022-06-04 22:37:11,20220604.0
BON00005316,U0000421,2,2024-11-08 19:00:00,20241108,2000.0,1,2024-11-10 01:10:08,20241110.0
BON00005317,U0001486,1,2021-10-27 22:00:00,20211027,100.0,1,2021-10-29 15:17:34,20211029.0
BON00005318,U0003651,1,2025-04-23 16:00:00,20250423,50.0,0,,
BON00005319,U0000864,2,2019-09-08 13:00:00,20190908,1000.0,1,2019-09-14 17:16:55,20190914.0
BON00005320,U0002822,2,2020-06-02 16:00:00,20200602,1000.0,0,,
BON00005321,U0002554,2,2019-02-25 09:00:00,20190225,1000.0,1,2019-03-03 07:23:09,20190303.0
BON00005322,U0001408,2,2023-11-22 05:00:00,20231122,2000.0,1,2023-11-27 02:57:27,20231127.0
BON00005323,U0000463,4,2021-04-03 21:00:00,20210403,3000.0,1,2021-04-30 08:15:07,20210430.0
BON00005324,U0002475,2,2020-11-28 12:00:00,20201128,5000.0,0,,
BON00005325,U0002170,1,2020-03-20 06:00:00,20200320,200.0,1,2020-04-04 13:02:55,20200404.0
BON00005326,U0003462,3,2020-08-05 23:00:00,20200805,500.0,0,,
BON00005327,U0003837,2,2025-10-07 15:00:00,20251007,5000.0,0,,
BON00005328,U0000253,3,2020-03-01 10:00:00,20200301,500.0,1,2020-03-07 09:11:42,20200307.0
BON00005329,U0003392,1,2020-03-29 07:00:00,20200329,100.0,0,,
BON00005330,U0002771,2,2023-09-22 07:00:00,20230922,1000.0,0,,
BON00005331,U0002172,4,2022-12-26 06:00:00,20221226,2000.0,0,,
BON00005332,U0001082,2,2021-10-08 02:00:00,20211008,2000.0,1,2021-10-08 07:00:38,20211008.0
BON00005333,U0003476,2,2023-06-26 09:00:00,20230626,10000.0,1,2023-06-26 11:23:23,20230626.0
BON00005334,U0003948,1,2020-10-16 20:00:00,20201016,50.0,1,2020-10-21 03:16:13,20201021.0
BON00005335,U0002660,1,2022-12-31 13:00:00,20221231,50.0,0,,
BON00005336,U0000834,1,2019-08-25 11:00:00,20190825,200.0,1,2019-09-09 08:27:10,20190909.0
BON00005337,U0002361,1,2022-12-08 04:00:00,20221208,50.0,0,,
BON00005338,U0003999,2,2025-04-15 03:00:00,20250415,10000.0,1,2025-04-26 23:39:55,20250426.0
BON00005339,U0003254,2,2025-07-14 21:00:00,20250714,10000.0,1,2025-07-20 01:26:07,20250720.0
BON00005340,U0003290,3,2021-06-03 23:00:00,20210603,1000.0,0,,
BON00005341,U0001317,1,2019-03-24 03:00:00,20190324,20.0,1,2019-03-25 20:28:56,20190325.0
BON00005342,U0000091,2,2023-06-30 18:00:00,20230630,2000.0,0,,
BON00005343,U0000163,4,2021-08-28 18:00:00,20210828,3000.0,0,,
BON00005344,U0001444,4,2024-10-06 03:00:00,20241006,2000.0,1,2024-10-20 20:57:56,20241020.0
BON00005345,U0000939,2,2020-10-05 21:00:00,20201005,10000.0,1,2020-10-06 04:12:45,20201006.0
BON00005346,U0002246,4,2019-09-03 21:00:00,20190903,1000.0,1,2019-09-08 22:44:32,20190908.0
BON00005347,U0003444,2,2025-02-26 23:00:00,20250226,5000.0,1,2025-03-03 12:52:09,20250303.0
BON00005348,U0002354,2,2023-05-05 08:00:00,20230505,1000.0,1,2023-05-12 21:20:26,20230512.0
BON00005349,U0002479,5,2022-10-10 16:00:00,20221010,2000.0,1,2022-10-12 18:03:30,20221012.0
BON00005350,U0000664,2,2023-02-24 03:00:00,20230224,500.0,1,2023-02-26 05:44:28,20230226.0
BON00005351,U0000499,2,2025-01-02 03:00:00,20250102,5000.0,1,2025-01-16 04:15:05,20250116.0
BON00005352,U0002357,1,2019-07-08 04:00:00,20190708,200.0,0,,
BON00005353,U0002332,5,2025-11-26 15:00:00,20251126,2000.0,1,2025-11-26 22:06:33,20251126.0
BON00005354,U0001012,5,2024-07-08 11:00:00,20240708,5000.0,1,2024-07-11 02:06:06,20240711.0
BON00005355,U0003619,2,2022-12-01 10:00:00,20221201,500.0,1,2022-12-12 21:09:40,20221212.0
BON00005356,U0000720,2,2020-11-17 00:00:00,20201117,5000.0,1,2020-11-18 23:12:10,20201118.0
BON00005357,U0000663,5,2020-08-03 14:00:00,20200803,5000.0,1,2020-08-08 10:01:43,20200808.0
BON00005358,U0002841,1,2021-03-15 02:00:00,20210315,200.0,0,,
BON00005359,U0001447,2,2020-01-22 14:00:00,20200122,5000.0,1,2020-02-17 12:09:29,20200217.0
BON00005360,U0003317,5,2019-04-05 21:00:00,20190405,20000.0,0,,
BON00005361,U0000820,2,2025-10-08 22:00:00,20251008,500.0,1,2025-10-11 11:34:35,20251011.0
BON00005362,U0001515,2,2021-11-26 20:00:00,20211126,1000.0,1,2021-12-04 03:03:10,20211204.0
BON00005363,U0001400,3,2019-03-08 19:00:00,20190308,200.0,1,2019-03-14 15:09:00,20190314.0
BON00005364,U0003284,2,2022-03-09 13:00:00,20220309,5000.0,0,,
BON00005365,U0000899,2,2023-05-21 10:00:00,20230521,5000.0,1,2023-05-29 02:31:33,20230529.0
BON00005366,U0002782,1,2019-05-19 13:00:00,20190519,20.0,1,2019-05-24 11:56:40,20190524.0
BON00005367,U0002738,4,2023-07-29 04:00:00,20230729,3000.0,1,2023-07-31 02:28:30,20230731.0
BON00005368,U0002850,1,2025-07-07 05:00:00,20250707,20.0,1,2025-07-07 20:58:00,20250707.0
BON00005369,U0001829,1,2022-12-17 00:00:00,20221217,100.0,0,,
BON00005370,U0000102,1,2021-02-21 12:00:00,20210221,200.0,0,,
BON00005371,U0003927,2,2024-07-22 03:00:00,20240722,500.0,1,2024-07-28 16:07:54,20240728.0
BON00005372,U0001429,1,2019-01-04 13:00:00,20190104,100.0,1,2019-01-09 08:19:24,20190109.0
BON00005373,U0003954,4,2024-06-24 09:00:00,20240624,500.0,1,2024-07-03 16:44:42,20240703.0
BON00005374,U0000708,4,2022-07-09 07:00:00,20220709,2000.0,0,,
BON00005375,U0003939,2,2020-08-01 17:00:00,20200801,2000.0,0,,
BON00005376,U0001735,4,2025-03-19 00:00:00,20250319,3000.0,1,2025-03-23 03:21:01,20250323.0
BON00005377,U0000136,3,2023-11-09 03:00:00,20231109,2000.0,1,2023-11-11 11:55:46,20231111.0
BON00005378,U0001455,1,2020-09-30 17:00:00,20200930,100.0,0,,
BON00005379,U0002847,3,2025-04-08 16:00:00,20250408,500.0,1,2025-04-21 15:12:12,20250421.0
BON00005380,U0001505,4,2019-12-29 03:00:00,20191229,3000.0,1,2020-01-03 15:37:50,20200103.0
BON00005381,U0002054,5,2020-05-27 20:00:00,20200527,20000.0,0,,
BON00005382,U0000119,1,2019-12-07 10:00:00,20191207,50.0,1,2019-12-12 01:45:39,20191212.0
BON00005383,U0002620,2,2022-07-20 21:00:00,20220720,1000.0,1,2022-08-01 02:52:01,20220801.0
BON00005384,U0000223,1,2019-01-10 14:00:00,20190110,100.0,1,2019-01-21 09:06:27,20190121.0
BON00005385,U0001723,2,2019-04-13 12:00:00,20190413,2000.0,1,2019-04-27 09:33:43,20190427.0
BON00005386,U0002320,3,2022-12-17 15:00:00,20221217,1000.0,0,,
BON00005387,U0000294,2,2022-08-25 03:00:00,20220825,10000.0,0,,
BON00005388,U0000191,1,2020-08-01 10:00:00,20200801,100.0,1,2020-08-13 02:33:50,20200813.0
BON00005389,U0001376,3,2023-07-11 23:00:00,20230711,200.0,0,,
BON00005390,U0002945,2,2025-03-16 08:00:00,20250316,5000.0,1,2025-03-25 19:03:47,20250325.0
BON00005391,U0001215,2,2020-08-13 05:00:00,20200813,10000.0,1,2020-08-15 18:47:06,20200815.0
BON00005392,U0002493,5,2025-02-02 19:00:00,20250202,10000.0,0,,
BON00005393,U0001395,2,2023-06-17 23:00:00,20230617,5000.0,1,2023-06-23 07:27:20,20230623.0
BON00005394,U0001788,1,2024-04-20 03:00:00,20240420,100.0,1,2024-04-26 15:47:51,20240426.0
BON00005395,U0003689,1,2024-01-12 14:00:00,20240112,200.0,0,,
BON00005396,U0000676,5,2020-01-18 07:00:00,20200118,20000.0,1,2020-01-25 11:13:29,20200125.0
BON00005397,U0003104,5,2023-11-05 14:00:00,20231105,5000.0,1,2023-11-08 12:16:37,20231108.0
BON00005398,U0003176,2,2022-07-16 22:00:00,20220716,500.0,0,,
BON00005399,U0001017,2,2021-10-05 23:00:00,20211005,10000.0,1,2021-10-11 01:11:19,20211011.0
BON00005400,U0003025,1,2025-05-01 19:00:00,20250501,50.0,1,2025-05-05 20:15:08,20250505.0
BON00005401,U0003151,3,2020-01-11 20:00:00,20200111,500.0,1,2020-01-17 06:17:51,20200117.0
BON00005402,U0003574,2,2024-08-19 05:00:00,20240819,1000.0,1,2024-08-23 15:37:47,20240823.0
BON00005403,U0000438,1,2020-09-11 14:00:00,20200911,50.0,0,,
BON00005404,U0001171,2,2024-06-26 07:00:00,20240626,500.0,1,2024-06-29 22:05:20,20240629.0
BON00005405,U0003994,4,2021-12-01 21:00:00,20211201,3000.0,0,,
BON00005406,U0000041,2,2023-03-23 17:00:00,20230323,5000.0,0,,
BON00005407,U0003080,4,2020-10-11 05:00:00,20201011,1000.0,0,,
BON00005408,U0002915,2,2021-11-20 15:00:00,20211120,500.0,1,2021-12-08 11:15:09,20211208.0
BON00005409,U0003642,1,2025-04-27 10:00:00,20250427,100.0,0,,
BON00005410,U0000447,3,2025-12-26 23:00:00,20251226,1000.0,1,2025-12-27 11:58:04,20251227.0
BON00005411,U0002798,3,2023-05-30 20:00:00,20230530,1000.0,0,,
BON00005412,U0001402,1,2023-07-31 04:00:00,20230731,50.0,0,,
BON00005413,U0000435,2,2021-07-02 18:00:00,20210702,5000.0,1,2021-07-05 19:55:18,20210705.0
BON00005414,U0000625,4,2024-06-25 12:00:00,20240625,1000.0,0,,
BON00005415,U0002911,2,2021-10-05 20:00:00,20211005,10000.0,0,,
BON00005416,U0001604,3,2020-06-15 10:00:00,20200615,1000.0,1,2020-07-01 16:54:14,20200701.0
BON00005417,U0002411,2,2019-01-25 04:00:00,20190125,1000.0,1,2019-01-25 23:28:14,20190125.0
BON00005418,U0001710,2,2020-12-04 04:00:00,20201204,500.0,0,,
BON00005419,U0000306,2,2021-05-20 20:00:00,20210520,2000.0,0,,
BON00005420,U0001158,3,2022-05-13 10:00:00,20220513,1000.0,0,,
BON00005421,U0003965,1,2020-05-03 20:00:00,20200503,100.0,1,2020-05-18 05:44:15,20200518.0
BON00005422,U0000190,4,2024-06-03 03:00:00,20240603,1000.0,1,2024-06-19 14:23:11,20240619.0
BON00005423,U0002324,1,2024-02-14 11:00:00,20240214,100.0,0,,
BON00005424,U0003376,1,2019-08-29 13:00:00,20190829,20.0,1,2019-09-04 12:25:56,20190904.0
BON00005425,U0000927,2,2021-02-07 09:00:00,20210207,500.0,0,,
BON00005426,U0002271,1,2019-03-29 02:00:00,20190329,50.0,1,2019-04-22 22:34:56,20190422.0
BON00005427,U0002504,3,2025-12-08 11:00:00,20251208,500.0,1,2025-12-08 11:41:47,20251208.0
BON00005428,U0000279,1,2025-11-09 18:00:00,20251109,20.0,0,,
BON00005429,U0001330,3,2022-02-27 05:00:00,20220227,2000.0,1,2022-03-15 22:08:08,20220315.0
BON00005430,U0002941,1,2020-03-10 11:00:00,20200310,50.0,0,,
BON00005431,U0000904,1,2024-11-04 20:00:00,20241104,200.0,1,2024-11-06 15:57:50,20241106.0
BON00005432,U0000523,1,2019-04-18 14:00:00,20190418,20.0,1,2019-04-20 15:40:46,20190420.0
BON00005433,U0003403,2,2021-08-07 19:00:00,20210807,1000.0,0,,
BON00005434,U0001132,2,2019-04-08 02:00:00,20190408,2000.0,0,,
BON00005435,U0002826,4,2022-06-20 00:00:00,20220620,1000.0,1,2022-06-21 23:37:06,20220621.0
BON00005436,U0002448,2,2020-01-10 11:00:00,20200110,1000.0,1,2020-01-22 01:04:12,20200122.0
BON00005437,U0003292,1,2025-04-29 04:00:00,20250429,100.0,0,,
BON00005438,U0003368,4,2022-02-06 17:00:00,20220206,2000.0,0,,
BON00005439,U0003548,1,2020-11-11 19:00:00,20201111,50.0,1,2020-11-16 21:41:52,20201116.0
BON00005440,U0001974,2,2019-03-01 10:00:00,20190301,500.0,1,2019-03-02 07:05:26,20190302.0
BON00005441,U0001325,2,2023-01-06 05:00:00,20230106,1000.0,1,2023-01-10 08:13:31,20230110.0
BON00005442,U0000760,2,2024-01-04 23:00:00,20240104,2000.0,0,,
BON00005443,U0000496,1,2020-04-13 19:00:00,20200413,50.0,1,2020-04-15 18:01:01,20200415.0
BON00005444,U0002734,2,2022-08-04 05:00:00,20220804,1000.0,0,,
BON00005445,U0003902,2,2023-09-04 20:00:00,20230904,500.0,1,2023-09-21 12:56:28,20230921.0
BON00005446,U0000424,5,2024-08-18 03:00:00,20240818,2000.0,1,2024-08-20 14:25:18,20240820.0
BON00005447,U0003060,3,2024-10-31 13:00:00,20241031,500.0,0,,
BON00005448,U0001516,1,2022-08-22 01:00:00,20220822,200.0,1,2022-08-28 02:48:43,20220828.0
BON00005449,U0003707,3,2022-07-20 08:00:00,20220720,2000.0,1,2022-07-23 11:34:37,20220723.0
BON00005450,U0002753,4,2022-07-10 09:00:00,20220710,2000.0,0,,
BON00005451,U0003645,1,2021-02-17 14:00:00,20210217,50.0,1,2021-03-10 19:05:49,20210310.0
BON00005452,U0000765,2,2021-09-02 14:00:00,20210902,1000.0,1,2021-09-07 23:41:48,20210907.0
BON00005453,U0001206,3,2020-06-23 06:00:00,20200623,200.0,0,,
BON00005454,U0000180,4,2023-05-12 05:00:00,20230512,2000.0,0,,
BON00005455,U0002524,2,2019-06-25 20:00:00,20190625,500.0,0,,
BON00005456,U0001249,2,2024-12-21 22:00:00,20241221,10000.0,0,,
BON00005457,U0003464,5,2022-08-13 20:00:00,20220813,2000.0,0,,
BON00005458,U0002304,2,2020-08-06 13:00:00,20200806,1000.0,1,2020-08-09 01:03:09,20200809.0
BON00005459,U0002548,2,2024-09-29 18:00:00,20240929,1000.0,1,2024-10-01 09:52:47,20241001.0
BON00005460,U0001382,3,2025-02-15 17:00:00,20250215,2000.0,0,,
BON00005461,U0003797,2,2019-12-11 16:00:00,20191211,1000.0,1,2019-12-14 08:06:17,20191214.0
BON00005462,U0000434,2,2021-02-17 09:00:00,20210217,10000.0,1,2021-02-22 11:29:15,20210222.0
BON00005463,U0003454,1,2019-06-08 19:00:00,20190608,50.0,0,,
BON00005464,U0000782,1,2024-09-18 19:00:00,20240918,200.0,1,2024-09-21 19:12:04,20240921.0
BON00005465,U0001099,1,2025-12-26 23:00:00,20251226,50.0,1,2026-01-09 15:07:09,20260109.0
BON00005466,U0001970,2,2023-05-05 15:00:00,20230505,10000.0,1,2023-05-07 03:05:50,20230507.0
BON00005467,U0001450,1,2020-07-09 13:00:00,20200709,100.0,1,2020-07-15 00:31:04,20200715.0
BON00005468,U0000866,3,2020-07-06 08:00:00,20200706,2000.0,1,2020-07-08 16:44:51,20200708.0
BON00005469,U0001146,3,2020-08-03 00:00:00,20200803,1000.0,0,,
BON00005470,U0000863,1,2023-04-17 13:00:00,20230417,100.0,1,2023-04-29 06:35:38,20230429.0
BON00005471,U0000686,4,2024-10-22 09:00:00,20241022,3000.0,1,2024-10-22 12:26:43,20241022.0
BON00005472,U0000506,2,2019-11-24 14:00:00,20191124,1000.0,1,2019-11-25 06:58:02,20191125.0
BON00005473,U0000249,2,2023-12-11 23:00:00,20231211,2000.0,0,,
BON00005474,U0001281,1,2025-06-11 09:00:00,20250611,50.0,0,,
BON00005475,U0002930,2,2021-05-05 05:00:00,20210505,1000.0,0,,
BON00005476,U0001621,2,2019-03-24 04:00:00,20190324,10000.0,1,2019-03-28 16:58:16,20190328.0
BON00005477,U0002826,2,2019-09-29 03:00:00,20190929,2000.0,1,2019-10-22 12:35:27,20191022.0
BON00005478,U0003215,1,2021-04-19 06:00:00,20210419,200.0,1,2021-04-19 14:01:22,20210419.0
BON00005479,U0003321,1,2023-09-13 14:00:00,20230913,20.0,1,2023-09-16 16:41:56,20230916.0
BON00005480,U0000280,2,2021-10-20 16:00:00,20211020,1000.0,1,2021-10-29 08:48:22,20211029.0
BON00005481,U0002710,3,2024-02-23 11:00:00,20240223,200.0,1,2024-02-29 05:19:31,20240229.0
BON00005482,U0003533,4,2021-10-17 10:00:00,20211017,3000.0,0,,
BON00005483,U0002762,2,2025-10-21 23:00:00,20251021,500.0,0,,
BON00005484,U0000648,2,2025-01-30 00:00:00,20250130,500.0,0,,
BON00005485,U0000973,1,2021-12-06 06:00:00,20211206,100.0,1,2021-12-06 16:56:32,20211206.0
BON00005486,U0002058,2,2025-08-02 02:00:00,20250802,500.0,1,2025-08-07 14:35:11,20250807.0
BON00005487,U0000903,1,2023-01-22 20:00:00,20230122,200.0,1,2023-01-25 06:37:38,20230125.0
BON00005488,U0000426,1,2022-05-13 04:00:00,20220513,50.0,0,,
BON00005489,U0000584,3,2021-10-28 09:00:00,20211028,200.0,1,2021-11-03 10:47:39,20211103.0
BON00005490,U0000557,2,2022-06-24 22:00:00,20220624,5000.0,1,2022-06-26 05:56:29,20220626.0
BON00005491,U0000227,2,2022-12-22 07:00:00,20221222,10000.0,1,2022-12-25 10:19:07,20221225.0
BON00005492,U0002987,3,2025-06-17 02:00:00,20250617,2000.0,1,2025-06-17 23:55:48,20250617.0
BON00005493,U0000719,5,2023-10-10 20:00:00,20231010,10000.0,1,2023-10-14 17:34:26,20231014.0
BON00005494,U0003923,3,2019-01-30 11:00:00,20190130,2000.0,0,,
BON00005495,U0003295,1,2020-03-08 01:00:00,20200308,20.0,1,2020-03-17 19:43:46,20200317.0
BON00005496,U0001027,1,2021-08-14 00:00:00,20210814,20.0,1,2021-09-10 02:49:29,20210910.0
BON00005497,U0001838,2,2019-11-22 00:00:00,20191122,1000.0,1,2019-11-23 09:07:33,20191123.0
BON00005498,U0002575,5,2021-05-09 13:00:00,20210509,2000.0,1,2021-05-18 03:28:51,20210518.0
BON00005499,U0001801,1,2019-05-31 09:00:00,20190531,200.0,1,2019-06-03 07:07:45,20190603.0
BON00005500,U0001976,2,2023-08-12 05:00:00,20230812,10000.0,1,2023-08-17 04:49:38,20230817.0
BON00005501,U0003678,2,2025-07-17 01:00:00,20250717,2000.0,0,,
BON00005502,U0003656,1,2021-06-03 08:00:00,20210603,100.0,1,2021-06-27 23:58:47,20210627.0
BON00005503,U0000182,1,2023-04-01 14:00:00,20230401,200.0,0,,
BON00005504,U0000292,1,2020-03-21 23:00:00,20200321,20.0,0,,
BON00005505,U0003126,3,2023-01-07 22:00:00,20230107,200.0,0,,
BON00005506,U0001538,1,2025-10-01 08:00:00,20251001,100.0,1,2025-10-05 04:00:02,20251005.0
BON00005507,U0000601,1,2019-05-12 01:00:00,20190512,20.0,1,2019-05-13 12:56:53,20190513.0
BON00005508,U0002767,1,2025-07-19 15:00:00,20250719,50.0,1,2025-07-22 12:55:10,20250722.0
BON00005509,U0000766,1,2024-09-18 13:00:00,20240918,20.0,1,2024-09-20 02:58:24,20240920.0
BON00005510,U0001027,3,2025-11-25 21:00:00,20251125,2000.0,1,2025-11-26 17:26:03,20251126.0
BON00005511,U0001390,1,2025-03-26 16:00:00,20250326,200.0,0,,
BON00005512,U0003518,3,2025-11-25 17:00:00,20251125,500.0,1,2025-11-30 22:29:37,20251130.0
BON00005513,U0003920,1,2022-02-02 11:00:00,20220202,100.0,0,,
BON00005514,U0003070,2,2024-01-12 01:00:00,20240112,500.0,0,,
BON00005515,U0002512,4,2023-07-01 13:00:00,20230701,3000.0,1,2023-07-08 09:30:08,20230708.0
BON00005516,U0001195,3,2025-08-10 13:00:00,20250810,200.0,0,,
BON00005517,U0002655,2,2025-02-17 03:00:00,20250217,1000.0,1,2025-02-17 04:46:45,20250217.0
BON00005518,U0002295,2,2020-05-10 00:00:00,20200510,500.0,1,2020-05-25 16:10:52,20200525.0
BON00005519,U0000194,1,2020-03-15 19:00:00,20200315,20.0,1,2020-04-02 10:59:05,20200402.0
BON00005520,U0001378,2,2025-06-30 20:00:00,20250630,2000.0,1,2025-07-02 17:01:03,20250702.0
BON00005521,U0002740,4,2025-01-06 01:00:00,20250106,3000.0,1,2025-01-08 18:19:36,20250108.0
BON00005522,U0000091,1,2021-04-20 21:00:00,20210420,50.0,0,,
BON00005523,U0001687,4,2022-08-02 12:00:00,20220802,3000.0,0,,
BON00005524,U0001698,4,2019-06-04 14:00:00,20190604,2000.0,1,2019-06-08 06:26:28,20190608.0
BON00005525,U0001614,2,2019-04-08 03:00:00,20190408,10000.0,1,2019-04-09 04:39:14,20190409.0
BON00005526,U0001203,2,2025-06-29 12:00:00,20250629,1000.0,1,2025-07-02 06:26:49,20250702.0
BON00005527,U0000601,1,2024-11-30 19:00:00,20241130,100.0,1,2024-12-06 14:31:59,20241206.0
BON00005528,U0003970,2,2020-06-03 15:00:00,20200603,10000.0,1,2020-06-12 05:53:29,20200612.0
BON00005529,U0000473,2,2024-07-15 13:00:00,20240715,10000.0,1,2024-07-18 23:36:57,20240718.0
BON00005530,U0001974,1,2024-10-19 21:00:00,20241019,20.0,1,2024-10-20 16:53:57,20241020.0
BON00005531,U0001604,3,2025-07-27 23:00:00,20250727,200.0,1,2025-07-31 16:14:07,20250731.0
BON00005532,U0000240,1,2022-04-26 02:00:00,20220426,200.0,1,2022-04-28 04:40:53,20220428.0
BON00005533,U0002855,3,2025-07-02 04:00:00,20250702,2000.0,1,2025-07-03 09:48:59,20250703.0
BON00005534,U0003226,1,2025-06-01 14:00:00,20250601,100.0,1,2025-06-10 00:41:57,20250610.0
BON00005535,U0000859,1,2023-12-16 15:00:00,20231216,20.0,1,2023-12-17 17:42:13,20231217.0
BON00005536,U0003485,2,2024-07-05 00:00:00,20240705,1000.0,1,2024-07-12 00:20:36,20240712.0
BON00005537,U0000173,2,2022-09-07 14:00:00,20220907,5000.0,1,2022-09-09 07:34:39,20220909.0
BON00005538,U0000837,2,2024-11-19 09:00:00,20241119,10000.0,0,,
BON00005539,U0000353,1,2023-08-29 14:00:00,20230829,50.0,1,2023-09-01 15:40:45,20230901.0
BON00005540,U0002775,1,2024-12-09 11:00:00,20241209,50.0,0,,
BON00005541,U0001417,4,2025-07-07 06:00:00,20250707,1000.0,0,,
BON00005542,U0002556,1,2022-12-26 03:00:00,20221226,100.0,0,,
BON00005543,U0003684,3,2024-10-30 08:00:00,20241030,1000.0,0,,
BON00005544,U0000368,1,2023-05-17 05:00:00,20230517,100.0,1,2023-05-21 04:09:28,20230521.0
BON00005545,U0003516,2,2022-10-19 11:00:00,20221019,500.0,1,2022-10-19 21:34:20,20221019.0
BON00005546,U0002241,1,2021-05-09 10:00:00,20210509,20.0,1,2021-05-15 18:46:56,20210515.0
BON00005547,U0000481,1,2023-06-13 11:00:00,20230613,100.0,1,2023-06-15 18:41:59,20230615.0
BON00005548,U0000387,5,2025-08-28 12:00:00,20250828,2000.0,0,,
BON00005549,U0001285,4,2023-03-12 04:00:00,20230312,500.0,1,2023-03-16 17:20:30,20230316.0
BON00005550,U0000250,1,2023-07-01 14:00:00,20230701,200.0,1,2023-07-02 14:26:29,20230702.0
BON00005551,U0000318,1,2023-07-15 08:00:00,20230715,50.0,0,,
BON00005552,U0003650,5,2020-02-21 04:00:00,20200221,2000.0,1,2020-03-05 08:42:53,20200305.0
BON00005553,U0001017,1,2023-04-11 15:00:00,20230411,100.0,1,2023-04-17 16:31:15,20230417.0
BON00005554,U0000201,4,2020-09-09 06:00:00,20200909,500.0,1,2020-09-16 04:41:53,20200916.0
BON00005555,U0000760,1,2021-07-26 19:00:00,20210726,200.0,1,2021-08-04 04:16:26,20210804.0
BON00005556,U0000526,2,2025-10-25 13:00:00,20251025,2000.0,0,,
BON00005557,U0002440,4,2024-12-26 07:00:00,20241226,1000.0,1,2024-12-29 03:41:44,20241229.0
BON00005558,U0001012,1,2019-10-05 06:00:00,20191005,20.0,1,2019-10-06 19:56:22,20191006.0
BON00005559,U0001072,2,2023-12-18 13:00:00,20231218,2000.0,1,2023-12-27 00:50:24,20231227.0
BON00005560,U0000307,3,2019-08-17 01:00:00,20190817,200.0,1,2019-08-18 09:23:21,20190818.0
BON00005561,U0003417,1,2022-10-19 19:00:00,20221019,50.0,1,2022-10-20 20:00:01,20221020.0
BON00005562,U0001691,2,2020-04-01 02:00:00,20200401,1000.0,1,2020-04-04 13:13:38,20200404.0
BON00005563,U0002174,2,2025-09-14 15:00:00,20250914,5000.0,1,2025-09-15 15:51:01,20250915.0
BON00005564,U0002650,3,2025-08-13 04:00:00,20250813,2000.0,1,2025-08-20 06:44:32,20250820.0
BON00005565,U0001205,5,2020-04-13 09:00:00,20200413,20000.0,1,2020-04-22 21:01:22,20200422.0
BON00005566,U0002860,2,2024-09-14 00:00:00,20240914,2000.0,0,,
BON00005567,U0000051,2,2022-07-30 18:00:00,20220730,5000.0,1,2022-08-06 08:45:04,20220806.0
BON00005568,U0000353,3,2020-03-09 08:00:00,20200309,500.0,1,2020-03-18 21:01:03,20200318.0
BON00005569,U0001853,2,2024-09-04 02:00:00,20240904,5000.0,1,2024-09-11 16:59:57,20240911.0
BON00005570,U0001973,1,2020-10-11 19:00:00,20201011,200.0,0,,
BON00005571,U0002151,2,2024-08-12 16:00:00,20240812,2000.0,1,2024-08-19 01:24:58,20240819.0
BON00005572,U0000022,3,2019-02-05 23:00:00,20190205,1000.0,1,2019-02-06 22:44:02,20190206.0
BON00005573,U0000653,3,2025-05-26 15:00:00,20250526,1000.0,0,,
BON00005574,U0000505,2,2024-03-29 16:00:00,20240329,500.0,0,,
BON00005575,U0002177,1,2024-10-24 19:00:00,20241024,100.0,1,2024-10-25 18:26:47,20241025.0
BON00005576,U0003994,3,2023-11-03 23:00:00,20231103,500.0,1,2023-11-07 18:29:01,20231107.0
BON00005577,U0002438,1,2025-01-23 11:00:00,20250123,50.0,1,2025-01-28 10:34:31,20250128.0
BON00005578,U0000429,2,2021-03-21 23:00:00,20210321,10000.0,0,,
BON00005579,U0002458,2,2025-10-05 13:00:00,20251005,10000.0,1,2025-10-18 15:15:57,20251018.0
BON00005580,U0000125,3,2024-02-08 22:00:00,20240208,1000.0,1,2024-02-16 11:48:27,20240216.0
BON00005581,U0002366,4,2021-08-12 01:00:00,20210812,500.0,0,,
BON00005582,U0000237,1,2023-09-14 00:00:00,20230914,200.0,1,2023-09-15 03:24:15,20230915.0
BON00005583,U0002917,1,2024-10-14 23:00:00,20241014,50.0,0,,
BON00005584,U0003692,1,2021-04-17 01:00:00,20210417,200.0,1,2021-04-28 04:34:20,20210428.0
BON00005585,U0002819,1,2024-09-17 16:00:00,20240917,200.0,0,,
BON00005586,U0002318,1,2021-04-10 01:00:00,20210410,20.0,1,2021-05-04 06:20:48,20210504.0
BON00005587,U0000925,1,2020-02-27 06:00:00,20200227,50.0,1,2020-02-29 09:09:27,20200229.0
BON00005588,U0003135,4,2024-04-07 06:00:00,20240407,1000.0,1,2024-04-13 13:48:22,20240413.0
BON00005589,U0002165,5,2023-12-11 15:00:00,20231211,20000.0,0,,
BON00005590,U0002965,2,2022-02-17 20:00:00,20220217,1000.0,1,2022-03-04 07:46:42,20220304.0
BON00005591,U0002934,2,2019-02-16 18:00:00,20190216,10000.0,0,,
BON00005592,U0000845,1,2022-09-29 19:00:00,20220929,50.0,1,2022-10-05 06:48:05,20221005.0
BON00005593,U0003321,2,2025-06-24 04:00:00,20250624,2000.0,0,,
BON00005594,U0000289,3,2020-03-07 03:00:00,20200307,2000.0,0,,
BON00005595,U0001935,1,2019-08-23 01:00:00,20190823,50.0,0,,
BON00005596,U0003891,3,2020-05-10 10:00:00,20200510,2000.0,1,2020-05-13 21:48:49,20200513.0
BON00005597,U0003536,2,2021-01-11 12:00:00,20210111,2000.0,0,,
BON00005598,U0003455,1,2023-06-03 04:00:00,20230603,20.0,1,2023-06-03 20:22:54,20230603.0
BON00005599,U0002484,4,2024-11-06 05:00:00,20241106,3000.0,1,2024-11-08 02:38:23,20241108.0
BON00005600,U0003902,2,2024-03-20 17:00:00,20240320,1000.0,1,2024-03-26 06:25:57,20240326.0
BON00005601,U0002050,3,2020-11-24 07:00:00,20201124,1000.0,1,2020-12-01 12:26:20,20201201.0
BON00005602,U0001021,1,2022-09-28 06:00:00,20220928,20.0,0,,
BON00005603,U0000881,1,2024-12-17 11:00:00,20241217,200.0,0,,
BON00005604,U0001825,4,2023-12-16 00:00:00,20231216,3000.0,1,2023-12-30 10:45:10,20231230.0
BON00005605,U0003596,2,2020-09-15 12:00:00,20200915,10000.0,0,,
BON00005606,U0002715,1,2019-08-21 22:00:00,20190821,100.0,0,,
BON00005607,U0003944,2,2020-05-05 09:00:00,20200505,2000.0,0,,
BON00005608,U0001890,2,2019-11-27 21:00:00,20191127,1000.0,1,2019-12-19 08:34:27,20191219.0
BON00005609,U0000650,1,2020-04-03 23:00:00,20200403,200.0,1,2020-04-05 08:51:59,20200405.0
BON00005610,U0001027,2,2021-06-25 18:00:00,20210625,10000.0,1,2021-06-26 09:44:53,20210626.0
BON00005611,U0003264,2,2022-12-05 20:00:00,20221205,2000.0,1,2022-12-14 18:51:59,20221214.0
BON00005612,U0000892,2,2022-06-06 06:00:00,20220606,5000.0,1,2022-06-14 00:21:00,20220614.0
BON00005613,U0000078,2,2019-12-04 21:00:00,20191204,10000.0,1,2019-12-25 01:31:05,20191225.0
BON00005614,U0003293,1,2020-07-21 17:00:00,20200721,20.0,1,2020-08-20 17:00:00,20200820.0
BON00005615,U0003645,2,2019-12-25 13:00:00,20191225,500.0,0,,
BON00005616,U0001735,5,2025-08-07 10:00:00,20250807,5000.0,1,2025-08-08 00:42:37,20250808.0
BON00005617,U0000974,2,2024-07-13 21:00:00,20240713,10000.0,0,,
BON00005618,U0000253,2,2024-01-14 13:00:00,20240114,2000.0,1,2024-01-23 21:26:31,20240123.0
BON00005619,U0002232,2,2020-01-12 09:00:00,20200112,5000.0,1,2020-01-19 21:52:05,20200119.0
BON00005620,U0002548,2,2025-11-17 22:00:00,20251117,2000.0,1,2025-11-26 13:03:47,20251126.0
BON00005621,U0002404,3,2025-06-03 15:00:00,20250603,200.0,0,,
BON00005622,U0001800,1,2025-05-20 14:00:00,20250520,100.0,0,,
BON00005623,U0002514,4,2024-09-02 04:00:00,20240902,500.0,1,2024-09-09 11:09:25,20240909.0
BON00005624,U0002139,2,2025-03-12 20:00:00,20250312,10000.0,0,,
BON00005625,U0001938,2,2019-06-18 10:00:00,20190618,2000.0,0,,
BON00005626,U0001031,4,2024-12-02 05:00:00,20241202,500.0,0,,
BON00005627,U0002074,2,2021-11-26 16:00:00,20211126,10000.0,1,2021-12-08 14:32:54,20211208.0
BON00005628,U0001048,1,2022-08-07 13:00:00,20220807,50.0,1,2022-08-11 15:57:05,20220811.0
BON00005629,U0003395,1,2022-12-18 19:00:00,20221218,20.0,1,2022-12-31 08:53:21,20221231.0
BON00005630,U0002982,2,2019-01-01 17:00:00,20190101,500.0,0,,
BON00005631,U0002767,3,2021-01-24 00:00:00,20210124,200.0,1,2021-02-06 20:05:57,20210206.0
BON00005632,U0001339,3,2023-03-09 00:00:00,20230309,1000.0,1,2023-03-17 05:13:39,20230317.0
BON00005633,U0002706,1,2021-08-31 12:00:00,20210831,20.0,1,2021-09-02 04:15:35,20210902.0
BON00005634,U0003457,1,2025-11-21 12:00:00,20251121,50.0,1,2025-12-02 13:36:47,20251202.0
BON00005635,U0003196,3,2022-01-05 07:00:00,20220105,2000.0,1,2022-01-18 20:20:39,20220118.0
BON00005636,U0000790,4,2025-06-10 11:00:00,20250610,3000.0,0,,
BON00005637,U0002332,2,2025-01-26 20:00:00,20250126,5000.0,0,,
BON00005638,U0000066,1,2019-11-25 14:00:00,20191125,20.0,0,,
BON00005639,U0001566,2,2024-08-22 12:00:00,20240822,500.0,1,2024-09-03 11:41:24,20240903.0
BON00005640,U0001964,1,2020-01-02 09:00:00,20200102,200.0,0,,
BON00005641,U0001203,1,2020-10-20 21:00:00,20201020,50.0,0,,
BON00005642,U0000534,1,2020-07-27 09:00:00,20200727,50.0,1,2020-07-28 05:03:49,20200728.0
BON00005643,U0002296,5,2022-07-07 13:00:00,20220707,10000.0,1,2022-07-08 13:56:11,20220708.0
BON00005644,U0003251,2,2023-04-30 06:00:00,20230430,1000.0,0,,
BON00005645,U0001991,2,2022-09-08 07:00:00,20220908,1000.0,1,2022-09-10 06:29:22,20220910.0
BON00005646,U0003692,1,2020-06-30 15:00:00,20200630,50.0,0,,
BON00005647,U0003358,1,2019-08-11 21:00:00,20190811,200.0,1,2019-08-13 20:05:32,20190813.0
BON00005648,U0001799,1,2019-04-30 22:00:00,20190430,50.0,0,,
BON00005649,U0001756,2,2023-11-19 00:00:00,20231119,500.0,0,,
BON00005650,U0002965,1,2019-01-07 11:00:00,20190107,100.0,1,2019-01-10 21:36:58,20190110.0
BON00005651,U0001270,4,2020-03-27 19:00:00,20200327,1000.0,1,2020-04-03 07:55:40,20200403.0
BON00005652,U0000434,1,2023-09-12 02:00:00,20230912,20.0,0,,
BON00005653,U0002557,2,2020-02-04 01:00:00,20200204,2000.0,1,2020-03-05 01:00:00,20200305.0
BON00005654,U0000451,2,2024-05-14 22:00:00,20240514,1000.0,1,2024-05-27 18:05:18,20240527.0
BON00005655,U0001894,2,2023-01-01 07:00:00,20230101,1000.0,0,,
BON00005656,U0001988,2,2019-04-25 22:00:00,20190425,5000.0,1,2019-04-26 07:48:40,20190426.0
BON00005657,U0002028,3,2019-03-06 03:00:00,20190306,500.0,0,,
BON00005658,U0001779,2,2021-03-13 09:00:00,20210313,500.0,0,,
BON00005659,U0000600,2,2025-09-22 03:00:00,20250922,1000.0,0,,
BON00005660,U0002787,2,2020-09-23 13:00:00,20200923,5000.0,0,,
BON00005661,U0003567,2,2024-07-02 07:00:00,20240702,2000.0,1,2024-07-03 08:06:00,20240703.0
BON00005662,U0000434,2,2019-12-14 19:00:00,20191214,1000.0,1,2019-12-27 16:16:43,20191227.0
BON00005663,U0000799,4,2020-12-23 11:00:00,20201223,3000.0,1,2020-12-25 17:12:22,20201225.0
BON00005664,U0002483,4,2025-10-27 22:00:00,20251027,1000.0,0,,
BON00005665,U0003520,4,2020-04-14 03:00:00,20200414,1000.0,1,2020-04-15 22:53:22,20200415.0
BON00005666,U0000455,2,2020-10-26 21:00:00,20201026,500.0,0,,
BON00005667,U0001958,3,2024-03-06 18:00:00,20240306,200.0,1,2024-03-21 16:30:42,20240321.0
BON00005668,U0001736,4,2020-04-26 18:00:00,20200426,1000.0,0,,
BON00005669,U0000602,1,2025-11-13 07:00:00,20251113,200.0,1,2025-11-15 16:50:36,20251115.0
BON00005670,U0003830,2,2024-06-11 10:00:00,20240611,1000.0,1,2024-06-28 10:04:11,20240628.0
BON00005671,U0001713,4,2025-09-14 06:00:00,20250914,1000.0,0,,
BON00005672,U0001592,1,2024-08-27 12:00:00,20240827,200.0,0,,
BON00005673,U0001131,2,2019-10-09 15:00:00,20191009,500.0,1,2019-10-09 21:54:01,20191009.0
BON00005674,U0002804,2,2024-05-16 08:00:00,20240516,500.0,1,2024-05-24 10:20:34,20240524.0
BON00005675,U0003237,5,2022-04-16 18:00:00,20220416,2000.0,1,2022-04-23 00:58:43,20220423.0
BON00005676,U0003652,2,2025-02-04 13:00:00,20250204,5000.0,0,,
BON00005677,U0002917,4,2023-08-02 05:00:00,20230802,500.0,1,2023-08-03 09:25:30,20230803.0
BON00005678,U0003007,4,2023-10-18 02:00:00,20231018,3000.0,0,,
BON00005679,U0001456,1,2023-05-17 18:00:00,20230517,20.0,1,2023-05-27 18:33:31,20230527.0
BON00005680,U0003324,1,2024-09-21 13:00:00,20240921,20.0,0,,
BON00005681,U0002859,3,2020-12-17 16:00:00,20201217,500.0,0,,
BON00005682,U0003771,1,2023-06-04 02:00:00,20230604,200.0,0,,
BON00005683,U0000688,2,2020-12-15 02:00:00,20201215,5000.0,1,2020-12-28 22:28:40,20201228.0
BON00005684,U0000520,3,2025-06-04 05:00:00,20250604,200.0,0,,
BON00005685,U0001258,1,2020-06-10 00:00:00,20200610,50.0,1,2020-06-23 02:30:09,20200623.0
BON00005686,U0001167,2,2024-09-20 22:00:00,20240920,1000.0,1,2024-10-07 10:43:10,20241007.0
BON00005687,U0003819,1,2021-08-19 15:00:00,20210819,200.0,1,2021-08-27 09:12:29,20210827.0
BON00005688,U0002293,1,2021-09-11 07:00:00,20210911,200.0,1,2021-09-13 08:26:48,20210913.0
BON00005689,U0003790,2,2020-10-31 08:00:00,20201031,5000.0,0,,
BON00005690,U0001845,2,2020-07-18 21:00:00,20200718,2000.0,0,,
BON00005691,U0001901,3,2023-05-17 09:00:00,20230517,500.0,0,,
BON00005692,U0001486,1,2023-04-24 17:00:00,20230424,100.0,1,2023-04-28 22:24:14,20230428.0
BON00005693,U0002989,3,2022-04-08 20:00:00,20220408,1000.0,0,,
BON00005694,U0001183,1,2023-11-14 15:00:00,20231114,20.0,0,,
BON00005695,U0002403,1,2025-11-04 09:00:00,20251104,20.0,1,2025-11-06 05:35:08,20251106.0
BON00005696,U0000199,2,2025-11-08 21:00:00,20251108,2000.0,1,2025-11-09 17:24:32,20251109.0
BON00005697,U0003964,1,2021-03-24 12:00:00,20210324,20.0,1,2021-03-27 17:19:55,20210327.0
BON00005698,U0000569,1,2024-09-30 11:00:00,20240930,100.0,0,,
BON00005699,U0003010,2,2022-06-27 20:00:00,20220627,10000.0,1,2022-07-01 16:18:01,20220701.0
BON00005700,U0003892,4,2023-12-09 09:00:00,20231209,3000.0,1,2023-12-24 09:37:54,20231224.0
BON00005701,U0000706,2,2021-10-14 19:00:00,20211014,500.0,1,2021-10-15 01:55:34,20211015.0
BON00005702,U0003497,2,2022-02-22 07:00:00,20220222,500.0,1,2022-03-03 14:01:13,20220303.0
BON00005703,U0003994,1,2023-09-10 10:00:00,20230910,200.0,0,,
BON00005704,U0000845,1,2023-11-07 17:00:00,20231107,200.0,1,2023-11-15 03:16:47,20231115.0
BON00005705,U0000191,2,2025-05-01 02:00:00,20250501,500.0,1,2025-05-05 17:07:57,20250505.0
BON00005706,U0000492,2,2024-05-26 06:00:00,20240526,5000.0,1,2024-06-07 11:42:33,20240607.0
BON00005707,U0002982,1,2022-09-19 07:00:00,20220919,100.0,1,2022-09-25 01:22:46,20220925.0
BON00005708,U0001219,2,2021-01-11 09:00:00,20210111,10000.0,1,2021-01-15 07:24:46,20210115.0
BON00005709,U0000234,4,2020-01-06 18:00:00,20200106,3000.0,0,,
BON00005710,U0003190,4,2024-07-07 09:00:00,20240707,500.0,1,2024-07-07 14:04:22,20240707.0
BON00005711,U0003023,3,2022-05-26 12:00:00,20220526,500.0,1,2022-06-01 11:38:42,20220601.0
BON00005712,U0000093,2,2019-12-20 08:00:00,20191220,500.0,1,2020-01-19 08:00:00,20200119.0
BON00005713,U0000127,4,2023-12-23 15:00:00,20231223,3000.0,0,,
BON00005714,U0001966,1,2025-09-14 01:00:00,20250914,100.0,0,,
BON00005715,U0003563,3,2023-02-12 11:00:00,20230212,2000.0,1,2023-02-14 13:17:56,20230214.0
BON00005716,U0002225,2,2022-04-06 03:00:00,20220406,5000.0,0,,
BON00005717,U0003958,1,2023-06-30 21:00:00,20230630,50.0,1,2023-07-03 06:33:21,20230703.0
BON00005718,U0003055,1,2020-05-13 07:00:00,20200513,20.0,1,2020-05-29 08:40:27,20200529.0
BON00005719,U0000054,2,2022-12-23 17:00:00,20221223,5000.0,1,2022-12-30 16:23:25,20221230.0
BON00005720,U0002327,4,2023-11-07 08:00:00,20231107,500.0,1,2023-11-13 06:42:39,20231113.0
BON00005721,U0000689,2,2023-07-18 20:00:00,20230718,500.0,1,2023-07-26 20:40:20,20230726.0
BON00005722,U0001142,2,2024-02-09 22:00:00,20240209,2000.0,1,2024-02-20 07:01:48,20240220.0
BON00005723,U0002131,2,2025-11-30 20:00:00,20251130,10000.0,1,2025-12-03 21:18:25,20251203.0
BON00005724,U0002193,4,2019-01-22 13:00:00,20190122,500.0,1,2019-01-31 21:43:02,20190131.0
BON00005725,U0003497,1,2024-08-28 20:00:00,20240828,20.0,1,2024-09-05 05:10:00,20240905.0
BON00005726,U0003987,2,2021-01-29 07:00:00,20210129,10000.0,1,2021-01-29 19:15:07,20210129.0
BON00005727,U0002455,1,2020-01-10 05:00:00,20200110,50.0,0,,
BON00005728,U0003927,2,2019-03-30 08:00:00,20190330,10000.0,1,2019-04-03 04:03:42,20190403.0
BON00005729,U0000292,2,2021-08-29 22:00:00,20210829,2000.0,1,2021-09-06 15:10:21,20210906.0
BON00005730,U0002990,3,2025-02-01 04:00:00,20250201,200.0,1,2025-02-17 06:54:15,20250217.0
BON00005731,U0002343,1,2024-11-17 19:00:00,20241117,200.0,1,2024-11-20 04:10:40,20241120.0
BON00005732,U0001693,3,2019-03-07 15:00:00,20190307,2000.0,0,,
BON00005733,U0003022,2,2019-04-27 03:00:00,20190427,10000.0,1,2019-04-28 00:47:50,20190428.0
BON00005734,U0001810,1,2020-05-18 12:00:00,20200518,200.0,1,2020-05-26 03:20:36,20200526.0
BON00005735,U0001181,5,2021-05-03 08:00:00,20210503,20000.0,0,,
BON00005736,U0002012,1,2022-01-18 08:00:00,20220118,200.0,1,2022-01-23 00:18:27,20220123.0
BON00005737,U0003915,2,2025-11-13 06:00:00,20251113,2000.0,1,2025-11-15 12:39:29,20251115.0
BON00005738,U0002898,4,2020-11-27 20:00:00,20201127,3000.0,1,2020-11-29 06:00:25,20201129.0
BON00005739,U0001382,1,2019-10-30 00:00:00,20191030,20.0,1,2019-11-05 21:15:48,20191105.0
BON00005740,U0001981,1,2021-12-23 03:00:00,20211223,200.0,1,2022-01-05 06:47:45,20220105.0
BON00005741,U0000090,4,2025-08-27 08:00:00,20250827,500.0,1,2025-08-27 10:01:15,20250827.0
BON00005742,U0001653,4,2021-12-08 04:00:00,20211208,3000.0,1,2021-12-15 14:45:04,20211215.0
BON00005743,U0000404,2,2025-08-27 09:00:00,20250827,10000.0,0,,
BON00005744,U0001730,1,2021-12-05 07:00:00,20211205,200.0,0,,
BON00005745,U0003444,1,2024-02-08 02:00:00,20240208,100.0,0,,
BON00005746,U0000333,3,2024-12-08 04:00:00,20241208,1000.0,0,,
BON00005747,U0002631,5,2023-11-27 04:00:00,20231127,20000.0,1,2023-11-27 14:45:55,20231127.0
BON00005748,U0001629,2,2021-09-24 23:00:00,20210924,10000.0,0,,
BON00005749,U0002081,2,2021-05-19 21:00:00,20210519,5000.0,1,2021-05-20 17:26:12,20210520.0
BON00005750,U0000240,2,2019-11-30 03:00:00,20191130,500.0,0,,
BON00005751,U0003934,2,2023-12-27 00:00:00,20231227,10000.0,1,2024-01-01 08:21:41,20240101.0
BON00005752,U0003555,1,2019-03-20 07:00:00,20190320,100.0,0,,
BON00005753,U0000618,1,2024-08-14 15:00:00,20240814,100.0,1,2024-08-14 15:33:17,20240814.0
BON00005754,U0001267,2,2022-09-03 19:00:00,20220903,10000.0,0,,
BON00005755,U0002583,2,2021-08-26 11:00:00,20210826,500.0,1,2021-09-01 16:42:35,20210901.0
BON00005756,U0002065,2,2023-08-17 04:00:00,20230817,10000.0,1,2023-08-20 08:33:49,20230820.0
BON00005757,U0001793,3,2020-08-31 16:00:00,20200831,500.0,1,2020-09-04 07:47:41,20200904.0
BON00005758,U0000560,2,2025-07-07 03:00:00,20250707,5000.0,1,2025-07-08 05:06:09,20250708.0
BON00005759,U0000154,2,2020-12-22 10:00:00,20201222,2000.0,1,2020-12-24 01:14:01,20201224.0
BON00005760,U0001739,3,2024-07-20 19:00:00,20240720,200.0,1,2024-07-31 20:48:24,20240731.0
BON00005761,U0000425,1,2024-04-29 23:00:00,20240429,100.0,1,2024-05-06 14:31:08,20240506.0
BON00005762,U0001711,2,2023-11-24 17:00:00,20231124,10000.0,0,,
BON00005763,U0001078,2,2024-12-08 13:00:00,20241208,10000.0,0,,
BON00005764,U0001896,2,2021-09-18 22:00:00,20210918,1000.0,1,2021-09-19 02:03:48,20210919.0
BON00005765,U0002631,4,2024-03-08 13:00:00,20240308,500.0,0,,
BON00005766,U0002790,2,2021-05-31 22:00:00,20210531,2000.0,1,2021-06-01 13:32:21,20210601.0
BON00005767,U0001183,1,2021-12-09 00:00:00,20211209,20.0,1,2021-12-23 13:07:09,20211223.0
BON00005768,U0003879,1,2023-04-25 14:00:00,20230425,100.0,1,2023-05-04 02:46:13,20230504.0
BON00005769,U0002010,1,2019-07-31 11:00:00,20190731,100.0,1,2019-08-13 21:28:57,20190813.0
BON00005770,U0003976,1,2025-12-21 15:00:00,20251221,20.0,1,2026-01-01 05:37:34,20260101.0
BON00005771,U0000070,5,2023-06-18 04:00:00,20230618,2000.0,0,,
BON00005772,U0000633,3,2024-12-27 06:00:00,20241227,500.0,1,2024-12-27 12:25:27,20241227.0
BON00005773,U0001016,2,2025-10-05 22:00:00,20251005,10000.0,0,,
BON00005774,U0003106,1,2021-05-13 17:00:00,20210513,200.0,1,2021-05-24 05:23:52,20210524.0
BON00005775,U0003222,2,2021-10-31 05:00:00,20211031,5000.0,0,,
BON00005776,U0000397,2,2021-12-11 19:00:00,20211211,10000.0,1,2021-12-27 22:06:39,20211227.0
BON00005777,U0002668,2,2024-07-22 04:00:00,20240722,2000.0,1,2024-08-03 17:05:18,20240803.0
BON00005778,U0002568,1,2024-04-07 08:00:00,20240407,50.0,1,2024-04-18 22:22:18,20240418.0
BON00005779,U0003278,2,2020-01-13 02:00:00,20200113,2000.0,1,2020-01-15 20:12:29,20200115.0
BON00005780,U0000997,1,2019-07-22 08:00:00,20190722,100.0,0,,
BON00005781,U0003069,1,2021-11-29 08:00:00,20211129,100.0,1,2021-12-02 21:15:05,20211202.0
BON00005782,U0003194,5,2023-05-23 04:00:00,20230523,2000.0,0,,
BON00005783,U0001166,2,2019-11-01 18:00:00,20191101,5000.0,1,2019-11-04 03:45:25,20191104.0
BON00005784,U0000123,2,2021-07-04 04:00:00,20210704,1000.0,1,2021-07-07 07:13:26,20210707.0
BON00005785,U0000860,4,2020-11-25 20:00:00,20201125,2000.0,1,2020-11-26 06:02:21,20201126.0
BON00005786,U0001970,4,2025-10-27 18:00:00,20251027,2000.0,1,2025-10-29 02:17:58,20251029.0
BON00005787,U0002485,4,2024-02-14 03:00:00,20240214,2000.0,1,2024-02-15 00:33:53,20240215.0
BON00005788,U0001301,2,2019-06-11 07:00:00,20190611,500.0,1,2019-06-12 06:19:55,20190612.0
BON00005789,U0003527,2,2022-04-26 10:00:00,20220426,5000.0,0,,
BON00005790,U0000081,2,2019-06-16 21:00:00,20190616,1000.0,0,,
BON00005791,U0001828,1,2022-06-08 17:00:00,20220608,100.0,1,2022-06-12 07:44:04,20220612.0
BON00005792,U0001444,1,2019-05-21 17:00:00,20190521,200.0,0,,
BON00005793,U0001546,3,2025-10-05 11:00:00,20251005,500.0,1,2025-10-12 08:47:05,20251012.0
BON00005794,U0001556,2,2025-10-08 10:00:00,20251008,500.0,1,2025-10-08 23:58:36,20251008.0
BON00005795,U0002386,2,2019-03-11 17:00:00,20190311,10000.0,0,,
BON00005796,U0003662,2,2019-04-05 23:00:00,20190405,5000.0,1,2019-04-09 11:10:02,20190409.0
BON00005797,U0000634,1,2023-12-02 07:00:00,20231202,20.0,0,,
BON00005798,U0001613,2,2022-08-29 12:00:00,20220829,2000.0,1,2022-09-14 06:56:41,20220914.0
BON00005799,U0002433,2,2019-05-31 17:00:00,20190531,500.0,1,2019-06-01 13:22:36,20190601.0
BON00005800,U0003447,1,2021-09-01 04:00:00,20210901,20.0,1,2021-09-02 15:07:35,20210902.0
BON00005801,U0002734,1,2023-10-11 18:00:00,20231011,100.0,1,2023-10-20 22:30:07,20231020.0
BON00005802,U0001404,2,2023-01-20 22:00:00,20230120,5000.0,1,2023-01-25 20:31:52,20230125.0
BON00005803,U0002608,3,2019-05-12 18:00:00,20190512,200.0,0,,
BON00005804,U0003565,1,2020-02-18 16:00:00,20200218,100.0,0,,
BON00005805,U0001679,5,2021-03-21 10:00:00,20210321,5000.0,1,2021-03-22 03:59:12,20210322.0
BON00005806,U0002271,1,2021-10-29 21:00:00,20211029,50.0,1,2021-11-19 01:31:02,20211119.0
BON00005807,U0000596,2,2023-04-24 12:00:00,20230424,10000.0,1,2023-04-29 12:07:30,20230429.0
BON00005808,U0001613,2,2021-06-15 19:00:00,20210615,5000.0,1,2021-06-16 17:36:25,20210616.0
BON00005809,U0001583,3,2022-01-28 03:00:00,20220128,1000.0,0,,
BON00005810,U0001888,2,2021-01-24 06:00:00,20210124,2000.0,1,2021-01-25 05:50:47,20210125.0
BON00005811,U0002837,1,2025-08-26 03:00:00,20250826,200.0,1,2025-09-14 20:56:00,20250914.0
BON00005812,U0002835,5,2022-10-27 10:00:00,20221027,2000.0,0,,
BON00005813,U0002805,1,2020-03-09 17:00:00,20200309,100.0,1,2020-03-20 07:57:09,20200320.0
BON00005814,U0002364,4,2022-07-08 18:00:00,20220708,2000.0,1,2022-07-26 07:08:48,20220726.0
BON00005815,U0000895,2,2024-05-30 11:00:00,20240530,1000.0,1,2024-05-30 20:07:48,20240530.0
BON00005816,U0000910,3,2022-10-19 07:00:00,20221019,500.0,1,2022-10-21 05:20:05,20221021.0
BON00005817,U0002300,5,2021-08-17 22:00:00,20210817,5000.0,0,,
BON00005818,U0001092,2,2025-12-26 00:00:00,20251226,500.0,0,,
BON00005819,U0000094,4,2021-04-23 17:00:00,20210423,1000.0,0,,
BON00005820,U0003230,3,2023-11-03 11:00:00,20231103,500.0,1,2023-11-21 18:43:49,20231121.0
BON00005821,U0002464,5,2025-07-25 14:00:00,20250725,20000.0,0,,
BON00005822,U0000299,4,2024-11-08 16:00:00,20241108,1000.0,1,2024-11-11 13:26:37,20241111.0
BON00005823,U0000132,2,2022-12-21 11:00:00,20221221,10000.0,1,2022-12-24 22:35:53,20221224.0
BON00005824,U0001435,4,2020-07-24 17:00:00,20200724,500.0,0,,
BON00005825,U0003814,1,2024-04-18 03:00:00,20240418,200.0,1,2024-04-27 02:43:01,20240427.0
BON00005826,U0001243,1,2022-06-20 04:00:00,20220620,20.0,1,2022-06-21 17:57:03,20220621.0
BON00005827,U0001577,1,2019-08-12 22:00:00,20190812,20.0,0,,
BON00005828,U0003212,2,2020-11-12 09:00:00,20201112,10000.0,0,,
BON00005829,U0001444,1,2025-07-03 17:00:00,20250703,100.0,0,,
BON00005830,U0003186,3,2020-09-15 20:00:00,20200915,2000.0,0,,
BON00005831,U0001155,1,2020-09-09 13:00:00,20200909,50.0,0,,
BON00005832,U0003060,2,2020-11-22 04:00:00,20201122,5000.0,1,2020-11-24 12:06:53,20201124.0
BON00005833,U0001182,1,2021-04-27 23:00:00,20210427,20.0,1,2021-05-19 13:42:33,20210519.0
BON00005834,U0003334,1,2021-12-20 19:00:00,20211220,20.0,0,,
BON00005835,U0000314,5,2021-12-07 09:00:00,20211207,2000.0,1,2021-12-08 02:27:38,20211208.0
BON00005836,U0001222,2,2024-12-27 06:00:00,20241227,5000.0,0,,
BON00005837,U0002121,2,2025-05-05 11:00:00,20250505,5000.0,1,2025-05-07 22:43:54,20250507.0
BON00005838,U0002389,1,2022-01-27 00:00:00,20220127,100.0,1,2022-01-27 09:58:13,20220127.0
BON00005839,U0003169,1,2024-10-15 19:00:00,20241015,200.0,1,2024-10-23 23:10:58,20241023.0
BON00005840,U0001636,2,2024-03-02 12:00:00,20240302,1000.0,1,2024-03-03 22:48:25,20240303.0
BON00005841,U0002104,1,2024-11-18 03:00:00,20241118,100.0,1,2024-11-21 09:42:27,20241121.0
BON00005842,U0002435,1,2019-09-10 10:00:00,20190910,50.0,0,,
BON00005843,U0000569,4,2019-04-25 18:00:00,20190425,1000.0,0,,
BON00005844,U0000169,3,2025-03-22 22:00:00,20250322,1000.0,0,,
BON00005845,U0001812,1,2020-05-21 15:00:00,20200521,20.0,0,,
BON00005846,U0003689,2,2025-01-24 22:00:00,20250124,10000.0,1,2025-02-05 19:34:14,20250205.0
BON00005847,U0000764,4,2019-09-29 22:00:00,20190929,500.0,1,2019-10-14 03:26:48,20191014.0
BON00005848,U0003157,1,2023-08-15 20:00:00,20230815,100.0,1,2023-08-25 19:55:27,20230825.0
BON00005849,U0000889,4,2019-07-25 02:00:00,20190725,1000.0,1,2019-07-28 11:39:50,20190728.0
BON00005850,U0002250,3,2024-04-02 18:00:00,20240402,200.0,0,,
BON00005851,U0003954,4,2020-07-09 14:00:00,20200709,500.0,1,2020-07-09 19:58:34,20200709.0
BON00005852,U0003649,4,2023-12-17 10:00:00,20231217,1000.0,0,,
BON00005853,U0002529,2,2021-12-09 14:00:00,20211209,500.0,1,2021-12-20 14:10:08,20211220.0
BON00005854,U0003824,1,2023-04-19 12:00:00,20230419,200.0,1,2023-04-19 18:30:56,20230419.0
BON00005855,U0002926,1,2024-06-15 22:00:00,20240615,100.0,1,2024-06-20 11:29:42,20240620.0
BON00005856,U0001152,1,2024-12-07 11:00:00,20241207,200.0,1,2024-12-08 14:50:35,20241208.0
BON00005857,U0001929,2,2019-07-09 20:00:00,20190709,5000.0,0,,
BON00005858,U0002451,1,2023-10-21 23:00:00,20231021,50.0,1,2023-10-26 16:43:18,20231026.0
BON00005859,U0000229,4,2023-07-01 04:00:00,20230701,3000.0,0,,
BON00005860,U0002861,2,2023-10-17 11:00:00,20231017,10000.0,0,,
BON00005861,U0003250,1,2025-12-11 17:00:00,20251211,100.0,1,2026-01-02 17:49:47,20260102.0
BON00005862,U0003932,2,2024-02-05 15:00:00,20240205,5000.0,0,,
BON00005863,U0002602,3,2019-08-03 10:00:00,20190803,500.0,1,2019-08-10 15:23:07,20190810.0
BON00005864,U0002524,2,2020-09-22 10:00:00,20200922,1000.0,1,2020-09-22 14:49:34,20200922.0
BON00005865,U0000106,4,2023-06-25 19:00:00,20230625,3000.0,0,,
BON00005866,U0000391,1,2024-11-05 10:00:00,20241105,100.0,1,2024-11-06 22:17:04,20241106.0
BON00005867,U0002511,2,2021-04-13 00:00:00,20210413,500.0,0,,
BON00005868,U0002329,1,2023-12-09 10:00:00,20231209,50.0,1,2023-12-22 23:58:28,20231222.0
BON00005869,U0003229,1,2019-06-18 15:00:00,20190618,200.0,0,,
BON00005870,U0000729,2,2021-06-11 06:00:00,20210611,10000.0,1,2021-06-17 13:20:39,20210617.0
BON00005871,U0003649,1,2024-07-26 14:00:00,20240726,20.0,1,2024-08-04 05:05:25,20240804.0
BON00005872,U0002026,2,2025-09-17 04:00:00,20250917,2000.0,1,2025-09-28 03:35:20,20250928.0
BON00005873,U0001484,3,2020-02-12 10:00:00,20200212,200.0,1,2020-02-24 18:01:42,20200224.0
BON00005874,U0001171,2,2019-09-17 07:00:00,20190917,5000.0,1,2019-10-04 08:01:42,20191004.0
BON00005875,U0002194,1,2021-02-13 17:00:00,20210213,100.0,1,2021-02-18 21:32:36,20210218.0
BON00005876,U0001615,3,2024-01-01 13:00:00,20240101,500.0,0,,
BON00005877,U0000896,3,2022-11-02 00:00:00,20221102,500.0,1,2022-11-02 06:24:11,20221102.0
BON00005878,U0003239,2,2024-08-20 12:00:00,20240820,5000.0,0,,
BON00005879,U0001758,2,2020-07-27 02:00:00,20200727,10000.0,1,2020-08-03 09:22:30,20200803.0
BON00005880,U0002065,1,2025-08-15 19:00:00,20250815,20.0,1,2025-08-27 23:40:35,20250827.0
BON00005881,U0000845,2,2019-09-11 23:00:00,20190911,500.0,0,,
BON00005882,U0000994,1,2024-01-04 21:00:00,20240104,200.0,1,2024-01-22 16:10:21,20240122.0
BON00005883,U0003069,1,2022-01-10 17:00:00,20220110,50.0,1,2022-01-31 18:33:56,20220131.0
BON00005884,U0003660,4,2025-02-09 03:00:00,20250209,1000.0,0,,
BON00005885,U0001269,3,2024-10-20 06:00:00,20241020,1000.0,0,,
BON00005886,U0002764,2,2024-10-12 01:00:00,20241012,2000.0,0,,
BON00005887,U0002998,2,2019-06-23 22:00:00,20190623,5000.0,0,,
BON00005888,U0003071,1,2022-06-20 03:00:00,20220620,200.0,1,2022-07-11 00:56:25,20220711.0
BON00005889,U0001415,2,2022-04-02 04:00:00,20220402,2000.0,1,2022-04-02 12:36:43,20220402.0
BON00005890,U0002984,3,2020-10-12 07:00:00,20201012,1000.0,0,,
BON00005891,U0002895,5,2022-11-13 14:00:00,20221113,5000.0,1,2022-11-20 00:59:05,20221120.0
BON00005892,U0003765,1,2019-05-02 17:00:00,20190502,20.0,1,2019-05-06 22:54:35,20190506.0
BON00005893,U0003794,5,2021-05-09 03:00:00,20210509,20000.0,0,,
BON00005894,U0003196,1,2025-08-16 17:00:00,20250816,20.0,0,,
BON00005895,U0003079,2,2023-04-04 16:00:00,20230404,10000.0,0,,
BON00005896,U0001705,1,2020-03-31 04:00:00,20200331,200.0,1,2020-03-31 20:51:37,20200331.0
BON00005897,U0002294,2,2025-10-19 01:00:00,20251019,1000.0,1,2025-10-26 22:09:04,20251026.0
BON00005898,U0000740,2,2024-12-02 07:00:00,20241202,500.0,1,2024-12-03 18:37:07,20241203.0
BON00005899,U0001125,1,2021-01-10 17:00:00,20210110,100.0,0,,
BON00005900,U0001195,1,2020-09-11 00:00:00,20200911,100.0,1,2020-10-06 19:31:52,20201006.0
BON00005901,U0001052,4,2021-05-23 20:00:00,20210523,3000.0,1,2021-06-08 11:49:44,20210608.0
BON00005902,U0002418,2,2020-10-16 18:00:00,20201016,10000.0,0,,
BON00005903,U0003529,1,2019-11-04 15:00:00,20191104,20.0,1,2019-11-13 04:20:01,20191113.0
BON00005904,U0002513,2,2024-09-01 05:00:00,20240901,10000.0,1,2024-09-14 04:51:34,20240914.0
BON00005905,U0001512,4,2023-02-19 10:00:00,20230219,2000.0,1,2023-02-21 19:10:54,20230221.0
BON00005906,U0000735,2,2023-08-30 05:00:00,20230830,1000.0,1,2023-09-04 03:54:25,20230904.0
BON00005907,U0003445,1,2025-03-21 05:00:00,20250321,50.0,0,,
BON00005908,U0000487,4,2025-10-30 17:00:00,20251030,1000.0,0,,
BON00005909,U0003826,2,2019-11-23 19:00:00,20191123,1000.0,0,,
BON00005910,U0003312,3,2019-02-14 00:00:00,20190214,200.0,0,,
BON00005911,U0003306,1,2025-12-26 13:00:00,20251226,20.0,0,,
BON00005912,U0000031,2,2021-07-14 22:00:00,20210714,2000.0,0,,
BON00005913,U0002671,2,2019-01-25 17:00:00,20190125,5000.0,0,,
BON00005914,U0002317,1,2021-02-04 08:00:00,20210204,50.0,1,2021-02-06 02:28:10,20210206.0
BON00005915,U0001665,4,2022-03-10 18:00:00,20220310,3000.0,0,,
BON00005916,U0000585,2,2022-10-05 11:00:00,20221005,1000.0,0,,
BON00005917,U0000688,1,2025-11-11 13:00:00,20251111,20.0,1,2025-11-23 12:53:58,20251123.0
BON00005918,U0001407,2,2019-03-01 01:00:00,20190301,1000.0,1,2019-03-01 22:11:26,20190301.0
BON00005919,U0003843,1,2021-02-19 21:00:00,20210219,20.0,1,2021-02-20 01:50:48,20210220.0
BON00005920,U0000765,4,2025-10-02 17:00:00,20251002,3000.0,1,2025-10-05 14:16:54,20251005.0
BON00005921,U0002969,1,2020-12-31 06:00:00,20201231,100.0,1,2021-01-14 00:11:53,20210114.0
BON00005922,U0002713,4,2022-08-14 07:00:00,20220814,2000.0,1,2022-08-21 14:09:56,20220821.0
BON00005923,U0000294,4,2024-07-16 15:00:00,20240716,2000.0,1,2024-07-18 16:07:11,20240718.0
BON00005924,U0003560,1,2020-06-02 09:00:00,20200602,100.0,1,2020-06-03 13:00:19,20200603.0
BON00005925,U0002151,3,2019-11-02 09:00:00,20191102,500.0,1,2019-11-21 22:20:26,20191121.0
BON00005926,U0003636,1,2023-11-19 09:00:00,20231119,50.0,0,,
BON00005927,U0002771,2,2023-06-23 07:00:00,20230623,2000.0,0,,
BON00005928,U0000705,4,2021-07-10 20:00:00,20210710,500.0,1,2021-07-11 02:03:48,20210711.0
BON00005929,U0003163,2,2021-02-23 05:00:00,20210223,500.0,1,2021-03-06 03:44:56,20210306.0
BON00005930,U0000274,1,2024-04-23 01:00:00,20240423,20.0,1,2024-04-26 06:15:48,20240426.0
BON00005931,U0000954,5,2019-12-04 08:00:00,20191204,2000.0,1,2019-12-05 05:03:03,20191205.0
BON00005932,U0003551,2,2023-12-26 14:00:00,20231226,2000.0,1,2023-12-27 02:14:35,20231227.0
BON00005933,U0002968,1,2021-07-11 14:00:00,20210711,200.0,1,2021-07-13 07:56:15,20210713.0
BON00005934,U0003562,2,2024-06-01 19:00:00,20240601,2000.0,1,2024-06-02 10:29:44,20240602.0
BON00005935,U0000289,3,2023-03-03 05:00:00,20230303,1000.0,1,2023-03-04 16:19:02,20230304.0
BON00005936,U0003994,3,2025-12-02 08:00:00,20251202,200.0,1,2025-12-05 18:31:34,20251205.0
BON00005937,U0001958,3,2019-10-16 14:00:00,20191016,500.0,1,2019-10-17 21:24:42,20191017.0
BON00005938,U0000184,2,2022-07-05 06:00:00,20220705,500.0,1,2022-07-13 23:57:38,20220713.0
BON00005939,U0001132,2,2021-07-01 05:00:00,20210701,500.0,1,2021-07-22 18:28:50,20210722.0
BON00005940,U0001176,4,2024-03-02 10:00:00,20240302,2000.0,0,,
BON00005941,U0003404,2,2024-01-28 22:00:00,20240128,2000.0,1,2024-02-02 02:31:45,20240202.0
BON00005942,U0003764,4,2023-11-27 18:00:00,20231127,3000.0,1,2023-12-08 00:51:37,20231208.0
BON00005943,U0001816,1,2023-06-02 17:00:00,20230602,100.0,0,,
BON00005944,U0002300,2,2021-12-03 17:00:00,20211203,10000.0,1,2021-12-14 02:46:24,20211214.0
BON00005945,U0002626,1,2022-05-16 05:00:00,20220516,50.0,1,2022-05-22 12:37:19,20220522.0
BON00005946,U0003770,2,2021-09-27 22:00:00,20210927,500.0,1,2021-09-28 11:58:26,20210928.0
BON00005947,U0000716,2,2022-01-30 19:00:00,20220130,500.0,0,,
BON00005948,U0001824,2,2020-04-10 02:00:00,20200410,2000.0,0,,
BON00005949,U0001188,1,2020-09-01 06:00:00,20200901,20.0,0,,
BON00005950,U0003914,1,2024-08-06 04:00:00,20240806,100.0,1,2024-08-11 14:38:39,20240811.0
BON00005951,U0002316,3,2020-02-25 02:00:00,20200225,200.0,0,,
BON00005952,U0001583,5,2021-05-02 02:00:00,20210502,20000.0,1,2021-05-13 00:33:02,20210513.0
BON00005953,U0000774,4,2024-06-13 13:00:00,20240613,1000.0,0,,
BON00005954,U0002507,5,2019-12-29 00:00:00,20191229,5000.0,0,,
BON00005955,U0001290,2,2025-03-05 19:00:00,20250305,2000.0,0,,
BON00005956,U0000376,3,2023-02-08 07:00:00,20230208,2000.0,0,,
BON00005957,U0001821,1,2019-06-16 15:00:00,20190616,50.0,1,2019-06-20 23:59:19,20190620.0
BON00005958,U0000943,4,2020-06-12 13:00:00,20200612,3000.0,0,,
BON00005959,U0003764,2,2024-04-27 00:00:00,20240427,2000.0,1,2024-04-28 05:36:26,20240428.0
BON00005960,U0001456,1,2025-07-26 11:00:00,20250726,50.0,1,2025-07-30 14:36:48,20250730.0
BON00005961,U0002312,4,2021-07-08 05:00:00,20210708,500.0,1,2021-07-11 11:35:53,20210711.0
BON00005962,U0000978,2,2019-08-26 09:00:00,20190826,2000.0,1,2019-08-27 22:52:27,20190827.0
BON00005963,U0002236,2,2025-04-15 20:00:00,20250415,10000.0,1,2025-04-16 07:09:57,20250416.0
BON00005964,U0002973,1,2025-12-10 08:00:00,20251210,20.0,0,,
BON00005965,U0003315,2,2023-03-18 19:00:00,20230318,5000.0,1,2023-04-02 02:27:56,20230402.0
BON00005966,U0000652,3,2019-11-13 20:00:00,20191113,2000.0,1,2019-11-15 14:07:23,20191115.0
BON00005967,U0002274,4,2019-02-26 15:00:00,20190226,2000.0,1,2019-02-27 06:44:22,20190227.0
BON00005968,U0002580,1,2021-08-10 08:00:00,20210810,100.0,0,,
BON00005969,U0000898,1,2025-10-18 12:00:00,20251018,200.0,1,2025-10-22 08:42:37,20251022.0
BON00005970,U0000044,2,2022-04-20 00:00:00,20220420,2000.0,1,2022-04-26 21:03:42,20220426.0
BON00005971,U0002188,5,2023-02-04 06:00:00,20230204,20000.0,1,2023-02-13 06:12:10,20230213.0
BON00005972,U0000788,3,2021-08-06 16:00:00,20210806,200.0,1,2021-08-06 23:55:55,20210806.0
BON00005973,U0002154,5,2024-07-08 10:00:00,20240708,20000.0,1,2024-07-09 03:33:16,20240709.0
BON00005974,U0002339,2,2020-05-02 10:00:00,20200502,10000.0,0,,
BON00005975,U0001483,1,2019-11-02 22:00:00,20191102,200.0,1,2019-11-08 19:41:20,20191108.0
BON00005976,U0003690,4,2020-12-31 16:00:00,20201231,3000.0,1,2021-01-07 13:13:08,20210107.0
BON00005977,U0002232,2,2024-08-26 07:00:00,20240826,1000.0,1,2024-08-29 20:41:15,20240829.0
BON00005978,U0002340,1,2025-04-20 20:00:00,20250420,50.0,0,,
BON00005979,U0000047,1,2025-02-19 18:00:00,20250219,100.0,1,2025-03-01 04:39:28,20250301.0
BON00005980,U0002513,5,2022-04-05 16:00:00,20220405,5000.0,1,2022-04-18 01:50:20,20220418.0
BON00005981,U0000323,1,2024-08-30 10:00:00,20240830,50.0,1,2024-09-01 03:25:20,20240901.0
BON00005982,U0000851,1,2023-12-23 16:00:00,20231223,100.0,1,2023-12-24 16:55:17,20231224.0
BON00005983,U0000279,2,2020-11-10 17:00:00,20201110,10000.0,0,,
BON00005984,U0001330,1,2025-04-29 10:00:00,20250429,200.0,1,2025-05-06 23:01:36,20250506.0
BON00005985,U0002126,5,2025-12-17 08:00:00,20251217,10000.0,1,2026-01-16 08:00:00,20260116.0
BON00005986,U0002886,1,2019-10-08 18:00:00,20191008,100.0,1,2019-10-26 18:53:58,20191026.0
BON00005987,U0000058,3,2023-09-19 03:00:00,20230919,1000.0,1,2023-09-24 07:19:50,20230924.0
BON00005988,U0001504,1,2025-05-31 16:00:00,20250531,20.0,1,2025-06-03 14:54:37,20250603.0
BON00005989,U0001589,1,2021-12-29 10:00:00,20211229,100.0,0,,
BON00005990,U0001028,2,2021-06-26 02:00:00,20210626,500.0,1,2021-07-02 17:59:06,20210702.0
BON00005991,U0001574,1,2024-12-09 19:00:00,20241209,20.0,1,2025-01-07 04:08:40,20250107.0
BON00005992,U0001417,1,2019-07-19 09:00:00,20190719,100.0,0,,
BON00005993,U0000047,1,2024-11-07 22:00:00,20241107,100.0,0,,
BON00005994,U0000908,2,2025-03-15 07:00:00,20250315,5000.0,1,2025-03-29 09:25:10,20250329.0
BON00005995,U0003746,1,2021-06-28 21:00:00,20210628,200.0,1,2021-06-28 21:25:17,20210628.0
BON00005996,U0000248,2,2025-03-16 14:00:00,20250316,10000.0,0,,
BON00005997,U0001618,3,2024-11-28 03:00:00,20241128,500.0,0,,
BON00005998,U0002382,2,2025-03-16 20:00:00,20250316,10000.0,0,,
BON00005999,U0000079,1,2022-08-09 18:00:00,20220809,50.0,1,2022-08-10 22:32:18,20220810.0
BON00006000,U0002475,2,2022-07-08 09:00:00,20220708,2000.0,1,2022-07-11 04:29:18,20220711.0
