user_id,first_name,last_name,country_code,registration_date_id,geo_id,segment,is_active_flag
U0000001,Emma,Garcia,ES,20190101,17,Regular,1
U0000002,Michael,Garcia,IT,20190102,18,Regular,1
U0000003,Amelia,Smith,GB,20190102,6,Regular,1
U0000004,Michael,Rossi,US,20190102,3,Regular,1
U0000005,Laura,Miller,DE,20190102,9,Regular,1
U0000006,Oliver,Smith,GB,20190103,6,Regular,1
U0000007,Sophia,Rossi,GB,20190104,6,Bronze,1
U0000008,Laura,Smith,IN,20190105,27,Silver,1
U0000009,Amelia,Rossi,IT,20190106,20,Bronze,1
U0000010,Liam,Anderson,ES,20190107,17,Regular,1
U0000011,Isabella,Garcia,FR,20190108,14,Silver,1
U0000012,James,Müller,FR,20190108,12,Gold,1
U0000013,John,Santos,ES,20190110,17,Regular,1
U0000014,Emma,Rossi,BR,20190110,22,Regular,1
U0000015,Laura,Brown,BR,20190110,21,Regular,1
U0000016,Noah,Dubois,US,20190110,1,Regular,1
U0000017,Amelia,Costa,ES,20190110,15,Bronze,1
U0000018,Lucas,Garcia,FR,20190111,12,Silver,1
U0000019,Noah,Anderson,CA,20190111,23,Regular,1
U0000020,Ethan,Santos,IT,20190112,20,Silver,1
U0000021,Laura,Smith,ES,20190112,17,Silver,1
U0000022,Laura,Miller,US,20190112,1,Gold,1
U0000023,Lucas,Martinez,IT,20190112,20,Regular,1
U0000024,Sophia,Garcia,US,20190114,2,Gold,1
U0000025,David,Costa,DE,20190114,11,Regular,1
U0000026,Maria,Anderson,US,20190116,5,Regular,0
U0000027,John,Anderson,BR,20190117,22,Regular,1
U0000028,Isabella,Smith,GB,20190117,6,Regular,1
U0000029,Michael,Costa,DE,20190119,10,Bronze,1
U0000030,Lucas,Müller,AU,20190119,26,Regular,1
U0000031,Oliver,Rossi,GB,20190119,6,Regular,1
U0000032,Emma,Dubois,ES,20190119,15,Regular,1
U0000033,Emma,Silva,FR,20190120,14,Bronze,1
U0000034,Oliver,Johnson,US,20190121,4,Regular,1
U0000035,Sophia,Moreau,BR,20190121,22,Silver,1
U0000036,Charlotte,Smith,US,20190122,3,Regular,1
U0000037,Liam,Miller,FR,20190122,12,Regular,1
U0000038,John,Santos,ES,20190122,15,Regular,1
U0000039,John,Santos,IT,20190122,19,Regular,0
U0000040,Noah,Anderson,BR,20190122,21,Regular,1
U0000041,Daniel,Dubois,GB,20190123,6,Regular,1
U0000042,Lucas,Johnson,US,20190123,4,Gold,1
U0000043,John,Anderson,BR,20190125,21,Bronze,1
U0000044,Emma,Silva,ES,20190125,16,Regular,1
U0000045,Sophia,Anderson,CA,20190125,24,Regular,1
U0000046,Maria,Anderson,CA,20190125,24,Silver,1
U0000047,Sophia,Müller,CA,20190126,23,Regular,1
U0000048,Charlotte,Johnson,FR,20190128,14,Regular,1
U0000049,Isabella,Smith,DE,20190128,10,Bronze,1
U0000050,Laura,Santos,BR,20190129,21,Bronze,1
U0000051,Amelia,Moreau,FR,20190129,13,Regular,1
U0000052,Sophia,Brown,GB,20190129,6,Regular,1
U0000053,Oliver,Schmidt,CA,20190202,24,Regular,0
U0000054,Amelia,Santos,AU,20190204,26,Bronze,1
U0000055,Maria,Anderson,FR,20190204,14,Regular,1
U0000056,Liam,Miller,US,20190205,2,Regular,1
U0000057,Isabella,Anderson,DE,20190205,11,Regular,0
U0000058,James,Bernard,CA,20190205,23,Regular,1
U0000059,John,Costa,AU,20190206,25,Gold,1
U0000060,Liam,Santos,GB,20190206,8,Silver,1
U0000061,Laura,Smith,US,20190207,2,Bronze,1
U0000062,Ethan,Martinez,CA,20190208,24,Regular,1
U0000063,Maria,Dubois,DE,20190208,9,Regular,1
U0000064,Maria,Rossi,ES,20190208,15,Regular,1
U0000065,James,Anderson,IN,20190208,27,Regular,1
U0000066,Noah,Bernard,US,20190209,4,VIP,1
U0000067,David,Costa,IT,20190209,19,Regular,1
U0000068,Anna,Müller,US,20190209,4,Regular,1
U0000069,Sophia,Müller,DE,20190210,11,Regular,1
U0000070,Anna,Moreau,CA,20190210,24,Bronze,1
U0000071,Sophia,Costa,FR,20190210,12,Regular,1
U0000072,Sophia,Garcia,IN,20190210,28,Regular,1
U0000073,Maria,Dubois,ES,20190211,16,Regular,1
U0000074,Oliver,Silva,DE,20190212,9,Silver,1
U0000075,Daniel,Santos,GB,20190212,8,Regular,1
U0000076,Liam,Bernard,DE,20190212,10,Gold,1
U0000077,Emma,Anderson,DE,20190212,11,Silver,0
U0000078,Michael,Martinez,US,20190212,1,Regular,1
U0000079,Isabella,Rossi,DE,20190216,11,Silver,1
U0000080,Anna,Dubois,FR,20190216,14,Regular,1
U0000081,Daniel,Brown,BR,20190217,21,Gold,1
U0000082,John,Anderson,IT,20190218,20,Regular,1
U0000083,Noah,Garcia,BR,20190219,21,Regular,1
U0000084,Maria,Martinez,US,20190219,2,Regular,0
U0000085,Sophia,Rossi,GB,20190220,7,Regular,0
U0000086,Charlotte,Martinez,IT,20190220,19,VIP,1
U0000087,Isabella,Anderson,FR,20190220,13,Regular,1
U0000088,Isabella,Miller,US,20190220,5,Bronze,1
U0000089,Michael,Santos,CA,20190222,23,Regular,1
U0000090,Oliver,Anderson,BR,20190223,22,Gold,0
U0000091,Anna,Dubois,ES,20190224,15,Regular,1
U0000092,Emma,Müller,US,20190224,2,Regular,1
U0000093,Ethan,Rossi,BR,20190224,21,Regular,1
U0000094,Noah,Johnson,ES,20190225,16,Bronze,1
U0000095,Laura,Smith,BR,20190226,22,Regular,0
U0000096,Liam,Bernard,BR,20190227,22,Regular,1
U0000097,Maria,Schmidt,CA,20190228,23,Regular,1
U0000098,Lucas,Bernard,ES,20190301,15,Bronze,1
U0000099,Ethan,Martinez,US,20190302,5,Regular,1
U0000100,Lucas,Martinez,IT,20190302,20,Regular,1
U0000101,Maria,Johnson,IT,20190302,19,Regular,1
U0000102,James,Brown,BR,20190302,21,Silver,1
U0000103,Noah,Moreau,US,20190304,4,Gold,1
U0000104,Daniel,Santos,GB,20190304,7,Regular,1
U0000105,Sophia,Miller,AU,20190304,26,Regular,1
U0000106,Ethan,Müller,BR,20190306,21,Regular,1
U0000107,Lucas,Miller,AU,20190306,26,Regular,1
U0000108,Anna,Müller,BR,20190308,21,Regular,1
U0000109,David,Anderson,ES,20190308,15,Bronze,1
U0000110,Emma,Schmidt,IT,20190309,20,Regular,1
U0000111,Laura,Moreau,AU,20190309,26,Gold,1
U0000112,Emma,Bernard,ES,20190310,17,Regular,1
U0000113,Maria,Johnson,IT,20190310,20,Bronze,1
U0000114,Charlotte,Schmidt,US,20190310,4,Regular,1
U0000115,Anna,Garcia,FR,20190313,14,Regular,1
U0000116,Laura,Miller,BR,20190314,22,Regular,0
U0000117,Sophia,Johnson,GB,20190314,7,Regular,0
U0000118,Maria,Costa,GB,20190314,6,Regular,1
U0000119,Amelia,Costa,DE,20190314,9,Bronze,1
U0000120,James,Miller,GB,20190316,8,Gold,1
U0000121,Noah,Miller,GB,20190316,7,Regular,1
U0000122,Michael,Miller,FR,20190316,12,Regular,1
U0000123,David,Johnson,AU,20190317,25,Regular,1
U0000124,Noah,Miller,ES,20190318,15,Regular,1
U0000125,Oliver,Martinez,GB,20190319,6,Regular,1
U0000126,Liam,Miller,US,20190319,2,Bronze,1
U0000127,James,Rossi,BR,20190320,22,VIP,1
U0000128,Isabella,Bernard,DE,20190321,11,Gold,0
U0000129,Liam,Martinez,CA,20190323,23,Regular,1
U0000130,Maria,Dubois,IT,20190323,19,Silver,1
U0000131,Charlotte,Costa,BR,20190324,22,Bronze,1
U0000132,Michael,Anderson,GB,20190324,8,Regular,1
U0000133,Daniel,Miller,BR,20190324,22,Regular,1
U0000134,Daniel,Garcia,GB,20190325,8,Silver,1
U0000135,Oliver,Bernard,AU,20190325,26,Regular,1
U0000136,Anna,Moreau,IT,20190327,20,Regular,1
U0000137,Charlotte,Garcia,DE,20190327,9,Regular,1
U0000138,Amelia,Miller,GB,20190328,8,Regular,0
U0000139,Daniel,Rossi,GB,20190328,8,Regular,1
U0000140,Anna,Costa,BR,20190329,21,Gold,0
U0000141,Lucas,Santos,GB,20190331,8,Bronze,0
U0000142,David,Smith,ES,20190331,17,Bronze,1
U0000143,Noah,Müller,GB,20190331,7,Regular,1
U0000144,Anna,Anderson,IT,20190401,20,Bronze,1
U0000145,Lucas,Moreau,CA,20190402,24,Regular,1
U0000146,Anna,Dubois,BR,20190403,21,Regular,1
U0000147,Michael,Martinez,BR,20190405,22,Regular,1
U0000148,John,Brown,GB,20190405,7,Regular,1
U0000149,Amelia,Schmidt,US,20190406,2,Regular,1
U0000150,Sophia,Bernard,BR,20190408,22,Regular,1
U0000151,Oliver,Santos,DE,20190408,9,Regular,1
U0000152,Lucas,Bernard,FR,20190409,14,Regular,1
U0000153,Lucas,Müller,US,20190410,3,VIP,1
U0000154,Noah,Garcia,GB,20190412,8,Regular,1
U0000155,David,Santos,US,20190412,2,Bronze,1
U0000156,Daniel,Müller,CA,20190414,23,Regular,1
U0000157,Charlotte,Garcia,GB,20190414,8,Regular,1
U0000158,Charlotte,Santos,ES,20190415,16,VIP,1
U0000159,Isabella,Santos,US,20190415,5,Regular,0
U0000160,Charlotte,Santos,IT,20190415,20,Regular,1
U0000161,Noah,Costa,DE,20190416,9,Bronze,1
U0000162,Isabella,Bernard,AU,20190416,25,Regular,1
U0000163,John,Smith,AU,20190417,26,Silver,1
U0000164,Michael,Costa,DE,20190418,9,Regular,1
U0000165,Ethan,Garcia,AU,20190421,25,Regular,1
U0000166,Oliver,Smith,IN,20190421,28,Regular,1
U0000167,Laura,Brown,CA,20190422,24,Regular,1
U0000168,John,Brown,CA,20190423,23,Silver,1
U0000169,Anna,Moreau,GB,20190423,6,Bronze,1
U0000170,Liam,Moreau,ES,20190423,16,Regular,1
U0000171,Oliver,Silva,US,20190425,3,Regular,1
U0000172,John,Martinez,US,20190425,2,Bronze,1
U0000173,John,Santos,IN,20190426,27,Regular,1
U0000174,Emma,Johnson,DE,20190426,9,Regular,1
U0000175,Emma,Silva,BR,20190426,21,Regular,1
U0000176,Laura,Johnson,CA,20190427,23,Regular,1
U0000177,Maria,Garcia,CA,20190427,24,Bronze,1
U0000178,Daniel,Johnson,IN,20190427,27,VIP,1
U0000179,James,Dubois,GB,20190428,8,Regular,1
U0000180,Isabella,Santos,US,20190428,2,Regular,1
U0000181,Liam,Silva,FR,20190429,12,Regular,1
U0000182,Maria,Dubois,US,20190429,4,Regular,1
U0000183,Lucas,Moreau,US,20190430,5,Regular,1
U0000184,David,Bernard,DE,20190501,9,Silver,1
U0000185,Michael,Smith,BR,20190503,22,Regular,1
U0000186,Maria,Schmidt,ES,20190504,17,Regular,1
U0000187,Maria,Garcia,DE,20190504,11,Regular,0
U0000188,Amelia,Silva,IT,20190504,19,Regular,1
U0000189,Liam,Costa,GB,20190506,6,Regular,1
U0000190,Liam,Rossi,US,20190506,5,Bronze,1
U0000191,Anna,Costa,BR,20190506,21,Regular,1
U0000192,Charlotte,Bernard,IT,20190506,20,Bronze,1
U0000193,Daniel,Silva,BR,20190507,22,Regular,0
U0000194,Anna,Rossi,US,20190508,4,Regular,1
U0000195,Noah,Dubois,CA,20190508,24,Regular,1
U0000196,Laura,Brown,IT,20190508,19,Regular,1
U0000197,Oliver,Johnson,ES,20190508,17,Regular,1
U0000198,Lucas,Moreau,IT,20190509,19,Regular,1
U0000199,Isabella,Silva,CA,20190510,23,Bronze,1
U0000200,John,Garcia,ES,20190510,15,Bronze,1
U0000201,Emma,Dubois,ES,20190510,15,Regular,1
U0000202,Emma,Rossi,IN,20190510,27,Regular,1
U0000203,Daniel,Brown,BR,20190511,22,Regular,0
U0000204,Oliver,Dubois,FR,20190511,12,Regular,1
U0000205,John,Moreau,BR,20190511,21,Regular,1
U0000206,Liam,Martinez,DE,20190512,11,Silver,1
U0000207,Lucas,Smith,GB,20190512,6,Regular,1
U0000208,James,Smith,ES,20190514,15,Regular,0
U0000209,Laura,Schmidt,AU,20190514,25,Regular,1
U0000210,Michael,Müller,AU,20190515,25,Regular,1
U0000211,Isabella,Dubois,DE,20190517,9,Bronze,1
U0000212,Sophia,Santos,ES,20190517,15,Regular,1
U0000213,Ethan,Miller,GB,20190517,6,Regular,1
U0000214,Michael,Johnson,IN,20190517,28,Bronze,1
U0000215,Michael,Bernard,IN,20190518,27,Regular,1
U0000216,James,Schmidt,IT,20190518,20,Bronze,1
U0000217,John,Bernard,CA,20190519,23,Regular,1
U0000218,Michael,Miller,BR,20190519,22,Regular,1
U0000219,James,Johnson,ES,20190520,17,Bronze,1
U0000220,Charlotte,Miller,US,20190521,4,Regular,1
U0000221,Amelia,Costa,FR,20190521,12,Regular,1
U0000222,Isabella,Dubois,IT,20190522,20,Regular,1
U0000223,James,Smith,IT,20190522,18,Regular,1
U0000224,Ethan,Costa,DE,20190523,11,Bronze,1
U0000225,Sophia,Moreau,IN,20190524,28,Silver,0
U0000226,Noah,Müller,US,20190526,2,VIP,1
U0000227,Daniel,Müller,ES,20190526,16,Bronze,1
U0000228,Oliver,Bernard,BR,20190527,22,Regular,1
U0000229,John,Dubois,BR,20190527,21,Regular,1
U0000230,Maria,Dubois,IT,20190528,18,Regular,1
U0000231,Charlotte,Garcia,GB,20190528,6,Regular,1
U0000232,James,Silva,US,20190529,4,Regular,1
U0000233,Liam,Müller,IT,20190529,19,Gold,1
U0000234,Sophia,Miller,ES,20190529,16,Regular,1
U0000235,Daniel,Moreau,US,20190531,4,Regular,1
U0000236,Charlotte,Rossi,BR,20190602,22,Regular,1
U0000237,James,Bernard,FR,20190603,14,Silver,1
U0000238,Liam,Costa,IT,20190603,18,Bronze,1
U0000239,James,Miller,CA,20190603,23,Bronze,1
U0000240,Maria,Garcia,US,20190603,1,Regular,1
U0000241,James,Santos,US,20190603,4,Silver,1
U0000242,James,Santos,BR,20190604,22,Regular,1
U0000243,Noah,Brown,IT,20190605,18,Silver,0
U0000244,Oliver,Brown,BR,20190608,21,Regular,1
U0000245,Oliver,Johnson,CA,20190608,23,Regular,1
U0000246,Sophia,Santos,CA,20190609,23,Regular,1
U0000247,Liam,Garcia,IN,20190609,28,Bronze,1
U0000248,Oliver,Anderson,ES,20190609,15,Regular,1
U0000249,Laura,Rossi,FR,20190610,13,Silver,1
U0000250,Charlotte,Costa,FR,20190610,12,Regular,1
U0000251,Maria,Brown,US,20190611,3,Regular,1
U0000252,Lucas,Bernard,ES,20190611,16,Regular,1
U0000253,Michael,Silva,GB,20190611,6,Regular,1
U0000254,Ethan,Silva,AU,20190611,25,Regular,1
U0000255,Noah,Schmidt,ES,20190612,16,Regular,1
U0000256,Oliver,Anderson,ES,20190612,17,Bronze,1
U0000257,Noah,Santos,DE,20190613,9,Regular,1
U0000258,Anna,Costa,US,20190613,1,Gold,1
U0000259,Emma,Anderson,US,20190614,5,Regular,1
U0000260,John,Santos,FR,20190614,12,Silver,1
U0000261,John,Martinez,US,20190614,1,Regular,0
U0000262,David,Garcia,IT,20190615,18,Regular,1
U0000263,James,Garcia,AU,20190615,25,Regular,1
U0000264,Noah,Anderson,AU,20190616,26,Regular,1
U0000265,Daniel,Costa,IT,20190617,19,Silver,1
U0000266,David,Garcia,GB,20190619,7,Regular,1
U0000267,Liam,Miller,CA,20190620,23,Regular,1
U0000268,David,Rossi,AU,20190621,26,Silver,1
U0000269,James,Costa,GB,20190622,6,Regular,1
U0000270,Sophia,Anderson,BR,20190622,21,Bronze,0
U0000271,Emma,Johnson,GB,20190623,7,Regular,1
U0000272,Amelia,Martinez,CA,20190624,23,Silver,1
U0000273,Maria,Bernard,IN,20190625,28,Regular,1
U0000274,Sophia,Miller,US,20190626,3,Regular,1
U0000275,Amelia,Santos,AU,20190628,26,Regular,1
U0000276,Michael,Miller,IT,20190630,19,Gold,1
U0000277,James,Miller,IN,20190630,28,Regular,1
U0000278,Lucas,Bernard,FR,20190701,14,Regular,1
U0000279,Michael,Dubois,CA,20190702,24,Bronze,1
U0000280,Maria,Johnson,US,20190702,2,Gold,1
U0000281,Laura,Garcia,DE,20190702,9,Silver,1
U0000282,Anna,Miller,US,20190702,3,VIP,1
U0000283,Charlotte,Bernard,IN,20190702,27,Regular,1
U0000284,James,Dubois,CA,20190705,23,Regular,1
U0000285,James,Bernard,CA,20190706,23,Bronze,1
U0000286,Michael,Dubois,AU,20190706,26,Silver,1
U0000287,John,Dubois,US,20190706,1,Regular,1
U0000288,Daniel,Anderson,DE,20190707,9,Regular,1
U0000289,Lucas,Smith,US,20190707,5,Silver,1
U0000290,Anna,Garcia,GB,20190707,7,Regular,1
U0000291,Laura,Garcia,GB,20190709,8,Regular,1
U0000292,Amelia,Santos,FR,20190709,14,Regular,1
U0000293,Sophia,Johnson,GB,20190709,6,Regular,1
U0000294,David,Dubois,US,20190709,1,Bronze,1
U0000295,Laura,Dubois,US,20190709,5,Regular,1
U0000296,Anna,Rossi,US,20190710,1,Bronze,1
U0000297,Lucas,Martinez,IN,20190710,27,Regular,1
U0000298,James,Anderson,BR,20190711,21,Regular,1
U0000299,Isabella,Smith,IN,20190713,27,Bronze,1
U0000300,Isabella,Miller,FR,20190713,14,Regular,1
U0000301,Amelia,Bernard,GB,20190713,6,Regular,0
U0000302,Sophia,Brown,BR,20190714,22,Regular,1
U0000303,Isabella,Johnson,DE,20190715,9,Regular,1
U0000304,Noah,Santos,GB,20190717,8,Regular,1
U0000305,Charlotte,Anderson,GB,20190717,6,Silver,1
U0000306,Lucas,Dubois,US,20190717,5,Bronze,1
U0000307,James,Costa,GB,20190717,8,Silver,1
U0000308,Daniel,Moreau,DE,20190717,9,Regular,1
U0000309,Michael,Silva,IT,20190717,20,Regular,1
U0000310,Lucas,Anderson,US,20190720,1,Regular,1
U0000311,James,Garcia,GB,20190720,7,Regular,1
U0000312,Charlotte,Garcia,CA,20190721,24,Regular,1
U0000313,Noah,Costa,US,20190721,3,Regular,1
U0000314,Amelia,Costa,DE,20190721,9,VIP,1
U0000315,Lucas,Costa,CA,20190721,24,Regular,1
U0000316,Isabella,Garcia,US,20190722,2,Regular,1
U0000317,Laura,Moreau,US,20190722,3,Bronze,1
U0000318,John,Brown,FR,20190724,13,Regular,0
U0000319,Daniel,Santos,DE,20190724,9,Silver,1
U0000320,Noah,Silva,ES,20190725,17,Bronze,0
U0000321,Noah,Müller,CA,20190726,24,Gold,1
U0000322,James,Silva,US,20190727,4,Regular,1
U0000323,Charlotte,Moreau,ES,20190727,16,Bronze,1
U0000324,Amelia,Johnson,ES,20190727,15,Regular,1
U0000325,Michael,Costa,US,20190729,1,Bronze,1
U0000326,David,Schmidt,IT,20190731,19,Regular,1
U0000327,Sophia,Brown,GB,20190801,8,Regular,1
U0000328,Anna,Martinez,FR,20190801,14,Regular,1
U0000329,John,Smith,US,20190802,1,Regular,1
U0000330,Liam,Dubois,FR,20190803,12,Silver,1
U0000331,Emma,Miller,DE,20190804,11,Bronze,1
U0000332,Anna,Brown,CA,20190804,23,Bronze,1
U0000333,Liam,Rossi,US,20190804,5,Regular,1
U0000334,Liam,Johnson,FR,20190805,13,Bronze,1
U0000335,James,Rossi,FR,20190805,12,Regular,1
U0000336,Charlotte,Anderson,BR,20190805,22,Silver,1
U0000337,Emma,Smith,ES,20190807,15,Gold,1
U0000338,Noah,Miller,IT,20190809,18,Regular,1
U0000339,Laura,Martinez,BR,20190811,22,Silver,1
U0000340,Isabella,Smith,CA,20190812,24,Regular,1
U0000341,Daniel,Schmidt,DE,20190813,9,Regular,1
U0000342,Ethan,Rossi,ES,20190813,16,Regular,1
U0000343,Michael,Müller,CA,20190814,24,Regular,1
U0000344,John,Costa,IN,20190814,27,Bronze,1
U0000345,Lucas,Brown,AU,20190815,26,Regular,1
U0000346,Liam,Moreau,DE,20190815,11,Regular,1
U0000347,Noah,Silva,GB,20190815,6,Regular,1
U0000348,Noah,Johnson,FR,20190817,12,Bronze,1
U0000349,Lucas,Anderson,BR,20190820,22,Gold,1
U0000350,David,Smith,FR,20190821,12,Bronze,1
U0000351,Noah,Moreau,FR,20190821,12,Bronze,1
U0000352,Anna,Santos,CA,20190823,23,Regular,1
U0000353,Emma,Martinez,DE,20190823,10,Regular,1
U0000354,Anna,Santos,CA,20190823,24,Regular,1
U0000355,Sophia,Smith,FR,20190823,14,Regular,1
U0000356,Michael,Moreau,DE,20190824,9,Bronze,1
U0000357,Liam,Silva,FR,20190824,14,Regular,1
U0000358,Emma,Schmidt,BR,20190825,22,Bronze,1
U0000359,Ethan,Brown,US,20190825,2,Regular,1
U0000360,Isabella,Miller,GB,20190826,8,Regular,1
U0000361,Isabella,Miller,IN,20190830,28,Regular,1
U0000362,Emma,Martinez,US,20190830,5,Silver,1
U0000363,David,Dubois,ES,20190830,16,Bronze,1
U0000364,Amelia,Garcia,ES,20190830,16,Silver,1
U0000365,Amelia,Martinez,FR,20190830,12,Regular,1
U0000366,Amelia,Schmidt,IT,20190831,18,VIP,1
U0000367,David,Brown,GB,20190901,8,Regular,1
U0000368,Noah,Garcia,ES,20190902,16,Regular,1
U0000369,Amelia,Dubois,DE,20190902,10,VIP,1
U0000370,Anna,Santos,IT,20190902,18,Regular,1
U0000371,James,Martinez,US,20190903,1,Bronze,1
U0000372,Noah,Johnson,ES,20190904,16,Regular,1
U0000373,John,Moreau,GB,20190906,6,Regular,0
U0000374,James,Martinez,GB,20190907,8,Gold,1
U0000375,Isabella,Smith,GB,20190907,7,Regular,1
U0000376,Charlotte,Johnson,GB,20190908,6,Bronze,1
U0000377,Michael,Dubois,CA,20190908,24,Regular,1
U0000378,Ethan,Silva,GB,20190911,8,Bronze,1
U0000379,Ethan,Miller,AU,20190911,26,Regular,1
U0000380,John,Moreau,IN,20190911,27,Regular,1
U0000381,David,Garcia,ES,20190911,15,Regular,1
U0000382,Maria,Santos,US,20190913,1,Regular,1
U0000383,Liam,Moreau,DE,20190913,11,Gold,1
U0000384,Ethan,Schmidt,BR,20190913,21,Regular,0
U0000385,Oliver,Silva,DE,20190914,11,Regular,1
U0000386,Amelia,Miller,US,20190916,1,Regular,1
U0000387,Anna,Johnson,ES,20190918,16,Regular,1
U0000388,Laura,Rossi,CA,20190918,23,Bronze,1
U0000389,Michael,Müller,BR,20190919,22,VIP,1
U0000390,Emma,Müller,US,20190919,2,Regular,1
U0000391,Amelia,Anderson,IT,20190919,18,Silver,1
U0000392,Anna,Silva,GB,20190920,7,Regular,1
U0000393,Ethan,Miller,GB,20190920,7,Regular,1
U0000394,Noah,Schmidt,CA,20190922,23,Bronze,1
U0000395,Laura,Johnson,GB,20190922,7,Regular,1
U0000396,Amelia,Moreau,GB,20190922,6,Bronze,1
U0000397,James,Costa,US,20190923,2,Silver,1
U0000398,James,Santos,CA,20190923,23,Regular,1
U0000399,Emma,Brown,BR,20190924,22,Gold,1
U0000400,John,Anderson,IT,20190925,20,Bronze,1
U0000401,Anna,Smith,BR,20190925,22,Regular,0
U0000402,Laura,Santos,US,20190926,5,Bronze,1
U0000403,Maria,Müller,FR,20190926,14,Regular,1
U0000404,Ethan,Smith,DE,20190927,9,VIP,1
U0000405,Liam,Schmidt,US,20190927,2,Bronze,1
U0000406,Laura,Miller,FR,20190927,12,Regular,1
U0000407,James,Müller,AU,20190928,25,Regular,1
U0000408,Michael,Garcia,US,20190929,4,Bronze,1
U0000409,Lucas,Dubois,GB,20190929,6,Regular,1
U0000410,Noah,Santos,GB,20191001,6,Regular,1
U0000411,Daniel,Costa,GB,20191001,8,Regular,0
U0000412,Charlotte,Brown,AU,20191002,26,Regular,1
U0000413,James,Rossi,FR,20191003,13,Regular,1
U0000414,Sophia,Garcia,FR,20191004,14,Regular,1
U0000415,Oliver,Bernard,BR,20191004,21,Regular,1
U0000416,Oliver,Martinez,US,20191005,3,Bronze,1
U0000417,James,Müller,FR,20191005,12,Regular,1
U0000418,Isabella,Santos,FR,20191006,14,Regular,1
U0000419,Oliver,Costa,ES,20191008,15,Regular,1
U0000420,Amelia,Johnson,IN,20191008,28,Regular,1
U0000421,Oliver,Smith,BR,20191009,21,Regular,1
U0000422,Anna,Costa,DE,20191010,10,Regular,1
U0000423,James,Dubois,CA,20191010,23,Regular,1
U0000424,Charlotte,Martinez,US,20191010,2,Silver,1
U0000425,Michael,Smith,US,20191011,4,Bronze,1
U0000426,James,Johnson,GB,20191012,7,Bronze,1
U0000427,Amelia,Anderson,DE,20191012,10,Bronze,0
U0000428,Amelia,Schmidt,ES,20191012,15,Bronze,0
U0000429,Liam,Schmidt,IT,20191013,18,Regular,1
U0000430,Daniel,Silva,AU,20191013,25,Bronze,1
U0000431,Noah,Bernard,ES,20191013,17,Regular,1
U0000432,John,Rossi,ES,20191016,15,Bronze,0
U0000433,Liam,Dubois,US,20191016,4,Bronze,1
U0000434,Michael,Johnson,US,20191017,3,Regular,1
U0000435,Ethan,Martinez,ES,20191020,16,Regular,1
U0000436,Charlotte,Brown,FR,20191021,12,Regular,1
U0000437,Noah,Dubois,CA,20191022,24,Bronze,1
U0000438,Liam,Brown,US,20191022,3,Bronze,1
U0000439,Lucas,Silva,US,20191022,5,Silver,1
U0000440,Lucas,Miller,FR,20191027,13,Regular,1
U0000441,Daniel,Garcia,GB,20191028,8,Bronze,1
U0000442,James,Schmidt,US,20191028,5,Regular,1
U0000443,Isabella,Santos,BR,20191029,22,Silver,1
U0000444,Anna,Rossi,US,20191029,1,Regular,1
U0000445,Liam,Moreau,IT,20191030,18,Regular,1
U0000446,Isabella,Moreau,GB,20191030,7,Regular,1
U0000447,Charlotte,Schmidt,US,20191031,2,Bronze,1
U0000448,Emma,Costa,DE,20191101,11,Gold,1
U0000449,Sophia,Schmidt,CA,20191102,24,Regular,1
U0000450,Isabella,Müller,DE,20191103,9,Regular,1
U0000451,Anna,Moreau,BR,20191103,21,Gold,1
U0000452,Maria,Moreau,US,20191103,5,Regular,1
U0000453,Amelia,Rossi,BR,20191104,22,Bronze,1
U0000454,Daniel,Costa,GB,20191106,7,Regular,1
U0000455,Daniel,Moreau,IT,20191107,20,Regular,0
U0000456,Charlotte,Smith,ES,20191107,16,Bronze,1
U0000457,Liam,Garcia,AU,20191107,26,Bronze,1
U0000458,Maria,Smith,DE,20191108,11,Regular,1
U0000459,Ethan,Anderson,US,20191109,5,Regular,1
U0000460,Anna,Smith,US,20191109,1,Silver,1
U0000461,Ethan,Smith,CA,20191110,24,Regular,1
U0000462,Oliver,Martinez,ES,20191110,17,Silver,1
U0000463,Oliver,Santos,BR,20191111,21,Regular,1
U0000464,Oliver,Anderson,GB,20191113,7,Regular,0
U0000465,Maria,Silva,DE,20191114,9,Gold,1
U0000466,Laura,Brown,US,20191114,4,Bronze,1
U0000467,Daniel,Brown,IN,20191114,27,Regular,1
U0000468,Lucas,Smith,IT,20191114,20,Bronze,0
U0000469,Liam,Costa,AU,20191116,25,Regular,1
U0000470,Ethan,Miller,GB,20191117,7,Regular,1
U0000471,Anna,Bernard,IT,20191120,19,VIP,1
U0000472,James,Silva,IT,20191123,18,Bronze,1
U0000473,Laura,Bernard,DE,20191123,11,Bronze,1
U0000474,Ethan,Silva,CA,20191124,24,Regular,1
U0000475,Noah,Martinez,IN,20191125,28,Regular,1
U0000476,Charlotte,Smith,AU,20191126,25,Regular,1
U0000477,Ethan,Miller,BR,20191126,22,Regular,0
U0000478,Maria,Costa,GB,20191127,8,Bronze,0
U0000479,Charlotte,Bernard,GB,20191127,7,Regular,1
U0000480,John,Rossi,IN,20191127,28,Silver,1
U0000481,Liam,Costa,US,20191128,3,Regular,1
U0000482,James,Smith,BR,20191130,22,Regular,1
U0000483,John,Müller,BR,20191201,22,Regular,1
U0000484,Isabella,Smith,IT,20191202,20,Regular,1
U0000485,Daniel,Schmidt,IN,20191202,27,Regular,1
U0000486,Michael,Bernard,DE,20191202,9,Gold,1
U0000487,Michael,Rossi,DE,20191203,10,Regular,1
U0000488,Oliver,Brown,US,20191204,4,Gold,1
U0000489,Sophia,Dubois,FR,20191204,14,Regular,1
U0000490,Lucas,Müller,GB,20191204,8,VIP,1
U0000491,Maria,Müller,DE,20191204,9,Regular,1
U0000492,Sophia,Anderson,CA,20191204,24,Gold,1
U0000493,Daniel,Bernard,AU,20191205,26,Regular,1
U0000494,Michael,Johnson,GB,20191206,8,Bronze,1
U0000495,Maria,Schmidt,DE,20191207,9,Gold,1
U0000496,Oliver,Anderson,AU,20191207,26,Regular,1
U0000497,Ethan,Rossi,US,20191207,3,Regular,1
U0000498,Michael,Smith,US,20191208,2,Regular,1
U0000499,Laura,Rossi,US,20191208,4,Gold,1
U0000500,Amelia,Silva,ES,20191208,17,Regular,1
U0000501,James,Miller,US,20191208,5,Regular,1
U0000502,Ethan,Schmidt,IN,20191208,28,Regular,1
U0000503,Emma,Anderson,FR,20191209,13,Regular,1
U0000504,Ethan,Martinez,ES,20191210,16,Silver,1
U0000505,Isabella,Rossi,GB,20191211,7,Regular,1
U0000506,Emma,Martinez,FR,20191212,14,Bronze,1
U0000507,Liam,Brown,IT,20191214,18,Gold,1
U0000508,Maria,Garcia,BR,20191215,22,Regular,1
U0000509,Michael,Brown,BR,20191215,21,Bronze,1
U0000510,Isabella,Garcia,ES,20191216,17,Regular,1
U0000511,Isabella,Schmidt,AU,20191219,25,Bronze,1
U0000512,Charlotte,Müller,CA,20191219,24,Regular,1
U0000513,Anna,Schmidt,BR,20191220,22,Bronze,1
U0000514,Ethan,Rossi,US,20191222,1,Regular,0
U0000515,Michael,Smith,US,20191222,2,Regular,1
U0000516,John,Schmidt,GB,20191222,8,Regular,1
U0000517,Sophia,Costa,IT,20191223,19,Regular,1
U0000518,Oliver,Smith,FR,20191223,12,Bronze,1
U0000519,Amelia,Santos,FR,20191224,12,Regular,1
U0000520,Emma,Johnson,AU,20191224,25,Bronze,1
U0000521,Laura,Moreau,AU,20191225,25,Regular,1
U0000522,Ethan,Santos,AU,20191226,25,Bronze,1
U0000523,Oliver,Santos,DE,20191226,9,Regular,1
U0000524,Oliver,Schmidt,BR,20191226,22,Regular,1
U0000525,Maria,Miller,GB,20191226,8,Regular,1
U0000526,Amelia,Costa,GB,20191227,6,Bronze,1
U0000527,Lucas,Anderson,GB,20191228,7,Regular,1
U0000528,David,Bernard,DE,20191228,10,Silver,1
U0000529,Lucas,Johnson,FR,20191229,14,Silver,1
U0000530,Lucas,Müller,CA,20191229,23,Regular,1
U0000531,Liam,Johnson,US,20191229,4,Bronze,1
U0000532,James,Schmidt,BR,20191229,22,Regular,1
U0000533,Isabella,Santos,ES,20191230,16,Regular,1
U0000534,Michael,Costa,GB,20191230,6,Bronze,1
U0000535,Charlotte,Moreau,FR,20191231,12,Bronze,1
U0000536,Sophia,Smith,GB,20191231,8,Bronze,1
U0000537,Ethan,Silva,ES,20191231,17,Regular,1
U0000538,Sophia,Rossi,FR,20191231,12,Regular,1
U0000539,Daniel,Moreau,US,20200101,1,Regular,1
U0000540,Lucas,Brown,US,20200102,4,Bronze,1
U0000541,Sophia,Smith,ES,20200104,15,Regular,1
U0000542,John,Müller,AU,20200104,25,Bronze,1
U0000543,Anna,Santos,DE,20200105,11,Regular,1
U0000544,Amelia,Brown,BR,20200105,22,Regular,1
U0000545,Daniel,Müller,IT,20200105,18,Regular,0
U0000546,Michael,Rossi,AU,20200106,25,Regular,1
U0000547,Daniel,Martinez,CA,20200108,23,Regular,1
U0000548,Anna,Moreau,ES,20200108,16,Silver,1
U0000549,Michael,Dubois,IT,20200109,18,Silver,1
U0000550,Maria,Brown,AU,20200110,26,Regular,1
U0000551,Noah,Miller,DE,20200110,11,Regular,1
U0000552,Ethan,Smith,DE,20200110,11,Regular,1
U0000553,Laura,Anderson,US,20200110,5,Silver,1
U0000554,David,Santos,CA,20200111,24,Regular,1
U0000555,Anna,Smith,CA,20200111,24,Gold,1
U0000556,Liam,Moreau,US,20200113,5,Regular,1
U0000557,Emma,Schmidt,ES,20200113,17,Regular,1
U0000558,Lucas,Müller,FR,20200114,14,Gold,1
U0000559,Liam,Miller,US,20200115,4,Regular,1
U0000560,David,Anderson,IN,20200116,28,Regular,1
U0000561,Liam,Müller,GB,20200118,6,Regular,1
U0000562,Lucas,Moreau,US,20200119,4,Regular,1
U0000563,Charlotte,Johnson,ES,20200119,16,Regular,0
U0000564,Ethan,Moreau,BR,20200120,22,Bronze,1
U0000565,Ethan,Müller,US,20200121,2,Bronze,1
U0000566,Isabella,Brown,IT,20200121,20,Regular,1
U0000567,David,Costa,ES,20200122,16,Gold,1
U0000568,Laura,Miller,US,20200122,5,Regular,1
U0000569,Emma,Costa,US,20200124,4,Regular,1
U0000570,Oliver,Miller,ES,20200124,17,Regular,1
U0000571,Anna,Brown,GB,20200125,6,Regular,1
U0000572,Anna,Johnson,AU,20200125,26,Regular,1
U0000573,Laura,Johnson,CA,20200125,24,VIP,1
U0000574,Maria,Silva,IN,20200125,27,Regular,0
U0000575,Oliver,Moreau,GB,20200126,8,Regular,0
U0000576,Liam,Brown,IN,20200127,28,Regular,1
U0000577,Noah,Garcia,FR,20200128,12,Bronze,1
U0000578,Ethan,Johnson,DE,20200128,10,Silver,1
U0000579,John,Costa,US,20200128,3,Regular,1
U0000580,James,Johnson,US,20200128,3,Regular,1
U0000581,Laura,Dubois,BR,20200130,21,Regular,0
U0000582,Amelia,Santos,FR,20200131,12,Regular,0
U0000583,Emma,Brown,GB,20200131,6,Regular,1
U0000584,Emma,Miller,IT,20200131,18,Regular,1
U0000585,Michael,Johnson,GB,20200201,7,Regular,1
U0000586,Anna,Johnson,ES,20200201,17,Regular,1
U0000587,Isabella,Dubois,DE,20200201,9,Regular,1
U0000588,James,Silva,CA,20200202,23,Gold,1
U0000589,Isabella,Silva,CA,20200202,23,Gold,1
U0000590,Sophia,Miller,FR,20200202,13,Regular,1
U0000591,Ethan,Santos,DE,20200202,10,Regular,0
U0000592,Maria,Müller,DE,20200203,10,Regular,1
U0000593,John,Smith,CA,20200203,24,Regular,1
U0000594,Liam,Costa,DE,20200203,10,Bronze,1
U0000595,Laura,Silva,GB,20200203,6,Regular,1
U0000596,Liam,Costa,US,20200203,2,Silver,1
U0000597,Liam,Santos,FR,20200204,13,Gold,1
U0000598,Amelia,Miller,FR,20200204,13,Regular,0
U0000599,Noah,Moreau,CA,20200205,23,Regular,1
U0000600,Michael,Smith,GB,20200205,8,Regular,1
U0000601,Maria,Costa,DE,20200205,10,Regular,1
U0000602,Oliver,Moreau,CA,20200206,24,Regular,1
U0000603,Anna,Rossi,CA,20200207,23,Regular,1
U0000604,Liam,Miller,DE,20200208,10,Silver,1
U0000605,David,Miller,FR,20200208,13,Regular,1
U0000606,James,Smith,DE,20200208,10,Regular,1
U0000607,Lucas,Brown,AU,20200209,26,Bronze,1
U0000608,Ethan,Rossi,US,20200209,5,Bronze,1
U0000609,Ethan,Garcia,AU,20200210,25,Regular,1
U0000610,John,Schmidt,BR,20200210,22,Silver,1
U0000611,David,Bernard,ES,20200210,15,Regular,1
U0000612,Oliver,Santos,US,20200210,3,Regular,1
U0000613,Oliver,Anderson,FR,20200211,13,Regular,1
U0000614,Charlotte,Costa,FR,20200211,13,Regular,1
U0000615,James,Martinez,US,20200212,1,Silver,0
U0000616,Oliver,Müller,IT,20200214,19,Bronze,1
U0000617,Ethan,Garcia,IN,20200217,28,Silver,1
U0000618,Charlotte,Johnson,ES,20200217,17,Regular,1
U0000619,David,Johnson,BR,20200218,22,Regular,1
U0000620,Daniel,Garcia,US,20200222,2,Regular,0
U0000621,John,Dubois,FR,20200222,13,Regular,1
U0000622,Amelia,Santos,US,20200223,2,Bronze,1
U0000623,Anna,Bernard,IT,20200224,20,Silver,1
U0000624,Michael,Dubois,AU,20200224,25,Regular,1
U0000625,David,Garcia,IT,20200224,19,Regular,1
U0000626,David,Garcia,US,20200224,5,Regular,1
U0000627,Michael,Anderson,DE,20200226,11,Regular,1
U0000628,Lucas,Dubois,ES,20200228,17,Regular,1
U0000629,Sophia,Moreau,FR,20200229,12,Regular,1
U0000630,Ethan,Dubois,CA,20200229,23,Regular,1
U0000631,David,Bernard,CA,20200229,24,Regular,1
U0000632,Emma,Smith,IT,20200301,18,Regular,1
U0000633,Sophia,Garcia,DE,20200303,10,Regular,1
U0000634,Charlotte,Johnson,GB,20200303,6,Bronze,0
U0000635,Isabella,Müller,US,20200304,1,Regular,1
U0000636,Amelia,Johnson,DE,20200306,10,VIP,1
U0000637,Isabella,Santos,FR,20200307,13,Regular,1
U0000638,Charlotte,Bernard,IT,20200307,19,Regular,1
U0000639,Anna,Rossi,IT,20200309,18,Regular,1
U0000640,John,Rossi,US,20200310,4,Regular,1
U0000641,Isabella,Rossi,DE,20200310,10,Silver,0
U0000642,James,Brown,GB,20200311,7,Regular,1
U0000643,Ethan,Moreau,US,20200312,4,Gold,1
U0000644,John,Rossi,CA,20200313,24,Silver,1
U0000645,David,Anderson,US,20200316,4,Regular,1
U0000646,Michael,Costa,FR,20200316,13,Regular,0
U0000647,David,Moreau,US,20200317,1,Bronze,1
U0000648,Laura,Moreau,CA,20200317,24,Regular,1
U0000649,Liam,Dubois,ES,20200318,15,Bronze,1
U0000650,James,Santos,GB,20200318,8,Regular,1
U0000651,Maria,Moreau,ES,20200320,17,Regular,1
U0000652,Maria,Martinez,BR,20200320,21,Regular,1
U0000653,David,Miller,IN,20200320,28,Regular,1
U0000654,Maria,Costa,GB,20200322,6,Silver,1
U0000655,Amelia,Johnson,AU,20200322,25,Regular,1
U0000656,Isabella,Anderson,AU,20200323,25,Silver,1
U0000657,Isabella,Müller,AU,20200324,25,Regular,1
U0000658,John,Smith,IT,20200324,18,Regular,1
U0000659,Noah,Müller,IT,20200325,18,Regular,1
U0000660,Lucas,Müller,FR,20200325,12,Regular,1
U0000661,Ethan,Costa,BR,20200326,21,Regular,1
U0000662,Emma,Rossi,ES,20200327,15,Regular,1
U0000663,Daniel,Müller,IT,20200327,18,Silver,1
U0000664,Isabella,Anderson,FR,20200327,13,Regular,1
U0000665,Ethan,Moreau,BR,20200328,21,Regular,1
U0000666,Maria,Silva,CA,20200328,23,Silver,1
U0000667,Daniel,Rossi,US,20200328,4,Bronze,1
U0000668,Maria,Silva,CA,20200329,24,Regular,1
U0000669,Laura,Martinez,ES,20200330,16,Regular,1
U0000670,John,Smith,CA,20200330,23,Silver,1
U0000671,Ethan,Bernard,FR,20200331,14,Regular,1
U0000672,Ethan,Smith,DE,20200331,11,Regular,0
U0000673,Daniel,Brown,AU,20200331,25,Regular,1
U0000674,James,Bernard,GB,20200331,6,Silver,1
U0000675,Michael,Smith,CA,20200401,24,Regular,1
U0000676,John,Miller,FR,20200401,12,VIP,1
U0000677,Isabella,Garcia,ES,20200403,17,Regular,1
U0000678,Ethan,Dubois,DE,20200404,9,Silver,1
U0000679,Ethan,Costa,ES,20200404,16,Regular,1
U0000680,David,Rossi,DE,20200404,11,Regular,1
U0000681,Maria,Bernard,US,20200404,4,Silver,0
U0000682,Oliver,Johnson,GB,20200405,7,Regular,1
U0000683,Laura,Smith,US,20200405,2,Regular,1
U0000684,Oliver,Rossi,IN,20200406,27,Regular,1
U0000685,Charlotte,Rossi,IN,20200407,27,Regular,1
U0000686,Liam,Dubois,DE,20200408,9,Regular,0
U0000687,Daniel,Martinez,BR,20200409,22,Bronze,1
U0000688,Lucas,Müller,DE,20200411,11,Regular,0
U0000689,Lucas,Schmidt,IT,20200412,20,Regular,1
U0000690,Emma,Martinez,CA,20200412,23,Regular,1
U0000691,Sophia,Moreau,IN,20200414,27,Bronze,1
U0000692,Oliver,Müller,FR,20200414,13,Bronze,1
U0000693,James,Martinez,BR,20200415,22,Regular,1
U0000694,Lucas,Rossi,GB,20200415,8,Regular,0
U0000695,Michael,Smith,IN,20200415,28,Gold,1
U0000696,Ethan,Martinez,US,20200418,1,Regular,1
U0000697,Amelia,Schmidt,IT,20200418,20,Silver,1
U0000698,Ethan,Miller,IT,20200419,20,Silver,1
U0000699,David,Smith,BR,20200419,22,Bronze,1
U0000700,Maria,Garcia,US,20200419,1,Regular,1
U0000701,David,Silva,AU,20200420,26,Silver,1
U0000702,Sophia,Miller,GB,20200420,7,Bronze,1
U0000703,James,Moreau,IT,20200420,18,Regular,1
U0000704,Oliver,Rossi,GB,20200420,7,Regular,1
U0000705,Noah,Dubois,DE,20200420,10,Regular,1
U0000706,Anna,Costa,ES,20200421,17,Regular,1
U0000707,Laura,Müller,FR,20200422,13,Regular,1
U0000708,Daniel,Bernard,US,20200422,2,Regular,1
U0000709,Emma,Bernard,US,20200425,4,Regular,1
U0000710,James,Martinez,FR,20200425,12,Regular,1
U0000711,Maria,Santos,BR,20200426,22,Regular,1
U0000712,David,Brown,AU,20200426,26,Bronze,1
U0000713,Oliver,Miller,US,20200427,4,Gold,1
U0000714,Anna,Garcia,DE,20200427,10,Regular,1
U0000715,Noah,Garcia,US,20200428,5,Regular,0
U0000716,Amelia,Rossi,US,20200428,3,Regular,1
U0000717,Anna,Rossi,IT,20200429,19,Bronze,1
U0000718,Maria,Silva,IT,20200429,18,Bronze,1
U0000719,Daniel,Bernard,US,20200429,1,Gold,1
U0000720,Laura,Moreau,GB,20200502,7,Regular,1
U0000721,Anna,Santos,US,20200502,4,Gold,0
U0000722,Charlotte,Müller,CA,20200502,23,Regular,1
U0000723,Lucas,Johnson,IN,20200503,28,Bronze,1
U0000724,John,Rossi,US,20200503,5,Regular,1
U0000725,Anna,Dubois,GB,20200503,8,Silver,1
U0000726,Emma,Garcia,CA,20200503,24,Regular,1
U0000727,Emma,Moreau,AU,20200504,26,Bronze,1
U0000728,Charlotte,Müller,FR,20200504,12,Silver,0
U0000729,Sophia,Johnson,US,20200504,4,Regular,1
U0000730,Laura,Schmidt,US,20200505,3,Regular,1
U0000731,Daniel,Garcia,ES,20200507,15,Silver,0
U0000732,Anna,Anderson,DE,20200507,10,Regular,1
U0000733,Noah,Rossi,US,20200507,2,Regular,1
U0000734,Amelia,Brown,ES,20200508,16,Regular,1
U0000735,Amelia,Anderson,US,20200508,3,Regular,1
U0000736,Laura,Brown,BR,20200508,22,Regular,1
U0000737,Maria,Martinez,DE,20200509,10,Regular,1
U0000738,Noah,Silva,US,20200509,5,Regular,1
U0000739,Ethan,Bernard,ES,20200510,17,Regular,1
U0000740,James,Anderson,DE,20200511,10,Silver,1
U0000741,Lucas,Costa,IN,20200511,27,VIP,1
U0000742,David,Martinez,ES,20200513,17,Bronze,1
U0000743,Sophia,Moreau,GB,20200514,6,Regular,1
U0000744,Daniel,Bernard,BR,20200514,21,Gold,1
U0000745,Ethan,Anderson,GB,20200514,6,Regular,1
U0000746,Oliver,Anderson,AU,20200515,26,Regular,1
U0000747,Sophia,Anderson,DE,20200517,10,Gold,1
U0000748,David,Schmidt,ES,20200517,17,Bronze,1
U0000749,David,Silva,US,20200517,2,Bronze,1
U0000750,John,Johnson,FR,20200518,14,Bronze,1
U0000751,Liam,Rossi,CA,20200519,24,Regular,1
U0000752,John,Müller,CA,20200519,24,Regular,1
U0000753,Isabella,Rossi,GB,20200523,7,Bronze,1
U0000754,Oliver,Costa,GB,20200524,6,Regular,1
U0000755,Michael,Müller,CA,20200525,23,Regular,1
U0000756,Ethan,Silva,AU,20200525,26,Silver,1
U0000757,Sophia,Rossi,US,20200527,2,Silver,1
U0000758,Ethan,Dubois,FR,20200528,13,Regular,1
U0000759,Ethan,Santos,DE,20200529,11,Silver,1
U0000760,Noah,Silva,CA,20200529,23,Silver,0
U0000761,Daniel,Martinez,US,20200529,3,Bronze,1
U0000762,Laura,Bernard,GB,20200530,8,Regular,1
U0000763,Isabella,Schmidt,BR,20200530,22,Regular,0
U0000764,Emma,Brown,US,20200530,4,Regular,1
U0000765,Maria,Garcia,FR,20200530,14,Regular,0
U0000766,Daniel,Brown,FR,20200531,14,Regular,1
U0000767,Amelia,Dubois,DE,20200531,10,Regular,1
U0000768,Liam,Costa,DE,20200531,10,Regular,1
U0000769,Liam,Bernard,ES,20200601,17,Gold,0
U0000770,David,Müller,US,20200601,5,Regular,1
U0000771,Isabella,Johnson,ES,20200603,16,Bronze,1
U0000772,Laura,Costa,CA,20200603,24,Bronze,1
U0000773,Liam,Moreau,BR,20200603,22,Regular,1
U0000774,John,Santos,US,20200604,3,Gold,1
U0000775,Emma,Costa,US,20200604,3,Regular,1
U0000776,Lucas,Costa,GB,20200604,7,Regular,0
U0000777,Liam,Santos,DE,20200604,9,Bronze,1
U0000778,Daniel,Santos,FR,20200604,12,Regular,1
U0000779,Amelia,Bernard,IT,20200605,20,Bronze,1
U0000780,Lucas,Anderson,US,20200606,2,Regular,0
U0000781,Lucas,Moreau,US,20200606,3,Silver,0
U0000782,Daniel,Schmidt,DE,20200607,9,Regular,1
U0000783,Noah,Silva,BR,20200608,21,Bronze,1
U0000784,Laura,Smith,GB,20200608,6,Regular,1
U0000785,Michael,Martinez,IT,20200609,18,Bronze,1
U0000786,Emma,Costa,GB,20200609,8,Bronze,1
U0000787,Noah,Müller,AU,20200609,26,Regular,1
U0000788,Emma,Schmidt,AU,20200609,26,Bronze,1
U0000789,David,Brown,GB,20200610,8,Regular,1
U0000790,Sophia,Bernard,GB,20200610,8,Silver,1
U0000791,Laura,Brown,FR,20200612,14,Regular,1
U0000792,Emma,Dubois,GB,20200613,8,Silver,1
U0000793,Michael,Brown,IT,20200615,19,Silver,1
U0000794,Oliver,Schmidt,CA,20200615,23,Regular,0
U0000795,Liam,Müller,IT,20200616,18,Regular,1
U0000796,Laura,Miller,CA,20200616,24,Regular,1
U0000797,Isabella,Miller,DE,20200620,9,Silver,1
U0000798,Noah,Brown,US,20200620,3,Regular,1
U0000799,Amelia,Bernard,BR,20200620,21,Regular,1
U0000800,Michael,Johnson,DE,20200621,10,Silver,1
U0000801,Michael,Rossi,IT,20200623,18,Regular,1
U0000802,Anna,Moreau,GB,20200623,8,Bronze,1
U0000803,James,Rossi,US,20200624,5,Regular,1
U0000804,Liam,Moreau,IN,20200624,27,Regular,1
U0000805,Sophia,Schmidt,US,20200625,3,Silver,1
U0000806,Sophia,Dubois,IN,20200625,27,Regular,1
U0000807,Ethan,Schmidt,IN,20200625,27,Regular,1
U0000808,Lucas,Rossi,BR,20200625,22,Silver,1
U0000809,Isabella,Garcia,IT,20200626,20,Regular,1
U0000810,Isabella,Schmidt,ES,20200629,15,VIP,1
U0000811,Laura,Smith,CA,20200629,24,VIP,1
U0000812,David,Dubois,GB,20200630,6,Regular,1
U0000813,Liam,Dubois,FR,20200630,12,Regular,1
U0000814,Sophia,Bernard,IT,20200630,20,Bronze,1
U0000815,Isabella,Silva,FR,20200701,13,Regular,1
U0000816,Emma,Silva,FR,20200702,13,Regular,1
U0000817,Liam,Smith,DE,20200704,10,Bronze,1
U0000818,Isabella,Anderson,ES,20200704,16,Regular,0
U0000819,Laura,Garcia,CA,20200705,24,Silver,1
U0000820,Laura,Silva,GB,20200706,6,Regular,1
U0000821,Noah,Müller,AU,20200706,25,Regular,1
U0000822,Noah,Müller,BR,20200706,22,Regular,1
U0000823,John,Rossi,CA,20200708,24,Gold,1
U0000824,Liam,Anderson,ES,20200710,15,Bronze,1
U0000825,Daniel,Müller,BR,20200710,21,Silver,1
U0000826,Amelia,Costa,US,20200711,4,Regular,1
U0000827,Lucas,Costa,CA,20200711,24,Regular,1
U0000828,Emma,Moreau,US,20200712,1,Regular,1
U0000829,David,Brown,AU,20200712,25,Regular,1
U0000830,Liam,Moreau,IN,20200713,27,Regular,1
U0000831,Sophia,Rossi,GB,20200713,6,Bronze,0
U0000832,Oliver,Santos,GB,20200713,8,Regular,1
U0000833,Daniel,Santos,BR,20200714,22,Gold,1
U0000834,Lucas,Rossi,GB,20200714,6,Regular,1
U0000835,Lucas,Costa,CA,20200716,23,Gold,0
U0000836,Laura,Costa,US,20200716,1,Regular,1
U0000837,James,Smith,US,20200716,5,Regular,1
U0000838,Emma,Bernard,IN,20200716,28,Regular,0
U0000839,Charlotte,Garcia,IT,20200717,20,Regular,1
U0000840,Anna,Garcia,CA,20200717,23,Regular,1
U0000841,James,Dubois,DE,20200720,11,Regular,1
U0000842,Noah,Smith,IT,20200720,19,Regular,1
U0000843,Noah,Anderson,ES,20200721,16,Bronze,1
U0000844,Noah,Bernard,IT,20200722,19,Bronze,0
U0000845,Oliver,Moreau,BR,20200723,22,Silver,1
U0000846,Lucas,Müller,ES,20200723,17,Regular,1
U0000847,Charlotte,Santos,FR,20200723,13,Bronze,1
U0000848,John,Santos,GB,20200724,7,Regular,1
U0000849,Emma,Silva,BR,20200725,21,Regular,1
U0000850,Michael,Dubois,GB,20200725,8,Regular,1
U0000851,Daniel,Moreau,BR,20200726,21,Regular,1
U0000852,Lucas,Smith,GB,20200727,6,Regular,1
U0000853,Daniel,Johnson,IT,20200728,20,Regular,1
U0000854,Liam,Garcia,BR,20200728,21,Regular,1
U0000855,Michael,Garcia,GB,20200728,7,Bronze,1
U0000856,Daniel,Moreau,US,20200728,1,Bronze,1
U0000857,Michael,Silva,US,20200728,2,Gold,1
U0000858,Lucas,Silva,IT,20200729,18,Bronze,1
U0000859,Sophia,Rossi,CA,20200729,23,Regular,1
U0000860,Lucas,Silva,US,20200731,5,Silver,1
U0000861,Liam,Brown,BR,20200801,21,Silver,1
U0000862,Isabella,Silva,DE,20200801,9,Regular,1
U0000863,John,Rossi,FR,20200802,12,Regular,1
U0000864,Maria,Anderson,AU,20200802,26,VIP,1
U0000865,David,Miller,DE,20200803,10,Regular,1
U0000866,Oliver,Moreau,FR,20200803,14,Gold,1
U0000867,Amelia,Costa,US,20200803,5,Regular,1
U0000868,Noah,Dubois,US,20200803,4,Regular,1
U0000869,Noah,Brown,GB,20200804,7,Regular,1
U0000870,Lucas,Martinez,US,20200804,1,Regular,1
U0000871,Emma,Miller,IT,20200804,18,Silver,1
U0000872,Charlotte,Martinez,FR,20200806,13,VIP,1
U0000873,Daniel,Johnson,ES,20200806,17,Regular,0
U0000874,Lucas,Anderson,US,20200808,3,Regular,1
U0000875,Liam,Smith,GB,20200809,8,Silver,1
U0000876,Sophia,Martinez,IT,20200810,19,Bronze,1
U0000877,Lucas,Rossi,IN,20200810,27,Regular,1
U0000878,Anna,Brown,US,20200810,2,Regular,1
U0000879,Amelia,Silva,AU,20200810,26,Bronze,1
U0000880,David,Dubois,ES,20200811,17,Bronze,1
U0000881,Emma,Rossi,ES,20200813,17,Regular,1
U0000882,Isabella,Müller,ES,20200814,17,Regular,1
U0000883,Isabella,Dubois,US,20200815,2,VIP,1
U0000884,Daniel,Brown,US,20200815,4,Bronze,1
U0000885,James,Costa,IT,20200815,18,Regular,0
U0000886,John,Johnson,DE,20200816,11,Regular,1
U0000887,Oliver,Bernard,AU,20200816,25,Bronze,1
U0000888,Liam,Smith,FR,20200816,14,Regular,1
U0000889,Liam,Martinez,US,20200816,2,Regular,1
U0000890,Charlotte,Moreau,BR,20200817,22,Regular,1
U0000891,Daniel,Santos,GB,20200818,6,Regular,1
U0000892,James,Silva,ES,20200818,15,Bronze,1
U0000893,Lucas,Martinez,BR,20200818,21,Regular,1
U0000894,Noah,Miller,AU,20200819,25,Bronze,0
U0000895,Michael,Garcia,BR,20200820,22,Regular,1
U0000896,Ethan,Santos,IT,20200820,20,Regular,0
U0000897,Liam,Anderson,IT,20200823,20,Regular,1
U0000898,James,Brown,IN,20200823,28,Gold,0
U0000899,David,Silva,GB,20200823,7,Silver,1
U0000900,Noah,Rossi,US,20200824,1,Regular,1
U0000901,Daniel,Garcia,GB,20200824,7,Bronze,1
U0000902,Ethan,Rossi,GB,20200825,8,Bronze,1
U0000903,John,Dubois,IT,20200826,19,VIP,1
U0000904,Charlotte,Santos,IT,20200826,20,Regular,1
U0000905,Liam,Anderson,ES,20200826,16,Bronze,1
U0000906,Charlotte,Martinez,US,20200829,3,Regular,1
U0000907,Laura,Dubois,BR,20200829,22,Regular,1
U0000908,Michael,Rossi,DE,20200830,10,Gold,1
U0000909,Liam,Costa,IT,20200831,18,Regular,1
U0000910,Charlotte,Schmidt,ES,20200831,17,Regular,1
U0000911,Emma,Rossi,DE,20200901,9,Regular,1
U0000912,Noah,Smith,US,20200901,4,Bronze,0
U0000913,Isabella,Garcia,US,20200902,3,Bronze,1
U0000914,Laura,Costa,CA,20200904,24,Regular,1
U0000915,James,Brown,AU,20200904,25,Gold,1
U0000916,Charlotte,Silva,IT,20200906,18,Regular,1
U0000917,Daniel,Müller,US,20200906,2,Regular,1
U0000918,Sophia,Moreau,FR,20200907,14,Gold,1
U0000919,Noah,Anderson,BR,20200907,21,Regular,1
U0000920,Emma,Costa,BR,20200908,22,Regular,1
U0000921,David,Costa,US,20200909,5,Regular,1
U0000922,Maria,Johnson,US,20200909,1,Silver,1
U0000923,Ethan,Brown,BR,20200910,21,Regular,1
U0000924,Charlotte,Dubois,DE,20200911,10,Gold,1
U0000925,Sophia,Costa,GB,20200911,8,Silver,1
U0000926,Oliver,Bernard,US,20200911,4,Regular,1
U0000927,John,Dubois,ES,20200913,16,Bronze,1
U0000928,John,Silva,CA,20200914,23,Regular,1
U0000929,Liam,Martinez,IN,20200915,28,Regular,1
U0000930,James,Santos,ES,20200915,17,Silver,1
U0000931,Liam,Müller,ES,20200915,16,Gold,1
U0000932,John,Martinez,US,20200916,1,Regular,1
U0000933,Isabella,Santos,ES,20200917,16,Regular,1
U0000934,Oliver,Costa,DE,20200919,10,Regular,1
U0000935,Anna,Silva,IT,20200920,19,Regular,1
U0000936,Charlotte,Martinez,DE,20200920,10,Regular,1
U0000937,Laura,Miller,GB,20200920,7,Regular,1
U0000938,James,Silva,US,20200920,1,Bronze,1
U0000939,Daniel,Johnson,DE,20200920,9,Regular,1
U0000940,Charlotte,Müller,US,20200921,3,Regular,1
U0000941,Sophia,Martinez,US,20200921,4,Silver,1
U0000942,Sophia,Schmidt,IN,20200922,28,Silver,1
U0000943,Ethan,Dubois,FR,20200922,13,Regular,1
U0000944,Charlotte,Brown,ES,20200923,17,Regular,0
U0000945,Laura,Rossi,CA,20200923,24,Bronze,1
U0000946,Sophia,Anderson,IN,20200924,27,Regular,1
U0000947,Isabella,Santos,ES,20200924,16,Regular,1
U0000948,Oliver,Miller,CA,20200924,23,Bronze,1
U0000949,Charlotte,Bernard,DE,20200925,10,Regular,1
U0000950,Ethan,Brown,DE,20200925,10,Regular,1
U0000951,Ethan,Miller,FR,20200925,13,Regular,1
U0000952,Noah,Moreau,IT,20200926,18,Regular,1
U0000953,Lucas,Santos,BR,20200927,22,Regular,1
U0000954,Laura,Costa,DE,20200928,11,VIP,1
U0000955,Ethan,Martinez,US,20200928,1,Regular,1
U0000956,Ethan,Schmidt,IT,20200929,20,Regular,1
U0000957,Noah,Rossi,US,20200929,5,Regular,1
U0000958,Sophia,Johnson,ES,20200930,16,Gold,1
U0000959,Maria,Costa,BR,20201001,22,Regular,1
U0000960,Laura,Smith,BR,20201001,21,Regular,1
U0000961,Isabella,Brown,BR,20201002,21,Silver,1
U0000962,Daniel,Costa,CA,20201002,24,Regular,1
U0000963,James,Silva,FR,20201003,14,Regular,0
U0000964,Emma,Moreau,BR,20201003,22,Regular,1
U0000965,Amelia,Silva,IT,20201005,20,Regular,1
U0000966,Lucas,Rossi,GB,20201005,7,Regular,1
U0000967,James,Silva,US,20201006,1,Bronze,1
U0000968,Oliver,Johnson,GB,20201007,6,Regular,1
U0000969,Liam,Smith,FR,20201007,13,Regular,1
U0000970,Isabella,Schmidt,IT,20201007,20,Regular,1
U0000971,Anna,Miller,CA,20201007,23,Regular,1
U0000972,Ethan,Garcia,GB,20201007,7,Regular,1
U0000973,Michael,Moreau,US,20201008,4,Gold,1
U0000974,Lucas,Costa,IN,20201008,28,Regular,1
U0000975,Isabella,Anderson,US,20201009,1,Bronze,1
U0000976,John,Costa,FR,20201010,12,Regular,1
U0000977,David,Brown,ES,20201010,17,Regular,1
U0000978,Daniel,Brown,ES,20201010,17,Regular,1
U0000979,Noah,Müller,US,20201011,2,Regular,1
U0000980,Charlotte,Costa,US,20201012,2,Regular,1
U0000981,David,Garcia,US,20201013,3,Regular,1
U0000982,David,Anderson,ES,20201014,17,Bronze,1
U0000983,Sophia,Schmidt,ES,20201015,15,Regular,0
U0000984,Emma,Martinez,GB,20201018,8,Regular,0
U0000985,Laura,Martinez,IT,20201018,19,Regular,1
U0000986,David,Smith,CA,20201018,23,Regular,1
U0000987,Michael,Miller,US,20201020,2,Regular,1
U0000988,Isabella,Martinez,FR,20201020,12,Regular,1
U0000989,Isabella,Dubois,BR,20201020,22,Regular,1
U0000990,Liam,Miller,GB,20201021,6,Bronze,1
U0000991,Maria,Silva,DE,20201021,11,Silver,1
U0000992,Michael,Martinez,IT,20201021,18,Regular,1
U0000993,Lucas,Brown,AU,20201022,26,Regular,1
U0000994,Noah,Smith,CA,20201022,24,Silver,1
U0000995,Amelia,Schmidt,ES,20201023,17,Regular,1
U0000996,John,Garcia,BR,20201023,22,Regular,1
U0000997,Oliver,Costa,DE,20201023,10,Regular,1
U0000998,Liam,Bernard,IT,20201023,19,Regular,1
U0000999,Maria,Martinez,FR,20201023,13,Regular,1
U0001000,Oliver,Rossi,GB,20201023,6,Regular,1
U0001001,Michael,Johnson,BR,20201023,22,Regular,1
U0001002,Liam,Rossi,ES,20201023,17,Regular,0
U0001003,Liam,Costa,DE,20201023,9,Silver,1
U0001004,Emma,Johnson,AU,20201024,26,Regular,1
U0001005,Lucas,Miller,US,20201025,2,Regular,1
U0001006,Michael,Silva,DE,20201025,11,Regular,0
U0001007,Laura,Dubois,US,20201025,5,Bronze,1
U0001008,Emma,Costa,BR,20201026,21,Silver,1
U0001009,John,Johnson,BR,20201026,21,Bronze,1
U0001010,Lucas,Smith,DE,20201027,10,Regular,0
U0001011,David,Johnson,IT,20201028,19,Bronze,1
U0001012,Sophia,Silva,DE,20201028,10,Bronze,1
U0001013,Isabella,Rossi,BR,20201029,22,Regular,1
U0001014,Laura,Müller,FR,20201029,12,Regular,0
U0001015,Isabella,Bernard,FR,20201030,13,Regular,1
U0001016,Isabella,Müller,AU,20201031,26,Bronze,1
U0001017,Oliver,Rossi,GB,20201102,8,Regular,1
U0001018,Liam,Brown,US,20201102,5,Regular,1
U0001019,John,Smith,ES,20201102,17,Gold,1
U0001020,David,Santos,IN,20201103,28,Silver,0
U0001021,David,Smith,DE,20201104,9,Gold,1
U0001022,Ethan,Smith,US,20201104,4,VIP,1
U0001023,Maria,Moreau,DE,20201104,11,Regular,1
U0001024,Ethan,Rossi,ES,20201105,16,Bronze,1
U0001025,Laura,Brown,US,20201105,3,Regular,1
U0001026,Laura,Müller,IT,20201106,19,Silver,1
U0001027,Sophia,Miller,IN,20201109,28,Regular,1
U0001028,Emma,Martinez,FR,20201110,13,VIP,1
U0001029,Oliver,Martinez,DE,20201111,10,Bronze,1
U0001030,Amelia,Johnson,FR,20201111,12,Silver,1
U0001031,Isabella,Santos,US,20201111,2,Regular,0
U0001032,John,Miller,AU,20201112,26,Regular,1
U0001033,Sophia,Moreau,FR,20201112,12,Bronze,1
U0001034,Lucas,Moreau,DE,20201113,10,Regular,1
U0001035,Charlotte,Rossi,IT,20201114,18,Silver,1
U0001036,Liam,Rossi,FR,20201115,13,Regular,1
U0001037,James,Silva,IT,20201115,20,Bronze,1
U0001038,Ethan,Santos,US,20201115,4,Regular,1
U0001039,David,Miller,CA,20201115,24,Bronze,1
U0001040,Liam,Müller,IN,20201115,28,Bronze,1
U0001041,Maria,Rossi,IT,20201116,20,Regular,0
U0001042,Anna,Miller,IN,20201116,27,Regular,1
U0001043,James,Bernard,US,20201116,4,Regular,0
U0001044,Liam,Moreau,FR,20201117,12,Regular,1
U0001045,Sophia,Martinez,IT,20201118,18,Regular,1
U0001046,Ethan,Smith,ES,20201118,17,Bronze,1
U0001047,Sophia,Silva,FR,20201119,14,Regular,1
U0001048,Amelia,Moreau,DE,20201119,10,Regular,1
U0001049,Isabella,Smith,US,20201120,1,Regular,1
U0001050,Noah,Silva,DE,20201120,10,Regular,1
U0001051,Emma,Rossi,US,20201120,1,Regular,1
U0001052,Anna,Costa,BR,20201120,22,VIP,0
U0001053,Amelia,Müller,GB,20201121,6,Silver,1
U0001054,Amelia,Brown,US,20201123,2,Regular,1
U0001055,John,Schmidt,ES,20201123,16,Regular,1
U0001056,Noah,Bernard,ES,20201123,17,Silver,1
U0001057,James,Johnson,CA,20201125,23,Regular,1
U0001058,Sophia,Brown,ES,20201125,15,Regular,1
U0001059,David,Rossi,DE,20201125,10,Regular,1
U0001060,Isabella,Santos,CA,20201126,24,Regular,1
U0001061,Emma,Dubois,ES,20201127,16,Gold,1
U0001062,Emma,Anderson,US,20201128,5,Bronze,1
U0001063,Anna,Miller,ES,20201129,17,Regular,0
U0001064,Charlotte,Martinez,AU,20201129,26,Regular,1
U0001065,Laura,Schmidt,DE,20201130,11,Bronze,1
U0001066,Liam,Miller,GB,20201130,6,Silver,1
U0001067,Ethan,Moreau,US,20201130,3,Bronze,1
U0001068,John,Silva,US,20201130,5,Bronze,1
U0001069,Sophia,Garcia,FR,20201130,13,Regular,1
U0001070,Emma,Moreau,ES,20201130,16,Silver,1
U0001071,Maria,Martinez,US,20201130,4,Silver,0
U0001072,David,Moreau,AU,20201201,25,Regular,1
U0001073,Isabella,Anderson,BR,20201201,21,Bronze,1
U0001074,Anna,Brown,ES,20201202,15,Regular,1
U0001075,David,Moreau,CA,20201203,24,Regular,1
U0001076,Ethan,Smith,US,20201203,2,Regular,1
U0001077,Lucas,Costa,FR,20201203,14,Regular,1
U0001078,Noah,Silva,IT,20201204,18,Regular,0
U0001079,Anna,Müller,CA,20201204,24,Regular,1
U0001080,Laura,Smith,BR,20201204,21,Regular,1
U0001081,Oliver,Müller,GB,20201204,8,Regular,1
U0001082,Sophia,Smith,IN,20201204,27,Regular,1
U0001083,Lucas,Miller,US,20201204,4,Regular,1
U0001084,Oliver,Dubois,CA,20201205,23,Bronze,1
U0001085,Noah,Müller,IN,20201207,28,Regular,1
U0001086,Oliver,Santos,US,20201208,1,Regular,1
U0001087,Emma,Müller,BR,20201209,21,Silver,1
U0001088,Emma,Brown,US,20201209,3,Bronze,1
U0001089,Sophia,Johnson,FR,20201210,12,Silver,1
U0001090,Oliver,Garcia,ES,20201210,16,Regular,0
U0001091,Emma,Bernard,ES,20201210,16,Regular,1
U0001092,Oliver,Anderson,AU,20201210,26,Bronze,0
U0001093,Emma,Dubois,IT,20201211,19,Regular,1
U0001094,Laura,Rossi,FR,20201211,12,Regular,1
U0001095,Daniel,Garcia,CA,20201212,23,Regular,1
U0001096,James,Silva,IN,20201214,28,Silver,1
U0001097,James,Rossi,US,20201214,5,Regular,1
U0001098,David,Johnson,IN,20201214,27,Gold,1
U0001099,Noah,Müller,US,20201214,2,Silver,1
U0001100,John,Costa,CA,20201215,23,Regular,1
U0001101,Ethan,Moreau,GB,20201215,6,Bronze,1
U0001102,Michael,Garcia,US,20201215,5,Bronze,0
U0001103,Noah,Schmidt,FR,20201216,13,Silver,1
U0001104,Laura,Moreau,IT,20201216,20,Regular,0
U0001105,Anna,Johnson,DE,20201217,11,Silver,1
U0001106,Noah,Santos,US,20201218,2,Regular,1
U0001107,Sophia,Dubois,ES,20201220,16,Gold,1
U0001108,Noah,Smith,AU,20201220,25,Regular,1
U0001109,Lucas,Müller,DE,20201221,9,Regular,1
U0001110,Liam,Moreau,GB,20201223,7,Silver,1
U0001111,Sophia,Moreau,FR,20201224,14,Silver,1
U0001112,Isabella,Müller,US,20201224,3,Regular,1
U0001113,Emma,Rossi,CA,20201225,24,Regular,1
U0001114,Daniel,Johnson,CA,20201226,24,Regular,1
U0001115,Michael,Müller,ES,20201226,17,Gold,1
U0001116,Liam,Müller,DE,20201227,9,Bronze,1
U0001117,Charlotte,Silva,BR,20201227,22,Silver,1
U0001118,Noah,Moreau,ES,20201227,16,Regular,1
U0001119,Ethan,Martinez,CA,20201228,23,Regular,1
U0001120,Michael,Costa,IT,20201229,18,Bronze,1
U0001121,Liam,Smith,BR,20201229,22,Silver,1
U0001122,Laura,Brown,ES,20201229,16,Regular,1
U0001123,Isabella,Anderson,FR,20201230,14,Silver,1
U0001124,Lucas,Brown,IN,20201231,28,Regular,1
U0001125,Amelia,Rossi,ES,20201231,17,Regular,1
U0001126,James,Johnson,IT,20210102,19,Regular,1
U0001127,Liam,Garcia,GB,20210105,8,Regular,1
U0001128,Amelia,Rossi,IT,20210105,19,Regular,1
U0001129,Anna,Garcia,ES,20210107,16,Regular,1
U0001130,John,Brown,GB,20210108,7,Regular,1
U0001131,John,Martinez,US,20210109,2,Silver,1
U0001132,Oliver,Rossi,IT,20210109,19,Regular,1
U0001133,Isabella,Müller,BR,20210109,22,Regular,1
U0001134,James,Brown,ES,20210110,15,Regular,1
U0001135,Anna,Santos,GB,20210111,6,Regular,1
U0001136,Laura,Costa,IT,20210111,19,Bronze,1
U0001137,Sophia,Dubois,US,20210113,5,Regular,1
U0001138,Lucas,Martinez,FR,20210113,13,Silver,1
U0001139,Ethan,Rossi,US,20210114,5,Bronze,1
U0001140,Sophia,Müller,GB,20210115,7,Regular,1
U0001141,Emma,Santos,GB,20210115,8,Regular,1
U0001142,Sophia,Martinez,DE,20210117,10,Regular,1
U0001143,Noah,Müller,US,20210117,1,Regular,1
U0001144,Anna,Dubois,DE,20210119,11,Bronze,1
U0001145,Laura,Dubois,ES,20210120,16,Regular,1
U0001146,Lucas,Costa,FR,20210120,13,Regular,1
U0001147,Noah,Rossi,DE,20210123,9,Regular,1
U0001148,Charlotte,Schmidt,CA,20210123,23,Regular,1
U0001149,Oliver,Anderson,US,20210124,5,Regular,1
U0001150,Charlotte,Brown,ES,20210124,17,Regular,1
U0001151,Laura,Bernard,US,20210127,4,Regular,1
U0001152,Laura,Silva,US,20210127,3,Regular,1
U0001153,Isabella,Silva,ES,20210128,15,Bronze,1
U0001154,Sophia,Martinez,ES,20210128,17,Silver,1
U0001155,Amelia,Anderson,CA,20210128,24,Regular,1
U0001156,Lucas,Costa,ES,20210128,15,Regular,1
U0001157,Daniel,Santos,IN,20210128,27,VIP,1
U0001158,Emma,Santos,US,20210129,5,Regular,1
U0001159,James,Garcia,US,20210130,3,Regular,0
U0001160,Sophia,Anderson,US,20210131,2,Regular,1
U0001161,Emma,Smith,GB,20210201,8,Bronze,1
U0001162,Ethan,Silva,ES,20210201,15,Regular,0
U0001163,Charlotte,Santos,IT,20210201,20,Gold,1
U0001164,Isabella,Brown,US,20210201,1,Bronze,1
U0001165,Oliver,Dubois,IN,20210202,28,Silver,1
U0001166,Daniel,Garcia,CA,20210202,24,Bronze,1
U0001167,Daniel,Martinez,GB,20210205,6,Regular,1
U0001168,Noah,Schmidt,US,20210206,5,Regular,1
U0001169,John,Silva,US,20210207,3,Silver,1
U0001170,Lucas,Costa,US,20210208,2,Gold,1
U0001171,Charlotte,Dubois,US,20210208,1,Regular,1
U0001172,Noah,Costa,ES,20210208,16,Gold,1
U0001173,Daniel,Dubois,GB,20210208,7,Regular,1
U0001174,Liam,Silva,DE,20210209,11,Regular,1
U0001175,Ethan,Anderson,IN,20210209,28,Regular,0
U0001176,Anna,Brown,BR,20210210,21,Regular,1
U0001177,Noah,Moreau,IN,20210210,27,Regular,1
U0001178,Maria,Garcia,US,20210211,2,Regular,1
U0001179,Sophia,Anderson,DE,20210212,11,Regular,0
U0001180,Ethan,Rossi,ES,20210212,16,Regular,0
U0001181,Michael,Garcia,US,20210213,5,Regular,1
U0001182,Isabella,Rossi,US,20210214,5,VIP,1
U0001183,James,Smith,IT,20210214,19,Regular,1
U0001184,Lucas,Smith,IT,20210214,18,Regular,0
U0001185,Michael,Bernard,FR,20210214,13,Regular,1
U0001186,Oliver,Anderson,FR,20210216,13,Regular,1
U0001187,Sophia,Silva,FR,20210216,13,Bronze,1
U0001188,Noah,Santos,US,20210216,3,Regular,1
U0001189,James,Silva,DE,20210217,9,Bronze,1
U0001190,Amelia,Bernard,US,20210217,4,Regular,1
U0001191,Anna,Silva,US,20210217,1,Regular,0
U0001192,Sophia,Anderson,IN,20210218,27,Regular,1
U0001193,Laura,Dubois,ES,20210218,15,Regular,1
U0001194,Laura,Brown,BR,20210218,22,Regular,1
U0001195,Ethan,Santos,DE,20210219,11,Regular,1
U0001196,Ethan,Johnson,DE,20210219,10,Regular,1
U0001197,Sophia,Miller,GB,20210220,6,Regular,1
U0001198,Laura,Silva,US,20210221,4,VIP,1
U0001199,John,Martinez,US,20210223,1,Regular,1
U0001200,Charlotte,Rossi,BR,20210224,22,Regular,1
U0001201,James,Santos,IT,20210225,20,Regular,0
U0001202,Laura,Schmidt,ES,20210225,15,Regular,1
U0001203,Oliver,Bernard,FR,20210227,13,Regular,1
U0001204,Ethan,Anderson,AU,20210227,26,Silver,1
U0001205,Lucas,Bernard,US,20210302,3,Gold,1
U0001206,Maria,Johnson,GB,20210302,8,Regular,0
U0001207,Laura,Silva,DE,20210303,10,Regular,1
U0001208,Anna,Santos,BR,20210303,22,Regular,1
U0001209,Liam,Müller,IN,20210303,27,Bronze,1
U0001210,Noah,Müller,GB,20210304,8,Regular,1
U0001211,Amelia,Anderson,CA,20210304,23,Regular,1
U0001212,David,Johnson,CA,20210304,24,Regular,1
U0001213,Isabella,Bernard,GB,20210306,6,Bronze,1
U0001214,Maria,Smith,DE,20210306,11,Regular,1
U0001215,Amelia,Garcia,FR,20210307,14,Regular,1
U0001216,Daniel,Schmidt,IN,20210307,28,Bronze,1
U0001217,Lucas,Costa,GB,20210307,8,Regular,1
U0001218,Anna,Garcia,BR,20210308,21,Silver,0
U0001219,Charlotte,Schmidt,DE,20210308,11,Regular,1
U0001220,Isabella,Müller,BR,20210310,21,Silver,1
U0001221,David,Martinez,FR,20210310,14,Bronze,1
U0001222,David,Smith,ES,20210312,16,Regular,1
U0001223,Lucas,Miller,CA,20210312,24,Bronze,1
U0001224,Anna,Brown,CA,20210313,24,Regular,1
U0001225,Emma,Silva,CA,20210315,23,Gold,1
U0001226,Anna,Silva,US,20210315,2,Regular,1
U0001227,Anna,Brown,BR,20210315,21,Bronze,1
U0001228,Maria,Rossi,US,20210317,1,Regular,1
U0001229,Sophia,Santos,FR,20210319,13,Gold,1
U0001230,Isabella,Martinez,ES,20210324,16,Regular,1
U0001231,Sophia,Santos,FR,20210324,12,Gold,1
U0001232,Amelia,Schmidt,ES,20210325,15,Gold,1
U0001233,Laura,Dubois,IN,20210325,27,Regular,0
U0001234,Liam,Silva,US,20210325,5,Silver,1
U0001235,Amelia,Dubois,IT,20210326,18,VIP,1
U0001236,Charlotte,Santos,DE,20210326,10,Regular,1
U0001237,Lucas,Brown,US,20210326,4,Regular,1
U0001238,Lucas,Miller,US,20210327,3,Regular,1
U0001239,John,Bernard,IN,20210327,28,Regular,1
U0001240,Daniel,Garcia,CA,20210327,23,Regular,1
U0001241,Emma,Schmidt,AU,20210328,26,Regular,1
U0001242,Sophia,Rossi,IN,20210329,27,Regular,1
U0001243,David,Silva,GB,20210330,7,Regular,1
U0001244,Oliver,Dubois,DE,20210330,11,Regular,1
U0001245,Lucas,Smith,IT,20210330,19,Silver,1
U0001246,Isabella,Martinez,FR,20210331,13,Bronze,1
U0001247,James,Anderson,FR,20210331,12,Regular,1
U0001248,James,Smith,DE,20210331,11,Bronze,1
U0001249,David,Miller,ES,20210331,16,Bronze,1
U0001250,Noah,Brown,ES,20210401,15,Gold,1
U0001251,Ethan,Santos,US,20210401,4,Regular,1
U0001252,Michael,Santos,FR,20210401,13,Regular,1
U0001253,John,Dubois,ES,20210401,15,Gold,1
U0001254,Isabella,Santos,ES,20210401,16,Gold,1
U0001255,Liam,Martinez,GB,20210402,6,Bronze,1
U0001256,David,Martinez,BR,20210402,22,Bronze,1
U0001257,James,Bernard,US,20210403,5,Regular,1
U0001258,Sophia,Martinez,DE,20210404,11,Regular,1
U0001259,Daniel,Garcia,BR,20210404,22,Regular,1
U0001260,David,Rossi,ES,20210405,15,Regular,1
U0001261,Isabella,Anderson,GB,20210405,7,Silver,1
U0001262,Maria,Martinez,BR,20210406,22,Regular,1
U0001263,Emma,Miller,ES,20210407,15,Regular,1
U0001264,Emma,Costa,BR,20210408,21,Gold,1
U0001265,Maria,Rossi,BR,20210410,22,Regular,1
U0001266,Amelia,Martinez,IT,20210410,18,VIP,0
U0001267,Daniel,Rossi,FR,20210410,14,VIP,1
U0001268,Daniel,Johnson,US,20210412,2,Regular,1
U0001269,Liam,Martinez,GB,20210412,8,Regular,1
U0001270,Lucas,Rossi,FR,20210412,14,Regular,1
U0001271,John,Schmidt,ES,20210413,17,Regular,1
U0001272,Michael,Santos,ES,20210414,15,Regular,1
U0001273,Laura,Costa,GB,20210415,6,Regular,1
U0001274,Anna,Miller,US,20210415,3,VIP,1
U0001275,Noah,Martinez,FR,20210416,12,Regular,1
U0001276,Amelia,Brown,GB,20210417,6,Bronze,0
U0001277,Ethan,Dubois,BR,20210417,21,Regular,1
U0001278,Sophia,Brown,US,20210419,1,Regular,0
U0001279,Ethan,Silva,ES,20210419,17,Gold,1
U0001280,Amelia,Miller,IN,20210419,27,Regular,1
U0001281,Daniel,Schmidt,US,20210420,5,Regular,1
U0001282,Ethan,Brown,FR,20210421,12,Bronze,0
U0001283,Lucas,Moreau,US,20210423,2,Bronze,1
U0001284,Amelia,Smith,IT,20210424,19,Bronze,1
U0001285,Charlotte,Müller,ES,20210424,15,Regular,1
U0001286,Liam,Anderson,FR,20210425,14,Regular,1
U0001287,Ethan,Anderson,ES,20210425,15,Gold,1
U0001288,Maria,Miller,AU,20210426,26,Gold,0
U0001289,Laura,Smith,GB,20210427,6,Regular,1
U0001290,Noah,Johnson,US,20210428,2,Silver,1
U0001291,Ethan,Schmidt,CA,20210429,24,Regular,1
U0001292,Emma,Smith,ES,20210429,15,Regular,1
U0001293,David,Johnson,AU,20210430,25,Regular,1
U0001294,Amelia,Miller,ES,20210430,17,Regular,1
U0001295,Maria,Rossi,CA,20210430,23,Regular,1
U0001296,Laura,Smith,FR,20210501,12,Regular,1
U0001297,Charlotte,Silva,BR,20210502,21,Regular,1
U0001298,Sophia,Schmidt,AU,20210502,26,Silver,1
U0001299,Daniel,Anderson,ES,20210502,15,Bronze,1
U0001300,Maria,Anderson,GB,20210503,8,Bronze,1
U0001301,John,Moreau,GB,20210504,7,Gold,1
U0001302,John,Santos,GB,20210504,6,Regular,1
U0001303,Liam,Moreau,GB,20210505,6,Regular,1
U0001304,Daniel,Bernard,DE,20210505,10,Silver,1
U0001305,Laura,Moreau,ES,20210508,15,Regular,1
U0001306,Maria,Moreau,ES,20210508,15,Regular,1
U0001307,Noah,Müller,FR,20210509,14,Regular,1
U0001308,Ethan,Bernard,IT,20210510,19,Silver,1
U0001309,John,Silva,US,20210510,5,Regular,1
U0001310,Noah,Silva,US,20210511,1,Silver,1
U0001311,Noah,Johnson,US,20210512,1,Regular,1
U0001312,Maria,Bernard,ES,20210512,16,Bronze,1
U0001313,John,Moreau,GB,20210513,7,Silver,0
U0001314,Charlotte,Miller,GB,20210513,7,Bronze,1
U0001315,Maria,Smith,FR,20210516,14,Regular,1
U0001316,Emma,Costa,CA,20210517,23,Regular,1
U0001317,John,Silva,US,20210518,4,Silver,1
U0001318,Ethan,Garcia,IT,20210518,20,Regular,1
U0001319,Laura,Smith,IT,20210518,18,Regular,1
U0001320,Oliver,Miller,BR,20210519,21,Regular,1
U0001321,Charlotte,Schmidt,AU,20210519,26,Gold,1
U0001322,Ethan,Müller,US,20210520,4,Regular,1
U0001323,Charlotte,Bernard,US,20210520,1,Bronze,1
U0001324,Isabella,Costa,AU,20210521,25,Regular,1
U0001325,Emma,Anderson,FR,20210522,13,Regular,1
U0001326,Lucas,Santos,ES,20210522,16,Bronze,1
U0001327,Isabella,Rossi,IT,20210522,19,Regular,1
U0001328,Isabella,Smith,IT,20210523,20,Regular,1
U0001329,Emma,Moreau,AU,20210523,25,Bronze,1
U0001330,Sophia,Smith,IN,20210523,28,Silver,1
U0001331,David,Bernard,BR,20210524,22,Regular,1
U0001332,Charlotte,Johnson,GB,20210524,6,Silver,1
U0001333,Emma,Moreau,CA,20210525,23,Bronze,1
U0001334,Liam,Costa,US,20210525,3,Silver,1
U0001335,Sophia,Müller,GB,20210526,8,Regular,1
U0001336,Maria,Anderson,AU,20210526,25,Regular,1
U0001337,Ethan,Silva,GB,20210526,6,Gold,1
U0001338,Sophia,Brown,GB,20210527,6,Silver,1
U0001339,Charlotte,Bernard,US,20210528,3,Regular,1
U0001340,Oliver,Santos,CA,20210530,24,Regular,1
U0001341,David,Anderson,ES,20210530,16,Regular,0
U0001342,Lucas,Miller,IT,20210530,20,Regular,1
U0001343,Daniel,Silva,GB,20210530,8,Regular,1
U0001344,Maria,Dubois,BR,20210530,22,Regular,1
U0001345,James,Rossi,BR,20210601,22,Silver,1
U0001346,Amelia,Garcia,DE,20210601,11,Regular,1
U0001347,Amelia,Johnson,FR,20210601,14,Bronze,1
U0001348,Sophia,Garcia,GB,20210601,7,Regular,1
U0001349,Noah,Anderson,IN,20210601,27,Regular,1
U0001350,Oliver,Brown,IT,20210602,20,Regular,1
U0001351,Anna,Dubois,AU,20210602,25,Regular,1
U0001352,John,Costa,DE,20210603,11,Bronze,1
U0001353,Daniel,Martinez,BR,20210603,21,Silver,1
U0001354,Michael,Costa,BR,20210604,22,Regular,1
U0001355,Ethan,Miller,BR,20210604,22,Regular,1
U0001356,John,Anderson,IN,20210605,27,Regular,1
U0001357,Lucas,Müller,DE,20210605,10,Silver,1
U0001358,James,Müller,US,20210606,3,Bronze,1
U0001359,Maria,Rossi,IT,20210607,19,Regular,0
U0001360,Sophia,Martinez,BR,20210609,22,Bronze,1
U0001361,Daniel,Brown,ES,20210609,16,Silver,1
U0001362,Amelia,Miller,GB,20210610,8,Regular,1
U0001363,John,Santos,ES,20210610,15,Regular,1
U0001364,Emma,Smith,DE,20210610,10,Gold,1
U0001365,David,Martinez,FR,20210611,13,Bronze,1
U0001366,Daniel,Moreau,IT,20210613,19,Regular,1
U0001367,John,Silva,BR,20210613,22,Regular,1
U0001368,Noah,Schmidt,GB,20210613,7,Regular,1
U0001369,Oliver,Müller,FR,20210613,12,Regular,1
U0001370,Anna,Schmidt,GB,20210614,8,Bronze,1
U0001371,Charlotte,Anderson,GB,20210614,7,Regular,1
U0001372,Maria,Miller,BR,20210614,21,Bronze,1
U0001373,Noah,Garcia,AU,20210615,25,Silver,1
U0001374,Laura,Anderson,DE,20210618,9,Regular,1
U0001375,Amelia,Brown,BR,20210618,21,Regular,1
U0001376,Michael,Moreau,AU,20210619,26,Regular,1
U0001377,Anna,Müller,CA,20210620,23,Bronze,1
U0001378,David,Brown,GB,20210620,8,Regular,1
U0001379,Daniel,Moreau,IN,20210621,28,Bronze,1
U0001380,Michael,Silva,DE,20210621,9,Silver,1
U0001381,Sophia,Silva,DE,20210621,11,Regular,1
U0001382,Isabella,Santos,US,20210623,1,Gold,1
U0001383,David,Müller,FR,20210623,14,VIP,1
U0001384,Ethan,Müller,US,20210624,5,Regular,1
U0001385,Noah,Schmidt,GB,20210624,8,Regular,1
U0001386,Lucas,Miller,DE,20210625,10,Gold,1
U0001387,Oliver,Dubois,CA,20210625,23,Gold,1
U0001388,Sophia,Brown,CA,20210627,24,Regular,1
U0001389,Isabella,Miller,DE,20210628,10,Regular,1
U0001390,John,Brown,CA,20210628,24,Regular,1
U0001391,James,Moreau,CA,20210628,23,VIP,1
U0001392,Emma,Rossi,BR,20210629,22,Regular,1
U0001393,Isabella,Miller,US,20210701,5,Regular,0
U0001394,Amelia,Bernard,BR,20210702,22,Silver,1
U0001395,Emma,Garcia,IN,20210702,28,Regular,1
U0001396,Michael,Moreau,BR,20210703,21,Bronze,1
U0001397,Oliver,Silva,DE,20210703,11,Regular,1
U0001398,Amelia,Smith,ES,20210705,17,Silver,1
U0001399,James,Dubois,IT,20210706,18,Regular,1
U0001400,Liam,Johnson,ES,20210706,15,Bronze,1
U0001401,Oliver,Rossi,US,20210707,4,Bronze,1
U0001402,Noah,Silva,DE,20210707,9,Regular,1
U0001403,Isabella,Santos,CA,20210708,23,Regular,1
U0001404,Maria,Moreau,CA,20210709,24,Regular,1
U0001405,Anna,Bernard,US,20210709,5,Regular,1
U0001406,Lucas,Garcia,IN,20210709,28,Silver,1
U0001407,Michael,Müller,DE,20210709,9,Silver,1
U0001408,Ethan,Miller,IT,20210709,19,Regular,1
U0001409,Liam,Silva,BR,20210709,21,Bronze,1
U0001410,James,Smith,CA,20210710,24,Bronze,1
U0001411,Sophia,Costa,IN,20210711,27,Silver,1
U0001412,Noah,Moreau,DE,20210711,11,Regular,1
U0001413,Maria,Garcia,CA,20210712,24,Regular,1
U0001414,Oliver,Dubois,US,20210713,1,Regular,0
U0001415,Laura,Müller,BR,20210713,21,Regular,1
U0001416,Michael,Anderson,BR,20210717,22,Regular,1
U0001417,Oliver,Costa,IT,20210717,20,Regular,1
U0001418,James,Garcia,GB,20210717,7,Regular,1
U0001419,Emma,Dubois,CA,20210717,24,Bronze,1
U0001420,Charlotte,Garcia,US,20210718,3,Regular,1
U0001421,Anna,Johnson,US,20210718,1,Regular,1
U0001422,John,Moreau,BR,20210718,21,Regular,1
U0001423,Lucas,Dubois,FR,20210719,12,Regular,1
U0001424,Sophia,Miller,CA,20210722,24,Regular,1
U0001425,James,Schmidt,DE,20210722,9,Regular,1
U0001426,Isabella,Anderson,US,20210722,2,Regular,1
U0001427,Emma,Rossi,CA,20210722,23,Regular,1
U0001428,John,Anderson,ES,20210723,15,Regular,1
U0001429,Michael,Dubois,GB,20210724,8,Regular,1
U0001430,Noah,Silva,BR,20210724,21,Silver,1
U0001431,Daniel,Johnson,ES,20210724,16,Regular,1
U0001432,Laura,Moreau,IT,20210724,19,Regular,1
U0001433,David,Garcia,FR,20210724,13,Regular,1
U0001434,Emma,Rossi,CA,20210725,24,Regular,1
U0001435,Lucas,Müller,CA,20210725,23,Regular,1
U0001436,Noah,Johnson,BR,20210727,22,Regular,1
U0001437,David,Martinez,US,20210727,3,Bronze,1
U0001438,Anna,Anderson,CA,20210727,24,Regular,1
U0001439,Michael,Silva,IT,20210728,20,Regular,1
U0001440,Michael,Dubois,BR,20210728,21,Silver,1
U0001441,Laura,Martinez,DE,20210729,9,Gold,1
U0001442,Daniel,Smith,CA,20210730,23,Regular,1
U0001443,Ethan,Silva,BR,20210731,21,Regular,1
U0001444,James,Moreau,US,20210731,5,Regular,1
U0001445,Daniel,Santos,FR,20210801,12,Regular,1
U0001446,Noah,Anderson,AU,20210801,25,Regular,1
U0001447,Emma,Bernard,US,20210801,3,Regular,1
U0001448,Anna,Silva,IN,20210801,28,Bronze,1
U0001449,Ethan,Silva,IT,20210801,20,Regular,1
U0001450,Laura,Brown,IT,20210803,19,Regular,1
U0001451,Amelia,Dubois,GB,20210804,7,Regular,1
U0001452,Oliver,Dubois,GB,20210804,8,Silver,1
U0001453,John,Rossi,IN,20210804,28,Regular,1
U0001454,Isabella,Silva,GB,20210804,7,Bronze,1
U0001455,Laura,Miller,BR,20210805,22,Regular,1
U0001456,Daniel,Garcia,DE,20210805,9,Regular,0
U0001457,Sophia,Moreau,US,20210806,5,Regular,1
U0001458,Michael,Johnson,US,20210807,1,Regular,1
U0001459,Noah,Dubois,ES,20210808,16,Regular,1
U0001460,Amelia,Costa,IN,20210809,28,Regular,1
U0001461,Ethan,Martinez,DE,20210809,9,Regular,1
U0001462,Maria,Garcia,DE,20210809,10,Bronze,1
U0001463,Ethan,Costa,DE,20210809,11,Regular,1
U0001464,Noah,Anderson,ES,20210811,17,Regular,1
U0001465,Oliver,Dubois,FR,20210812,14,Regular,1
U0001466,Lucas,Garcia,CA,20210812,24,Bronze,1
U0001467,Ethan,Rossi,ES,20210812,17,Gold,1
U0001468,Laura,Rossi,ES,20210813,17,Regular,1
U0001469,Anna,Rossi,US,20210813,3,Regular,0
U0001470,Amelia,Smith,IN,20210813,27,Regular,1
U0001471,Sophia,Bernard,GB,20210814,6,Gold,1
U0001472,Ethan,Miller,US,20210814,4,Silver,1
U0001473,Lucas,Garcia,IT,20210814,20,Regular,1
U0001474,David,Silva,ES,20210814,15,Regular,1
U0001475,Liam,Santos,FR,20210815,12,Regular,1
U0001476,Daniel,Martinez,FR,20210815,12,Regular,1
U0001477,Amelia,Johnson,BR,20210816,22,Bronze,1
U0001478,Maria,Miller,GB,20210817,6,Regular,1
U0001479,Sophia,Bernard,CA,20210817,23,Regular,1
U0001480,Ethan,Anderson,IT,20210817,19,Bronze,1
U0001481,Laura,Martinez,FR,20210818,13,Silver,1
U0001482,Amelia,Johnson,FR,20210819,13,Regular,1
U0001483,John,Miller,GB,20210820,6,Bronze,1
U0001484,Liam,Moreau,BR,20210821,21,Regular,1
U0001485,Isabella,Santos,ES,20210821,16,Silver,1
U0001486,Lucas,Garcia,DE,20210821,11,Silver,1
U0001487,John,Silva,ES,20210821,16,Regular,1
U0001488,Laura,Müller,IN,20210823,27,Bronze,1
U0001489,Emma,Johnson,FR,20210824,12,Silver,1
U0001490,Anna,Miller,AU,20210825,26,Regular,1
U0001491,David,Müller,DE,20210825,11,Regular,1
U0001492,Ethan,Silva,US,20210826,2,Bronze,1
U0001493,Isabella,Anderson,GB,20210826,8,Regular,1
U0001494,Oliver,Dubois,FR,20210828,14,Regular,1
U0001495,Liam,Martinez,GB,20210828,8,Silver,1
U0001496,Noah,Silva,US,20210829,3,Bronze,0
U0001497,Ethan,Brown,AU,20210830,25,Regular,1
U0001498,Daniel,Costa,CA,20210830,24,Regular,1
U0001499,Maria,Silva,BR,20210830,21,Regular,1
U0001500,Anna,Schmidt,US,20210830,4,Regular,1
U0001501,Charlotte,Costa,US,20210831,1,Regular,1
U0001502,Anna,Bernard,US,20210831,4,Bronze,1
U0001503,James,Smith,BR,20210831,21,Regular,1
U0001504,James,Miller,AU,20210901,26,Regular,1
U0001505,Liam,Miller,FR,20210902,14,Regular,1
U0001506,David,Brown,US,20210903,4,VIP,1
U0001507,Michael,Miller,ES,20210903,17,Regular,1
U0001508,Daniel,Anderson,DE,20210903,10,Regular,1
U0001509,Lucas,Müller,DE,20210904,11,Regular,0
U0001510,Michael,Smith,IT,20210906,20,Regular,1
U0001511,Oliver,Anderson,BR,20210906,22,Regular,1
U0001512,James,Schmidt,US,20210906,3,Regular,1
U0001513,Noah,Miller,US,20210907,1,Regular,1
U0001514,Oliver,Martinez,IN,20210907,28,Regular,1
U0001515,James,Silva,GB,20210908,6,Regular,1
U0001516,Michael,Anderson,US,20210909,3,Regular,1
U0001517,Isabella,Santos,GB,20210910,6,Regular,1
U0001518,Noah,Dubois,US,20210910,5,Regular,1
U0001519,Liam,Garcia,DE,20210911,10,Regular,1
U0001520,Sophia,Miller,CA,20210911,24,Regular,1
U0001521,Michael,Moreau,DE,20210911,9,Bronze,1
U0001522,Laura,Brown,FR,20210912,13,Regular,1
U0001523,Emma,Martinez,IT,20210913,18,Regular,1
U0001524,David,Silva,ES,20210914,15,Regular,1
U0001525,John,Smith,CA,20210914,24,Gold,1
U0001526,Oliver,Silva,CA,20210914,24,Silver,1
U0001527,Noah,Anderson,US,20210914,5,Regular,1
U0001528,David,Brown,BR,20210914,21,Regular,1
U0001529,Amelia,Miller,FR,20210915,13,Regular,1
U0001530,Michael,Rossi,IN,20210915,28,Regular,1
U0001531,Laura,Miller,FR,20210916,14,Regular,1
U0001532,Ethan,Martinez,IN,20210916,28,Bronze,1
U0001533,Charlotte,Martinez,BR,20210916,21,Regular,1
U0001534,Laura,Smith,GB,20210916,7,Silver,1
U0001535,Michael,Costa,ES,20210917,15,Regular,1
U0001536,Sophia,Moreau,IN,20210918,27,Silver,1
U0001537,Liam,Miller,CA,20210918,23,Silver,1
U0001538,Michael,Johnson,US,20210919,5,Regular,0
U0001539,David,Garcia,BR,20210919,21,Regular,1
U0001540,Maria,Rossi,DE,20210919,10,Regular,1
U0001541,David,Martinez,US,20210920,3,Regular,1
U0001542,Oliver,Brown,FR,20210920,14,Regular,1
U0001543,Liam,Schmidt,GB,20210922,8,Regular,1
U0001544,James,Johnson,CA,20210922,23,Regular,1
U0001545,James,Brown,DE,20210923,9,Gold,1
U0001546,Emma,Miller,CA,20210924,23,Regular,1
U0001547,Ethan,Dubois,US,20210924,2,VIP,1
U0001548,Isabella,Bernard,DE,20210925,10,Regular,0
U0001549,Oliver,Martinez,GB,20210925,6,Bronze,1
U0001550,Oliver,Santos,GB,20210926,6,Regular,1
U0001551,Liam,Smith,US,20210927,5,Regular,1
U0001552,Emma,Müller,GB,20210929,6,Silver,1
U0001553,Lucas,Dubois,ES,20210930,17,Regular,1
U0001554,Ethan,Johnson,GB,20211001,6,Bronze,1
U0001555,Ethan,Dubois,FR,20211002,12,Regular,1
U0001556,Charlotte,Costa,DE,20211003,11,Regular,1
U0001557,James,Garcia,CA,20211003,24,Regular,1
U0001558,Laura,Anderson,AU,20211004,26,Bronze,0
U0001559,Amelia,Moreau,FR,20211004,14,Regular,1
U0001560,Charlotte,Bernard,DE,20211005,11,Bronze,1
U0001561,James,Rossi,US,20211005,4,Silver,1
U0001562,Lucas,Miller,IN,20211005,28,Regular,1
U0001563,Lucas,Johnson,US,20211006,3,Regular,1
U0001564,Ethan,Müller,GB,20211006,6,Bronze,0
U0001565,Isabella,Johnson,GB,20211008,7,Regular,1
U0001566,Liam,Rossi,DE,20211008,9,Regular,0
U0001567,Anna,Garcia,US,20211009,4,Regular,1
U0001568,Lucas,Dubois,BR,20211009,22,Regular,1
U0001569,Ethan,Rossi,US,20211009,3,Regular,1
U0001570,Amelia,Garcia,IT,20211010,19,Regular,1
U0001571,Laura,Rossi,US,20211010,5,Bronze,1
U0001572,Anna,Bernard,US,20211010,1,Regular,1
U0001573,Ethan,Schmidt,AU,20211011,26,Regular,1
U0001574,Anna,Garcia,GB,20211011,8,VIP,1
U0001575,Laura,Santos,CA,20211011,23,Bronze,1
U0001576,Charlotte,Brown,ES,20211011,16,Silver,1
U0001577,Charlotte,Schmidt,US,20211011,4,Regular,1
U0001578,Anna,Schmidt,IN,20211012,28,Bronze,1
U0001579,Emma,Silva,GB,20211012,6,Regular,1
U0001580,Ethan,Martinez,CA,20211013,23,Regular,1
U0001581,Oliver,Silva,US,20211013,3,Regular,1
U0001582,Isabella,Costa,CA,20211013,24,Regular,1
U0001583,Ethan,Brown,US,20211013,1,Silver,1
U0001584,Sophia,Schmidt,ES,20211014,17,Regular,1
U0001585,Laura,Santos,BR,20211016,21,Bronze,1
U0001586,Amelia,Garcia,AU,20211016,26,Bronze,1
U0001587,Amelia,Rossi,AU,20211017,26,Regular,1
U0001588,Isabella,Brown,CA,20211018,23,Regular,0
U0001589,John,Schmidt,AU,20211020,26,Regular,1
U0001590,Michael,Rossi,GB,20211020,8,Regular,1
U0001591,Maria,Bernard,GB,20211023,8,Regular,1
U0001592,John,Martinez,GB,20211023,6,VIP,1
U0001593,Liam,Santos,DE,20211025,10,Regular,1
U0001594,Daniel,Garcia,DE,20211025,11,Regular,1
U0001595,Maria,Moreau,ES,20211025,16,Silver,0
U0001596,John,Santos,US,20211026,5,Regular,1
U0001597,Maria,Silva,BR,20211027,21,Bronze,1
U0001598,Emma,Smith,US,20211027,1,Regular,1
U0001599,Oliver,Müller,DE,20211027,10,Regular,1
U0001600,Anna,Brown,ES,20211028,15,Regular,1
U0001601,John,Schmidt,BR,20211028,22,Regular,1
U0001602,Sophia,Miller,BR,20211028,21,Regular,1
U0001603,Ethan,Miller,IT,20211101,20,Bronze,1
U0001604,Liam,Santos,US,20211101,2,Regular,1
U0001605,Ethan,Brown,ES,20211101,15,Gold,1
U0001606,Daniel,Moreau,US,20211101,2,Regular,1
U0001607,James,Brown,DE,20211102,11,Regular,1
U0001608,Michael,Bernard,FR,20211102,13,Regular,1
U0001609,Amelia,Moreau,US,20211102,4,Gold,1
U0001610,Laura,Schmidt,GB,20211102,8,Regular,1
U0001611,Daniel,Garcia,IN,20211103,27,Regular,1
U0001612,Daniel,Müller,IN,20211104,28,Silver,1
U0001613,Sophia,Schmidt,DE,20211105,10,Regular,1
U0001614,Laura,Smith,US,20211106,3,Silver,1
U0001615,Emma,Miller,US,20211106,4,Regular,1
U0001616,Emma,Silva,DE,20211106,10,Bronze,1
U0001617,Sophia,Müller,IN,20211109,28,Gold,0
U0001618,Maria,Silva,US,20211109,5,Bronze,1
U0001619,David,Miller,BR,20211109,21,Regular,1
U0001620,Isabella,Miller,US,20211109,3,Regular,1
U0001621,Oliver,Martinez,IN,20211111,27,Gold,1
U0001622,David,Dubois,DE,20211111,10,Regular,1
U0001623,Anna,Anderson,BR,20211111,21,Regular,1
U0001624,Noah,Miller,DE,20211112,11,Bronze,1
U0001625,Lucas,Bernard,IT,20211114,20,Regular,1
U0001626,Noah,Dubois,GB,20211115,7,Regular,1
U0001627,James,Schmidt,US,20211116,3,Regular,1
U0001628,Maria,Miller,AU,20211116,26,Regular,1
U0001629,Michael,Johnson,AU,20211117,25,Regular,1
U0001630,Isabella,Martinez,AU,20211117,26,Bronze,1
U0001631,David,Moreau,IT,20211119,18,Regular,1
U0001632,Michael,Silva,CA,20211119,23,Silver,0
U0001633,Anna,Martinez,US,20211119,3,Silver,1
U0001634,Laura,Bernard,DE,20211120,10,Bronze,1
U0001635,Charlotte,Silva,DE,20211120,11,Regular,1
U0001636,Charlotte,Anderson,IT,20211124,20,Bronze,1
U0001637,James,Garcia,DE,20211124,11,Regular,1
U0001638,Emma,Schmidt,US,20211124,4,Regular,1
U0001639,John,Smith,ES,20211125,15,Bronze,1
U0001640,Isabella,Garcia,CA,20211126,23,Regular,1
U0001641,Michael,Garcia,DE,20211128,10,Gold,1
U0001642,Maria,Garcia,US,20211128,5,Regular,1
U0001643,Liam,Silva,GB,20211128,7,Bronze,1
U0001644,Michael,Schmidt,GB,20211128,8,Regular,1
U0001645,Anna,Johnson,GB,20211128,7,Gold,0
U0001646,Ethan,Bernard,IT,20211129,18,Regular,1
U0001647,Daniel,Müller,IT,20211130,20,Regular,1
U0001648,Anna,Santos,BR,20211130,21,Regular,1
U0001649,Liam,Costa,DE,20211130,11,Regular,1
U0001650,Emma,Martinez,CA,20211201,24,Regular,1
U0001651,Daniel,Costa,GB,20211201,8,Regular,1
U0001652,Michael,Bernard,FR,20211202,13,Regular,1
U0001653,Isabella,Costa,CA,20211203,23,Regular,1
U0001654,Amelia,Dubois,GB,20211203,7,Regular,1
U0001655,Liam,Schmidt,US,20211203,3,Silver,1
U0001656,David,Santos,AU,20211204,25,Bronze,1
U0001657,Emma,Müller,DE,20211205,9,Bronze,1
U0001658,Charlotte,Dubois,BR,20211206,22,Bronze,1
U0001659,Maria,Brown,US,20211206,4,Regular,0
U0001660,Isabella,Dubois,BR,20211206,21,Regular,1
U0001661,Daniel,Santos,DE,20211208,9,Regular,1
U0001662,Daniel,Moreau,US,20211208,2,Silver,1
U0001663,Anna,Brown,IT,20211212,18,VIP,1
U0001664,David,Brown,GB,20211212,6,Regular,0
U0001665,Noah,Brown,DE,20211212,10,Regular,1
U0001666,Michael,Müller,US,20211212,1,Regular,1
U0001667,Ethan,Brown,US,20211213,5,Regular,1
U0001668,Isabella,Martinez,GB,20211213,8,Regular,1
U0001669,Sophia,Johnson,US,20211214,5,Regular,1
U0001670,David,Brown,AU,20211215,25,Gold,1
U0001671,Isabella,Dubois,US,20211215,3,Regular,1
U0001672,Liam,Anderson,FR,20211216,14,Gold,1
U0001673,Charlotte,Smith,US,20211216,2,Silver,1
U0001674,Daniel,Santos,DE,20211217,11,Bronze,1
U0001675,Daniel,Garcia,AU,20211217,26,Bronze,1
U0001676,Noah,Anderson,US,20211217,2,Bronze,1
U0001677,Ethan,Anderson,IN,20211218,27,Bronze,1
U0001678,Oliver,Miller,GB,20211218,6,Bronze,1
U0001679,Noah,Silva,BR,20211218,21,Regular,1
U0001680,Isabella,Smith,ES,20211218,17,VIP,1
U0001681,Oliver,Rossi,AU,20211218,26,Bronze,1
U0001682,Ethan,Smith,ES,20211219,15,Bronze,0
U0001683,Liam,Santos,ES,20211219,16,Silver,0
U0001684,Emma,Bernard,GB,20211221,7,Regular,1
U0001685,Emma,Müller,US,20211221,2,Regular,1
U0001686,David,Johnson,AU,20211222,26,Regular,1
U0001687,Sophia,Costa,DE,20211223,11,Regular,1
U0001688,Charlotte,Martinez,DE,20211224,10,Silver,1
U0001689,Anna,Müller,BR,20211224,22,Regular,1
U0001690,David,Martinez,DE,20211224,9,Regular,1
U0001691,James,Brown,IN,20211225,27,Regular,1
U0001692,Charlotte,Bernard,BR,20211225,22,Regular,1
U0001693,Charlotte,Garcia,ES,20211227,16,Bronze,1
U0001694,Laura,Bernard,AU,20211227,25,Silver,0
U0001695,Laura,Johnson,US,20211227,3,Regular,1
U0001696,Oliver,Santos,GB,20211228,8,Regular,1
U0001697,Anna,Anderson,FR,20211228,14,Regular,1
U0001698,Laura,Silva,GB,20211229,7,Regular,1
U0001699,John,Martinez,BR,20211229,22,Regular,1
U0001700,Maria,Bernard,AU,20211231,26,VIP,1
U0001701,Lucas,Miller,FR,20220103,13,Regular,1
U0001702,Laura,Moreau,DE,20220103,11,Regular,1
U0001703,Amelia,Müller,IN,20220103,28,Regular,1
U0001704,Daniel,Miller,FR,20220103,12,Bronze,1
U0001705,Amelia,Dubois,FR,20220104,12,Bronze,1
U0001706,Michael,Dubois,DE,20220104,11,Bronze,1
U0001707,Emma,Anderson,AU,20220105,25,Regular,1
U0001708,Oliver,Dubois,ES,20220106,16,Silver,1
U0001709,Laura,Schmidt,BR,20220107,21,Regular,1
U0001710,Daniel,Rossi,CA,20220109,24,Regular,1
U0001711,David,Smith,DE,20220109,10,Regular,1
U0001712,James,Silva,FR,20220110,14,Regular,1
U0001713,Michael,Rossi,CA,20220110,23,Silver,1
U0001714,Emma,Dubois,DE,20220111,11,Gold,1
U0001715,Daniel,Johnson,BR,20220112,21,Regular,1
U0001716,Maria,Costa,IN,20220112,28,Silver,1
U0001717,John,Anderson,IT,20220112,18,Silver,1
U0001718,Anna,Johnson,BR,20220112,21,Gold,1
U0001719,James,Bernard,CA,20220112,24,Regular,1
U0001720,Maria,Smith,CA,20220112,24,Regular,1
U0001721,Amelia,Costa,DE,20220112,11,Regular,1
U0001722,Noah,Moreau,US,20220114,2,Silver,1
U0001723,John,Dubois,FR,20220115,13,Regular,1
U0001724,Anna,Bernard,IT,20220116,18,Regular,1
U0001725,Oliver,Miller,FR,20220116,12,Regular,1
U0001726,Ethan,Smith,BR,20220116,22,Regular,1
U0001727,Oliver,Bernard,DE,20220116,10,Bronze,0
U0001728,Oliver,Martinez,IT,20220117,18,Silver,1
U0001729,Ethan,Silva,GB,20220117,7,Bronze,1
U0001730,Liam,Bernard,BR,20220118,21,Silver,0
U0001731,Sophia,Smith,ES,20220120,16,Regular,1
U0001732,Ethan,Miller,GB,20220121,8,Regular,1
U0001733,Noah,Santos,GB,20220123,7,Regular,1
U0001734,Daniel,Anderson,BR,20220124,21,Regular,1
U0001735,John,Rossi,FR,20220125,13,Regular,1
U0001736,Isabella,Brown,GB,20220125,6,Bronze,1
U0001737,Liam,Garcia,IN,20220126,28,Regular,1
U0001738,Michael,Santos,BR,20220127,21,Bronze,1
U0001739,Sophia,Miller,IN,20220127,27,Regular,1
U0001740,Lucas,Anderson,FR,20220128,13,Regular,1
U0001741,Michael,Smith,FR,20220129,12,Regular,1
U0001742,Maria,Garcia,AU,20220129,26,Regular,0
U0001743,Oliver,Schmidt,ES,20220129,15,Regular,1
U0001744,Sophia,Müller,BR,20220130,21,Regular,1
U0001745,Michael,Anderson,GB,20220130,6,Regular,0
U0001746,Amelia,Silva,FR,20220131,13,Regular,1
U0001747,John,Bernard,US,20220201,4,Regular,1
U0001748,David,Dubois,GB,20220201,8,Bronze,1
U0001749,Isabella,Bernard,US,20220203,2,Bronze,1
U0001750,Sophia,Santos,US,20220203,4,Regular,1
U0001751,Laura,Martinez,IN,20220204,28,Bronze,1
U0001752,James,Schmidt,GB,20220204,8,Bronze,1
U0001753,John,Miller,IT,20220205,18,Bronze,1
U0001754,Maria,Costa,CA,20220206,23,Regular,0
U0001755,Isabella,Costa,ES,20220206,15,Regular,1
U0001756,Emma,Martinez,US,20220206,3,Bronze,1
U0001757,Isabella,Garcia,BR,20220207,21,Regular,0
U0001758,Liam,Bernard,IT,20220208,18,Gold,1
U0001759,James,Santos,BR,20220208,22,Silver,1
U0001760,Anna,Smith,BR,20220208,21,Regular,1
U0001761,Noah,Bernard,IN,20220208,28,Regular,1
U0001762,Ethan,Rossi,ES,20220209,15,Regular,1
U0001763,David,Miller,DE,20220210,10,Regular,1
U0001764,Lucas,Rossi,IT,20220210,18,Regular,1
U0001765,Oliver,Dubois,US,20220210,1,Regular,1
U0001766,Liam,Johnson,AU,20220210,25,Regular,0
U0001767,Amelia,Garcia,US,20220210,4,Regular,1
U0001768,Ethan,Silva,DE,20220210,11,VIP,1
U0001769,John,Santos,CA,20220211,24,Regular,1
U0001770,Michael,Moreau,ES,20220211,15,Gold,1
U0001771,Emma,Johnson,DE,20220212,9,Gold,0
U0001772,Liam,Martinez,FR,20220213,13,Regular,1
U0001773,Maria,Rossi,CA,20220214,23,Bronze,0
U0001774,Anna,Anderson,DE,20220214,11,Regular,1
U0001775,Noah,Schmidt,CA,20220214,23,Bronze,1
U0001776,Isabella,Miller,US,20220215,2,Regular,1
U0001777,Lucas,Santos,BR,20220215,22,Regular,0
U0001778,John,Anderson,CA,20220215,24,Regular,0
U0001779,Laura,Anderson,GB,20220215,6,Regular,1
U0001780,Laura,Garcia,FR,20220215,14,Regular,1
U0001781,Laura,Moreau,US,20220216,3,Regular,1
U0001782,Maria,Silva,BR,20220217,21,Regular,1
U0001783,Emma,Silva,ES,20220218,17,Regular,1
U0001784,Liam,Garcia,IT,20220219,19,Regular,1
U0001785,Sophia,Miller,GB,20220219,6,Regular,0
U0001786,Michael,Miller,GB,20220220,8,Regular,1
U0001787,Sophia,Smith,US,20220221,1,Regular,1
U0001788,Isabella,Garcia,DE,20220221,11,Silver,1
U0001789,John,Garcia,ES,20220221,16,Regular,1
U0001790,Ethan,Bernard,CA,20220222,23,Bronze,0
U0001791,Sophia,Smith,IT,20220224,20,Regular,1
U0001792,Emma,Müller,FR,20220224,14,Silver,1
U0001793,Daniel,Johnson,IN,20220225,27,Regular,0
U0001794,Anna,Moreau,BR,20220226,22,Regular,1
U0001795,Isabella,Santos,AU,20220226,26,Regular,1
U0001796,Daniel,Smith,ES,20220226,15,Regular,1
U0001797,David,Santos,GB,20220227,8,Regular,1
U0001798,Isabella,Anderson,US,20220227,4,Regular,1
U0001799,Liam,Dubois,BR,20220228,22,VIP,1
U0001800,Emma,Dubois,US,20220228,3,Regular,1
U0001801,Charlotte,Anderson,DE,20220301,11,Regular,1
U0001802,Emma,Brown,ES,20220301,15,Bronze,1
U0001803,Daniel,Santos,ES,20220302,16,Regular,1
U0001804,Charlotte,Müller,IT,20220302,18,Silver,1
U0001805,Maria,Garcia,US,20220303,3,Regular,1
U0001806,Anna,Martinez,DE,20220304,9,Bronze,1
U0001807,Amelia,Müller,IT,20220305,20,Regular,1
U0001808,Ethan,Schmidt,IN,20220306,27,Silver,1
U0001809,Daniel,Miller,BR,20220306,22,Bronze,1
U0001810,Oliver,Schmidt,AU,20220308,25,Regular,1
U0001811,Daniel,Müller,BR,20220308,21,Regular,1
U0001812,Ethan,Santos,ES,20220308,16,Regular,1
U0001813,Oliver,Rossi,GB,20220310,8,VIP,0
U0001814,Daniel,Anderson,IT,20220310,19,Regular,1
U0001815,Maria,Miller,IT,20220311,20,Regular,1
U0001816,Liam,Martinez,IT,20220312,18,Regular,1
U0001817,Daniel,Rossi,FR,20220312,14,Regular,1
U0001818,Charlotte,Garcia,ES,20220313,16,Regular,1
U0001819,Daniel,Müller,DE,20220314,11,Gold,0
U0001820,Lucas,Miller,ES,20220315,16,Regular,1
U0001821,Anna,Garcia,GB,20220315,8,Silver,0
U0001822,David,Silva,CA,20220317,23,Regular,1
U0001823,Ethan,Johnson,GB,20220318,6,Regular,0
U0001824,Ethan,Schmidt,US,20220323,1,Regular,1
U0001825,James,Rossi,FR,20220323,14,Regular,1
U0001826,Lucas,Garcia,IT,20220323,19,Gold,1
U0001827,Anna,Santos,FR,20220324,12,Silver,1
U0001828,Daniel,Smith,GB,20220325,7,Regular,1
U0001829,John,Rossi,ES,20220325,15,Regular,1
U0001830,Anna,Brown,DE,20220325,9,Regular,1
U0001831,Charlotte,Johnson,AU,20220326,25,Gold,1
U0001832,Charlotte,Silva,AU,20220326,25,Silver,1
U0001833,Maria,Santos,ES,20220328,16,Bronze,1
U0001834,Amelia,Dubois,DE,20220329,10,Regular,0
U0001835,Sophia,Müller,BR,20220329,22,Regular,1
U0001836,Daniel,Müller,US,20220330,5,Regular,1
U0001837,Oliver,Moreau,FR,20220330,13,Regular,1
U0001838,James,Santos,DE,20220330,10,Regular,1
U0001839,Daniel,Anderson,AU,20220330,25,Regular,1
U0001840,Lucas,Johnson,US,20220330,2,Regular,1
U0001841,John,Santos,ES,20220330,16,Silver,1
U0001842,Sophia,Johnson,BR,20220331,22,Bronze,1
U0001843,Emma,Dubois,FR,20220402,12,Regular,1
U0001844,Emma,Miller,US,20220404,3,Regular,1
U0001845,Emma,Schmidt,IN,20220405,28,Regular,0
U0001846,John,Bernard,ES,20220406,15,Bronze,1
U0001847,Laura,Schmidt,IT,20220406,19,Silver,1
U0001848,David,Bernard,GB,20220406,7,Bronze,1
U0001849,Noah,Santos,FR,20220406,13,Bronze,1
U0001850,Daniel,Müller,FR,20220408,14,Regular,0
U0001851,Liam,Moreau,US,20220409,4,Regular,1
U0001852,Noah,Johnson,US,20220410,4,Regular,1
U0001853,Laura,Martinez,CA,20220410,24,Regular,1
U0001854,Lucas,Johnson,GB,20220411,6,Bronze,1
U0001855,Isabella,Smith,GB,20220411,7,Regular,1
U0001856,Noah,Johnson,ES,20220412,17,Regular,1
U0001857,Noah,Moreau,BR,20220413,22,Regular,1
U0001858,Daniel,Rossi,US,20220414,3,VIP,0
U0001859,Lucas,Dubois,ES,20220415,17,Regular,1
U0001860,Oliver,Anderson,US,20220416,3,Bronze,1
U0001861,Emma,Schmidt,US,20220416,1,Regular,1
U0001862,Michael,Miller,US,20220417,4,Regular,1
U0001863,Charlotte,Santos,CA,20220417,23,Regular,1
U0001864,John,Martinez,US,20220418,4,Bronze,1
U0001865,Sophia,Schmidt,US,20220418,5,Regular,1
U0001866,Charlotte,Anderson,FR,20220420,12,Silver,0
U0001867,Emma,Bernard,CA,20220420,24,Regular,1
U0001868,Oliver,Moreau,GB,20220420,7,Regular,1
U0001869,Oliver,Dubois,FR,20220420,12,Gold,1
U0001870,David,Miller,US,20220421,1,Regular,1
U0001871,Lucas,Miller,FR,20220421,13,Regular,1
U0001872,Amelia,Smith,ES,20220422,17,Silver,1
U0001873,Noah,Garcia,ES,20220423,16,Regular,1
U0001874,Anna,Moreau,DE,20220424,10,Bronze,1
U0001875,Amelia,Bernard,DE,20220426,10,Regular,1
U0001876,Emma,Bernard,US,20220427,5,Regular,1
U0001877,Charlotte,Bernard,DE,20220428,11,Regular,1
U0001878,Isabella,Müller,US,20220429,4,Silver,1
U0001879,Michael,Schmidt,BR,20220429,21,Regular,0
U0001880,Isabella,Rossi,IN,20220430,28,Bronze,1
U0001881,Anna,Silva,IN,20220430,28,Gold,1
U0001882,Isabella,Brown,CA,20220430,24,Regular,1
U0001883,Ethan,Miller,IT,20220501,18,Regular,1
U0001884,Liam,Garcia,BR,20220502,22,Regular,1
U0001885,Michael,Miller,GB,20220503,8,Regular,1
U0001886,Liam,Johnson,IT,20220503,19,Regular,1
U0001887,James,Rossi,FR,20220504,13,Bronze,1
U0001888,Amelia,Rossi,FR,20220504,14,VIP,1
U0001889,Amelia,Costa,BR,20220508,21,Gold,0
U0001890,Michael,Miller,GB,20220509,6,Silver,1
U0001891,Emma,Brown,DE,20220511,11,Silver,1
U0001892,Liam,Moreau,AU,20220512,26,Regular,1
U0001893,Ethan,Dubois,US,20220512,3,Bronze,1
U0001894,Isabella,Anderson,FR,20220513,14,Silver,1
U0001895,Michael,Rossi,AU,20220513,25,Regular,1
U0001896,Ethan,Garcia,IT,20220514,18,Gold,1
U0001897,Isabella,Johnson,ES,20220515,15,Regular,1
U0001898,Liam,Garcia,GB,20220517,8,Bronze,1
U0001899,Michael,Rossi,DE,20220518,11,Bronze,1
U0001900,Oliver,Santos,CA,20220518,24,Gold,1
U0001901,Maria,Schmidt,ES,20220519,15,Regular,1
U0001902,Amelia,Bernard,ES,20220521,15,Bronze,1
U0001903,Isabella,Bernard,US,20220521,1,Regular,1
U0001904,Maria,Costa,US,20220522,2,Regular,1
U0001905,Maria,Miller,IN,20220523,28,Bronze,1
U0001906,Amelia,Santos,DE,20220523,10,Regular,0
U0001907,Lucas,Brown,IT,20220523,19,Bronze,0
U0001908,Charlotte,Anderson,US,20220524,5,Regular,1
U0001909,Maria,Santos,BR,20220524,21,Regular,1
U0001910,Michael,Smith,AU,20220525,25,Bronze,1
U0001911,Liam,Martinez,ES,20220525,17,Regular,0
U0001912,Daniel,Schmidt,US,20220526,4,Regular,1
U0001913,Amelia,Garcia,ES,20220526,16,Gold,1
U0001914,Amelia,Dubois,BR,20220526,22,Regular,1
U0001915,David,Johnson,FR,20220528,13,Bronze,1
U0001916,Liam,Johnson,CA,20220528,23,Regular,1
U0001917,James,Rossi,IT,20220528,20,Regular,0
U0001918,Lucas,Silva,AU,20220528,25,Regular,1
U0001919,Ethan,Anderson,IT,20220528,20,Regular,1
U0001920,Daniel,Brown,US,20220530,3,Regular,1
U0001921,Isabella,Martinez,DE,20220530,10,Regular,1
U0001922,Charlotte,Costa,GB,20220531,7,Regular,1
U0001923,Anna,Silva,AU,20220531,26,Regular,1
U0001924,Amelia,Silva,BR,20220531,21,Regular,1
U0001925,John,Silva,IT,20220601,18,Regular,1
U0001926,Lucas,Schmidt,DE,20220601,9,Regular,1
U0001927,Amelia,Rossi,GB,20220601,8,Gold,1
U0001928,Oliver,Martinez,BR,20220602,21,Bronze,1
U0001929,Amelia,Smith,FR,20220603,13,Bronze,1
U0001930,David,Martinez,GB,20220603,8,Regular,1
U0001931,Sophia,Rossi,IT,20220603,19,Gold,1
U0001932,Anna,Smith,US,20220603,5,Bronze,1
U0001933,Lucas,Costa,DE,20220604,9,Bronze,1
U0001934,James,Schmidt,FR,20220604,13,Regular,1
U0001935,David,Dubois,US,20220604,3,Gold,1
U0001936,James,Müller,IN,20220605,28,Silver,1
U0001937,Amelia,Dubois,GB,20220605,6,Silver,1
U0001938,Laura,Schmidt,US,20220606,5,Regular,1
U0001939,David,Miller,GB,20220606,7,Regular,1
U0001940,Liam,Martinez,BR,20220606,22,Regular,1
U0001941,Isabella,Müller,FR,20220606,12,Regular,1
U0001942,Liam,Johnson,ES,20220606,15,Silver,1
U0001943,Lucas,Müller,US,20220608,2,Regular,1
U0001944,Isabella,Dubois,US,20220608,1,Regular,1
U0001945,Ethan,Johnson,FR,20220610,13,Regular,1
U0001946,Isabella,Garcia,CA,20220610,23,Regular,1
U0001947,Michael,Schmidt,AU,20220610,26,Regular,1
U0001948,Lucas,Garcia,US,20220610,1,Silver,1
U0001949,Anna,Schmidt,ES,20220611,17,Regular,1
U0001950,Daniel,Johnson,AU,20220611,26,Regular,1
U0001951,Lucas,Müller,DE,20220613,11,Regular,1
U0001952,Daniel,Rossi,CA,20220613,24,Regular,1
U0001953,Lucas,Miller,US,20220616,1,Regular,1
U0001954,Michael,Smith,AU,20220616,26,Bronze,1
U0001955,Charlotte,Bernard,BR,20220618,22,Bronze,1
U0001956,Maria,Bernard,IN,20220619,27,Bronze,1
U0001957,Maria,Moreau,IT,20220620,20,Bronze,1
U0001958,Amelia,Brown,DE,20220621,11,Regular,0
U0001959,Maria,Schmidt,AU,20220623,25,Gold,0
U0001960,Lucas,Garcia,GB,20220624,7,Silver,0
U0001961,James,Santos,DE,20220625,11,Gold,1
U0001962,Daniel,Dubois,BR,20220625,21,Regular,1
U0001963,Oliver,Moreau,BR,20220625,21,Gold,1
U0001964,John,Johnson,AU,20220627,25,Silver,1
U0001965,Sophia,Smith,GB,20220628,6,Silver,1
U0001966,John,Bernard,BR,20220628,21,Regular,1
U0001967,Amelia,Müller,BR,20220628,22,Bronze,0
U0001968,Noah,Schmidt,US,20220629,1,Gold,1
U0001969,Noah,Martinez,DE,20220629,10,Bronze,1
U0001970,Ethan,Schmidt,GB,20220630,8,Regular,1
U0001971,John,Smith,DE,20220630,11,Gold,1
U0001972,Noah,Miller,IN,20220701,28,Regular,1
U0001973,Emma,Silva,IT,20220701,19,Regular,1
U0001974,Oliver,Schmidt,BR,20220702,21,Regular,1
U0001975,Noah,Rossi,IN,20220703,27,Gold,1
U0001976,Amelia,Costa,DE,20220704,9,Regular,1
U0001977,Charlotte,Müller,CA,20220704,24,Regular,1
U0001978,Amelia,Moreau,FR,20220706,13,Bronze,1
U0001979,David,Schmidt,CA,20220707,24,Silver,1
U0001980,John,Rossi,GB,20220707,8,Regular,1
U0001981,Emma,Silva,IN,20220707,28,Gold,1
U0001982,Ethan,Garcia,GB,20220708,7,Gold,1
U0001983,Sophia,Costa,DE,20220708,11,Regular,1
U0001984,Ethan,Müller,BR,20220709,21,Regular,0
U0001985,Oliver,Santos,DE,20220710,9,Regular,1
U0001986,Michael,Bernard,IT,20220711,19,Regular,1
U0001987,Lucas,Garcia,FR,20220711,14,Regular,1
U0001988,Daniel,Anderson,BR,20220713,21,Gold,1
U0001989,Michael,Brown,GB,20220713,7,Silver,1
U0001990,Laura,Anderson,US,20220714,4,Regular,1
U0001991,Michael,Martinez,GB,20220715,8,Regular,1
U0001992,Daniel,Costa,FR,20220715,14,Regular,0
U0001993,Michael,Martinez,US,20220715,3,Regular,1
U0001994,Maria,Martinez,DE,20220715,9,Regular,1
U0001995,Anna,Rossi,DE,20220717,11,Silver,1
U0001996,David,Anderson,US,20220718,5,Gold,1
U0001997,Michael,Martinez,ES,20220718,15,Regular,1
U0001998,James,Dubois,AU,20220720,25,Silver,1
U0001999,Charlotte,Smith,US,20220720,4,Regular,1
U0002000,Lucas,Dubois,ES,20220720,17,Bronze,1
U0002001,Lucas,Martinez,IT,20220720,18,Regular,1
U0002002,Maria,Martinez,FR,20220721,12,Regular,1
U0002003,Ethan,Silva,BR,20220721,21,Gold,1
U0002004,Lucas,Rossi,FR,20220722,13,Regular,1
U0002005,Amelia,Brown,ES,20220723,15,Bronze,1
U0002006,Laura,Garcia,US,20220724,2,Regular,0
U0002007,Michael,Brown,BR,20220724,22,Regular,1
U0002008,David,Santos,IT,20220725,20,Regular,1
U0002009,Maria,Müller,US,20220725,2,Regular,0
U0002010,Anna,Costa,DE,20220727,10,Bronze,0
U0002011,Laura,Silva,IN,20220727,28,Regular,1
U0002012,Isabella,Miller,FR,20220728,12,Bronze,1
U0002013,David,Garcia,ES,20220728,16,Bronze,1
U0002014,Charlotte,Smith,AU,20220728,25,Bronze,1
U0002015,Ethan,Miller,BR,20220729,22,Regular,1
U0002016,David,Silva,ES,20220730,15,Gold,1
U0002017,Maria,Silva,BR,20220730,22,Regular,1
U0002018,Noah,Smith,CA,20220731,23,Regular,1
U0002019,Daniel,Miller,FR,20220731,14,Regular,1
U0002020,James,Smith,FR,20220801,14,Regular,1
U0002021,Sophia,Johnson,DE,20220801,9,Regular,1
U0002022,Anna,Garcia,IN,20220802,27,Bronze,1
U0002023,Liam,Müller,BR,20220803,21,Regular,1
U0002024,Charlotte,Brown,US,20220804,5,Regular,1
U0002025,Liam,Schmidt,CA,20220804,24,Bronze,1
U0002026,Oliver,Garcia,FR,20220805,14,Regular,1
U0002027,Oliver,Smith,US,20220805,1,Regular,1
U0002028,Michael,Smith,ES,20220805,15,Regular,1
U0002029,James,Miller,FR,20220805,12,Bronze,1
U0002030,Liam,Moreau,CA,20220805,23,Regular,1
U0002031,David,Brown,GB,20220805,8,Regular,1
U0002032,Noah,Rossi,CA,20220806,24,Regular,1
U0002033,Maria,Garcia,ES,20220806,17,Bronze,1
U0002034,Charlotte,Anderson,US,20220807,2,Bronze,1
U0002035,Anna,Costa,IN,20220807,28,Silver,1
U0002036,Sophia,Martinez,ES,20220809,17,Regular,0
U0002037,Liam,Dubois,GB,20220809,8,Regular,1
U0002038,Laura,Moreau,FR,20220809,12,Regular,1
U0002039,Daniel,Anderson,CA,20220810,24,Regular,0
U0002040,Noah,Garcia,DE,20220810,11,Regular,1
U0002041,Liam,Müller,GB,20220811,8,Regular,1
U0002042,Noah,Johnson,US,20220812,3,Regular,1
U0002043,Noah,Schmidt,GB,20220812,8,Bronze,1
U0002044,Lucas,Miller,BR,20220813,22,Regular,1
U0002045,Emma,Smith,FR,20220817,13,Bronze,1
U0002046,Maria,Johnson,GB,20220817,6,Regular,1
U0002047,Oliver,Miller,US,20220817,4,Regular,1
U0002048,John,Dubois,DE,20220817,10,Regular,1
U0002049,James,Miller,AU,20220818,26,Regular,1
U0002050,John,Santos,DE,20220818,9,Regular,1
U0002051,Amelia,Garcia,IN,20220819,27,Regular,1
U0002052,James,Smith,FR,20220820,12,Gold,1
U0002053,Oliver,Müller,US,20220820,4,Bronze,1
U0002054,Charlotte,Smith,AU,20220820,26,Regular,1
U0002055,Charlotte,Müller,FR,20220820,13,Silver,1
U0002056,Michael,Santos,BR,20220820,22,Bronze,0
U0002057,Anna,Silva,IN,20220821,27,Bronze,1
U0002058,Laura,Garcia,US,20220822,3,Silver,1
U0002059,Ethan,Bernard,US,20220824,5,Regular,1
U0002060,Oliver,Dubois,BR,20220824,21,Regular,1
U0002061,John,Müller,GB,20220825,7,Regular,1
U0002062,Oliver,Silva,GB,20220826,8,Regular,1
U0002063,Maria,Miller,US,20220826,3,Regular,1
U0002064,Sophia,Anderson,US,20220826,3,Regular,1
U0002065,David,Martinez,BR,20220827,22,Gold,1
U0002066,Maria,Miller,US,20220828,2,Gold,1
U0002067,Maria,Müller,FR,20220829,13,Silver,0
U0002068,Liam,Miller,IT,20220829,20,Silver,1
U0002069,Ethan,Dubois,FR,20220830,14,Gold,1
U0002070,Anna,Bernard,US,20220830,1,Regular,1
U0002071,John,Brown,BR,20220830,22,Regular,1
U0002072,James,Moreau,US,20220901,2,Regular,1
U0002073,Anna,Miller,BR,20220903,22,Silver,1
U0002074,Anna,Bernard,AU,20220903,25,Regular,1
U0002075,Isabella,Brown,FR,20220903,13,Bronze,1
U0002076,John,Johnson,ES,20220903,16,Regular,1
U0002077,Lucas,Garcia,FR,20220904,12,Regular,1
U0002078,Oliver,Martinez,DE,20220905,9,Bronze,0
U0002079,Anna,Santos,AU,20220905,25,Regular,0
U0002080,Anna,Moreau,AU,20220905,25,Regular,1
U0002081,Noah,Martinez,DE,20220908,10,Regular,1
U0002082,Noah,Santos,IT,20220908,19,Regular,1
U0002083,Michael,Garcia,AU,20220908,26,Bronze,1
U0002084,Daniel,Dubois,IN,20220909,27,Regular,1
U0002085,Noah,Dubois,ES,20220909,15,Regular,1
U0002086,Daniel,Bernard,FR,20220909,13,Regular,1
U0002087,Amelia,Miller,GB,20220909,8,Silver,1
U0002088,Ethan,Schmidt,IN,20220910,28,Regular,1
U0002089,Anna,Anderson,US,20220910,2,Bronze,1
U0002090,Amelia,Bernard,ES,20220910,15,Bronze,1
U0002091,Charlotte,Schmidt,GB,20220911,7,Regular,1
U0002092,Michael,Brown,GB,20220911,8,Silver,1
U0002093,Liam,Smith,FR,20220911,13,Bronze,1
U0002094,Maria,Garcia,IN,20220914,28,Regular,1
U0002095,Anna,Garcia,US,20220915,3,Regular,1
U0002096,Ethan,Moreau,ES,20220915,16,Gold,1
U0002097,Ethan,Garcia,US,20220916,1,Bronze,1
U0002098,John,Silva,US,20220916,1,Regular,1
U0002099,Oliver,Costa,FR,20220917,13,Regular,1
U0002100,Anna,Anderson,ES,20220917,17,Silver,0
U0002101,Laura,Brown,GB,20220917,7,Bronze,1
U0002102,David,Miller,DE,20220918,9,Bronze,1
U0002103,Daniel,Santos,US,20220919,2,Regular,1
U0002104,Sophia,Schmidt,DE,20220920,11,Bronze,1
U0002105,John,Garcia,IN,20220920,28,Regular,1
U0002106,Anna,Brown,IN,20220920,27,Regular,1
U0002107,Isabella,Moreau,DE,20220921,9,Bronze,1
U0002108,Ethan,Garcia,ES,20220923,16,VIP,1
U0002109,Lucas,Martinez,AU,20220925,26,Regular,1
U0002110,Isabella,Silva,US,20220925,5,Regular,1
U0002111,Lucas,Bernard,CA,20220925,24,Bronze,1
U0002112,James,Moreau,IN,20220926,28,Regular,1
U0002113,Maria,Anderson,US,20220926,5,Silver,1
U0002114,Anna,Santos,US,20220926,1,Bronze,1
U0002115,Michael,Anderson,IN,20220927,27,Regular,1
U0002116,Sophia,Santos,ES,20220927,16,VIP,1
U0002117,Charlotte,Moreau,US,20220927,2,Bronze,1
U0002118,David,Garcia,GB,20220928,7,Silver,1
U0002119,Noah,Müller,FR,20220929,14,Bronze,1
U0002120,Emma,Silva,BR,20220929,22,Silver,1
U0002121,Laura,Santos,BR,20220929,22,Regular,1
U0002122,Amelia,Anderson,IN,20220929,28,Regular,1
U0002123,Maria,Anderson,GB,20220930,6,Silver,1
U0002124,Oliver,Müller,ES,20221001,16,Regular,1
U0002125,Liam,Silva,ES,20221001,15,Regular,1
U0002126,Maria,Brown,FR,20221003,14,Silver,1
U0002127,Lucas,Santos,US,20221004,5,Silver,1
U0002128,James,Müller,IN,20221004,27,Regular,0
U0002129,Laura,Brown,CA,20221004,24,Silver,1
U0002130,Michael,Müller,FR,20221005,14,Bronze,1
U0002131,Oliver,Bernard,IT,20221008,19,Regular,1
U0002132,David,Smith,GB,20221008,6,Silver,1
U0002133,Amelia,Rossi,ES,20221009,16,Regular,1
U0002134,Liam,Smith,BR,20221009,22,Regular,1
U0002135,John,Bernard,ES,20221010,17,Regular,1
U0002136,Noah,Anderson,IN,20221011,28,Regular,1
U0002137,Liam,Garcia,IT,20221012,20,Regular,1
U0002138,Daniel,Miller,DE,20221012,11,Silver,1
U0002139,Oliver,Johnson,BR,20221012,21,Silver,1
U0002140,Anna,Bernard,US,20221013,2,Regular,1
U0002141,Noah,Bernard,DE,20221013,9,Silver,1
U0002142,Liam,Garcia,DE,20221014,10,Regular,1
U0002143,Maria,Dubois,FR,20221015,13,Regular,1
U0002144,Anna,Costa,BR,20221016,22,Silver,1
U0002145,Daniel,Garcia,FR,20221016,14,Regular,1
U0002146,James,Santos,BR,20221017,22,Regular,1
U0002147,Liam,Müller,ES,20221018,15,Bronze,1
U0002148,Daniel,Rossi,DE,20221018,9,Regular,0
U0002149,Oliver,Müller,CA,20221019,24,Silver,1
U0002150,Michael,Johnson,GB,20221019,8,Regular,1
U0002151,Amelia,Garcia,GB,20221019,6,Regular,1
U0002152,Isabella,Miller,ES,20221020,15,Regular,1
U0002153,Liam,Garcia,GB,20221020,6,Regular,1
U0002154,James,Silva,US,20221021,2,Regular,1
U0002155,John,Smith,IT,20221021,20,Regular,1
U0002156,Maria,Santos,ES,20221021,16,Silver,1
U0002157,Michael,Bernard,FR,20221022,13,Gold,1
U0002158,David,Johnson,IN,20221022,28,Regular,1
U0002159,Anna,Miller,ES,20221022,15,Regular,1
U0002160,Amelia,Brown,CA,20221022,23,Regular,1
U0002161,Michael,Anderson,US,20221023,3,Gold,1
U0002162,James,Martinez,ES,20221024,17,VIP,1
U0002163,Liam,Smith,CA,20221026,24,Regular,1
U0002164,Maria,Garcia,ES,20221026,15,Bronze,1
U0002165,John,Bernard,BR,20221026,22,Regular,1
U0002166,Maria,Garcia,DE,20221027,11,Regular,1
U0002167,Oliver,Brown,US,20221028,3,Regular,1
U0002168,Anna,Müller,FR,20221030,14,Regular,1
U0002169,Oliver,Brown,DE,20221031,10,Regular,1
U0002170,Oliver,Smith,CA,20221031,24,Regular,1
U0002171,Maria,Santos,GB,20221101,8,Bronze,0
U0002172,Sophia,Garcia,IN,20221102,28,Regular,1
U0002173,Ethan,Martinez,IN,20221102,28,Regular,1
U0002174,Anna,Anderson,GB,20221102,6,Regular,1
U0002175,Amelia,Garcia,DE,20221103,10,Regular,1
U0002176,James,Dubois,AU,20221104,26,Regular,1
U0002177,Sophia,Anderson,IN,20221104,27,Regular,1
U0002178,Daniel,Santos,FR,20221105,13,Regular,1
U0002179,Lucas,Moreau,DE,20221109,11,Regular,1
U0002180,Sophia,Costa,ES,20221109,16,Regular,1
U0002181,James,Smith,BR,20221110,21,Regular,1
U0002182,John,Dubois,GB,20221110,8,Bronze,1
U0002183,Ethan,Miller,BR,20221111,22,Bronze,1
U0002184,Liam,Garcia,US,20221114,3,Regular,1
U0002185,James,Johnson,US,20221115,5,Regular,1
U0002186,Oliver,Johnson,DE,20221116,11,Regular,1
U0002187,Ethan,Martinez,DE,20221116,9,Regular,1
U0002188,Laura,Martinez,DE,20221116,11,Regular,0
U0002189,Ethan,Smith,FR,20221116,12,Regular,1
U0002190,Anna,Silva,DE,20221116,11,Regular,1
U0002191,Sophia,Santos,GB,20221117,7,Gold,0
U0002192,Daniel,Costa,DE,20221117,9,Regular,1
U0002193,Maria,Schmidt,IN,20221118,28,Regular,1
U0002194,Emma,Dubois,FR,20221119,12,Regular,1
U0002195,Lucas,Müller,FR,20221119,14,Gold,1
U0002196,David,Santos,ES,20221123,15,Bronze,1
U0002197,Maria,Martinez,IN,20221123,27,Regular,1
U0002198,Anna,Schmidt,GB,20221124,8,Silver,1
U0002199,Ethan,Brown,BR,20221125,21,Regular,1
U0002200,Amelia,Silva,BR,20221125,21,Silver,1
U0002201,Michael,Garcia,IT,20221125,18,Silver,1
U0002202,Daniel,Rossi,US,20221128,4,Regular,0
U0002203,John,Silva,IT,20221129,19,Bronze,1
U0002204,Noah,Johnson,US,20221129,4,Regular,1
U0002205,Michael,Müller,ES,20221129,15,Regular,1
U0002206,James,Silva,BR,20221130,22,Regular,0
U0002207,Isabella,Martinez,GB,20221201,8,Bronze,1
U0002208,Michael,Brown,CA,20221201,23,Regular,1
U0002209,David,Costa,US,20221202,4,Regular,1
U0002210,Charlotte,Anderson,CA,20221202,24,Bronze,1
U0002211,Isabella,Moreau,FR,20221203,14,Regular,1
U0002212,Lucas,Silva,GB,20221204,8,Regular,1
U0002213,Amelia,Silva,US,20221205,1,Regular,1
U0002214,Laura,Martinez,IN,20221205,27,Regular,1
U0002215,Maria,Johnson,US,20221206,5,Regular,1
U0002216,Anna,Bernard,GB,20221206,6,Regular,1
U0002217,Oliver,Santos,DE,20221208,11,VIP,1
U0002218,Ethan,Rossi,IT,20221209,19,Bronze,1
U0002219,David,Schmidt,ES,20221210,17,Regular,1
U0002220,Amelia,Miller,US,20221210,4,Regular,1
U0002221,Daniel,Miller,GB,20221210,8,Regular,1
U0002222,David,Brown,GB,20221210,7,Bronze,1
U0002223,Amelia,Bernard,GB,20221211,7,Regular,1
U0002224,James,Moreau,FR,20221211,12,Regular,1
U0002225,Amelia,Smith,BR,20221211,22,Silver,1
U0002226,Maria,Müller,GB,20221212,8,Regular,1
U0002227,Amelia,Dubois,DE,20221213,10,Regular,1
U0002228,Noah,Martinez,DE,20221213,11,Silver,1
U0002229,Emma,Miller,IN,20221214,28,Bronze,0
U0002230,Emma,Brown,IN,20221214,28,Regular,1
U0002231,Daniel,Rossi,CA,20221215,24,Bronze,0
U0002232,Sophia,Smith,GB,20221216,6,Regular,1
U0002233,Laura,Dubois,US,20221216,2,Bronze,1
U0002234,Isabella,Rossi,DE,20221217,10,Regular,1
U0002235,Lucas,Rossi,GB,20221218,8,Silver,1
U0002236,Anna,Johnson,ES,20221218,16,Gold,1
U0002237,Anna,Müller,BR,20221218,21,Gold,1
U0002238,Amelia,Schmidt,CA,20221220,24,Gold,1
U0002239,Noah,Brown,CA,20221220,24,Regular,1
U0002240,John,Johnson,DE,20221220,11,Regular,1
U0002241,David,Anderson,BR,20221220,21,Regular,1
U0002242,Noah,Johnson,DE,20221221,11,Bronze,1
U0002243,James,Johnson,US,20221221,4,Silver,1
U0002244,Laura,Moreau,BR,20221223,22,Regular,1
U0002245,Noah,Brown,US,20221224,4,Gold,1
U0002246,Amelia,Dubois,FR,20221226,13,Silver,1
U0002247,Lucas,Smith,DE,20221228,11,VIP,1
U0002248,Maria,Bernard,BR,20221228,22,Silver,1
U0002249,Laura,Dubois,BR,20221229,22,Regular,1
U0002250,Daniel,Silva,DE,20221229,9,Regular,1
U0002251,Liam,Rossi,CA,20221230,24,Regular,1
U0002252,James,Moreau,GB,20221230,7,Regular,1
U0002253,Isabella,Silva,FR,20221231,13,Bronze,1
U0002254,James,Bernard,BR,20221231,21,Silver,1
U0002255,Anna,Garcia,BR,20221231,22,Silver,1
U0002256,Ethan,Miller,IN,20230101,27,Bronze,0
U0002257,David,Moreau,GB,20230101,7,Regular,1
U0002258,Maria,Santos,IT,20230101,20,Regular,1
U0002259,Ethan,Miller,IT,20230102,18,Regular,1
U0002260,Amelia,Garcia,AU,20230103,26,Regular,1
U0002261,Isabella,Smith,US,20230103,4,Regular,1
U0002262,Charlotte,Silva,BR,20230104,22,Regular,1
U0002263,Emma,Anderson,ES,20230104,17,Regular,1
U0002264,Emma,Johnson,GB,20230104,7,Regular,1
U0002265,Ethan,Dubois,FR,20230105,12,Bronze,1
U0002266,Lucas,Martinez,DE,20230106,9,Regular,1
U0002267,Noah,Garcia,ES,20230106,17,Regular,0
U0002268,Isabella,Costa,AU,20230106,26,Regular,1
U0002269,David,Brown,ES,20230109,17,Gold,1
U0002270,Anna,Brown,IT,20230109,20,Regular,1
U0002271,Oliver,Müller,ES,20230110,16,Regular,1
U0002272,Charlotte,Rossi,US,20230111,2,Bronze,1
U0002273,Charlotte,Garcia,GB,20230112,6,Regular,1
U0002274,Anna,Martinez,FR,20230112,14,Gold,1
U0002275,Ethan,Moreau,DE,20230113,11,Regular,1
U0002276,Emma,Costa,GB,20230113,8,Regular,0
U0002277,Lucas,Garcia,ES,20230113,15,Regular,1
U0002278,David,Moreau,DE,20230113,9,Bronze,1
U0002279,Noah,Dubois,GB,20230114,6,Regular,1
U0002280,James,Bernard,FR,20230115,14,Regular,1
U0002281,Amelia,Santos,US,20230115,5,Regular,1
U0002282,Anna,Johnson,AU,20230116,25,Regular,0
U0002283,Ethan,Silva,CA,20230118,23,Regular,1
U0002284,James,Müller,BR,20230118,21,Bronze,1
U0002285,Amelia,Rossi,US,20230118,1,Bronze,1
U0002286,Lucas,Brown,BR,20230119,22,Regular,1
U0002287,Maria,Garcia,CA,20230119,24,Regular,1
U0002288,Isabella,Anderson,BR,20230119,22,Bronze,0
U0002289,David,Miller,US,20230121,1,Regular,1
U0002290,James,Smith,IT,20230121,20,Regular,1
U0002291,Isabella,Garcia,CA,20230122,23,Regular,1
U0002292,Anna,Dubois,ES,20230122,15,Bronze,1
U0002293,Noah,Brown,IT,20230124,20,Gold,1
U0002294,Michael,Anderson,FR,20230124,12,Bronze,1
U0002295,David,Miller,ES,20230125,16,Regular,1
U0002296,Oliver,Costa,US,20230126,4,Regular,1
U0002297,Daniel,Moreau,IT,20230126,19,Silver,1
U0002298,John,Martinez,US,20230126,2,Regular,1
U0002299,Daniel,Dubois,FR,20230129,13,VIP,1
U0002300,Daniel,Martinez,GB,20230129,7,Gold,1
U0002301,Amelia,Brown,ES,20230130,16,Regular,1
U0002302,Ethan,Schmidt,US,20230131,1,Gold,1
U0002303,Maria,Bernard,BR,20230201,21,Regular,1
U0002304,Isabella,Bernard,BR,20230201,21,Silver,1
U0002305,Amelia,Brown,US,20230201,5,Regular,1
U0002306,Oliver,Brown,US,20230201,1,Regular,1
U0002307,Oliver,Martinez,US,20230202,2,Bronze,1
U0002308,Anna,Costa,CA,20230203,24,Bronze,1
U0002309,Maria,Schmidt,ES,20230203,15,Regular,1
U0002310,Maria,Anderson,FR,20230204,12,Regular,1
U0002311,Charlotte,Schmidt,US,20230204,4,Regular,1
U0002312,Laura,Costa,IT,20230204,19,Regular,1
U0002313,David,Garcia,CA,20230205,23,Regular,1
U0002314,John,Miller,CA,20230205,24,Regular,1
U0002315,Liam,Anderson,IT,20230205,18,Regular,1
U0002316,Isabella,Johnson,US,20230206,1,Regular,1
U0002317,Daniel,Bernard,US,20230206,3,Regular,1
U0002318,Maria,Dubois,US,20230209,5,Regular,1
U0002319,Michael,Silva,GB,20230209,8,Regular,1
U0002320,Laura,Santos,US,20230209,1,Gold,1
U0002321,Ethan,Garcia,GB,20230209,7,Regular,1
U0002322,Michael,Costa,DE,20230211,10,Gold,1
U0002323,John,Bernard,IN,20230212,28,Bronze,1
U0002324,Ethan,Moreau,IT,20230213,20,Bronze,1
U0002325,Laura,Bernard,CA,20230215,24,Bronze,1
U0002326,James,Brown,BR,20230215,21,Silver,1
U0002327,Maria,Santos,US,20230217,5,Regular,1
U0002328,John,Costa,BR,20230217,22,Regular,1
U0002329,Emma,Schmidt,GB,20230219,7,Bronze,1
U0002330,Charlotte,Johnson,IT,20230220,18,Regular,1
U0002331,Isabella,Johnson,DE,20230224,9,Silver,1
U0002332,Anna,Müller,IN,20230224,28,Regular,1
U0002333,Isabella,Smith,GB,20230225,6,Bronze,1
U0002334,Isabella,Garcia,GB,20230225,8,Regular,1
U0002335,Isabella,Miller,AU,20230226,26,Regular,1
U0002336,Charlotte,Dubois,US,20230226,3,Regular,1
U0002337,Ethan,Silva,BR,20230227,21,Bronze,1
U0002338,Oliver,Martinez,BR,20230227,21,Silver,1
U0002339,Lucas,Silva,CA,20230228,24,Regular,0
U0002340,Noah,Brown,IN,20230228,28,Silver,1
U0002341,Daniel,Müller,IN,20230301,27,Regular,1
U0002342,Oliver,Silva,US,20230301,2,Regular,1
U0002343,Ethan,Costa,CA,20230302,24,Regular,0
U0002344,Isabella,Brown,IT,20230303,19,Regular,1
U0002345,Laura,Bernard,IT,20230303,20,Regular,1
U0002346,Charlotte,Costa,US,20230303,3,Regular,1
U0002347,Daniel,Costa,IT,20230304,18,Bronze,1
U0002348,Maria,Costa,IN,20230304,28,Bronze,1
U0002349,Daniel,Miller,AU,20230304,25,Regular,0
U0002350,Daniel,Brown,FR,20230304,12,Regular,1
U0002351,John,Martinez,US,20230305,2,Regular,1
U0002352,David,Miller,DE,20230305,10,Regular,1
U0002353,John,Silva,CA,20230306,24,Regular,1
U0002354,Daniel,Santos,BR,20230306,21,Regular,1
U0002355,Noah,Rossi,FR,20230307,12,Gold,1
U0002356,Charlotte,Silva,US,20230307,3,Silver,1
U0002357,Daniel,Moreau,FR,20230308,13,Regular,0
U0002358,David,Brown,FR,20230309,12,Regular,1
U0002359,Daniel,Moreau,AU,20230309,26,Regular,1
U0002360,Charlotte,Moreau,IT,20230309,19,Silver,1
U0002361,Amelia,Anderson,DE,20230310,10,Regular,1
U0002362,Charlotte,Rossi,ES,20230310,16,Regular,1
U0002363,Lucas,Anderson,US,20230310,5,Bronze,0
U0002364,Amelia,Miller,IN,20230311,27,Regular,1
U0002365,Liam,Schmidt,DE,20230311,10,Regular,1
U0002366,Charlotte,Costa,FR,20230312,14,Regular,1
U0002367,Ethan,Johnson,DE,20230312,10,Regular,1
U0002368,Amelia,Garcia,BR,20230312,21,Regular,1
U0002369,Isabella,Anderson,IT,20230315,18,Regular,1
U0002370,Laura,Garcia,BR,20230315,21,Regular,0
U0002371,Emma,Rossi,GB,20230316,7,Regular,1
U0002372,Lucas,Moreau,DE,20230318,10,Bronze,1
U0002373,Charlotte,Johnson,US,20230318,2,Regular,1
U0002374,John,Silva,IT,20230318,19,Regular,1
U0002375,Noah,Johnson,US,20230319,5,Bronze,1
U0002376,Emma,Bernard,ES,20230319,17,Bronze,1
U0002377,Liam,Santos,CA,20230321,24,Silver,1
U0002378,Sophia,Anderson,AU,20230321,25,Regular,1
U0002379,Charlotte,Rossi,FR,20230321,14,Regular,1
U0002380,Ethan,Johnson,FR,20230322,13,Bronze,1
U0002381,Laura,Rossi,US,20230322,3,Bronze,1
U0002382,Michael,Smith,IT,20230323,20,Regular,1
U0002383,Michael,Santos,CA,20230325,23,Gold,1
U0002384,Noah,Schmidt,GB,20230327,6,Regular,1
U0002385,Laura,Schmidt,FR,20230327,12,VIP,1
U0002386,James,Martinez,CA,20230328,24,Silver,1
U0002387,Noah,Brown,CA,20230328,23,Bronze,1
U0002388,David,Garcia,GB,20230329,7,Gold,1
U0002389,Daniel,Brown,ES,20230329,17,Bronze,1
U0002390,Liam,Schmidt,GB,20230329,8,Regular,1
U0002391,Sophia,Silva,US,20230330,3,Regular,1
U0002392,Amelia,Brown,AU,20230330,26,Regular,1
U0002393,Liam,Dubois,CA,20230330,24,Regular,1
U0002394,David,Costa,BR,20230401,21,Bronze,1
U0002395,Liam,Santos,US,20230401,2,Regular,1
U0002396,David,Rossi,CA,20230401,23,Regular,1
U0002397,Emma,Schmidt,FR,20230402,14,Regular,1
U0002398,Noah,Martinez,DE,20230405,10,Silver,1
U0002399,David,Johnson,ES,20230405,17,Regular,1
U0002400,Ethan,Brown,US,20230406,3,Regular,0
U0002401,Maria,Santos,BR,20230406,21,Regular,1
U0002402,Michael,Moreau,ES,20230409,17,Bronze,1
U0002403,Anna,Dubois,GB,20230410,6,Regular,1
U0002404,Ethan,Martinez,GB,20230410,6,Bronze,1
U0002405,John,Rossi,GB,20230410,8,Regular,1
U0002406,Noah,Bernard,US,20230410,5,Regular,1
U0002407,Amelia,Santos,ES,20230411,15,Gold,1
U0002408,Liam,Anderson,CA,20230412,23,Regular,1
U0002409,Noah,Anderson,US,20230413,2,Regular,1
U0002410,Anna,Martinez,US,20230415,3,Regular,1
U0002411,Charlotte,Santos,ES,20230417,17,Regular,1
U0002412,Laura,Bernard,CA,20230417,24,Regular,1
U0002413,Maria,Silva,DE,20230417,9,Regular,1
U0002414,Maria,Smith,DE,20230418,11,Regular,1
U0002415,Lucas,Rossi,ES,20230420,15,Regular,1
U0002416,Michael,Brown,GB,20230420,8,Bronze,1
U0002417,Maria,Garcia,US,20230421,5,Silver,1
U0002418,Sophia,Moreau,BR,20230421,22,Regular,1
U0002419,Michael,Moreau,IT,20230421,18,Regular,1
U0002420,Noah,Smith,ES,20230422,17,Regular,1
U0002421,Lucas,Garcia,BR,20230422,22,Regular,1
U0002422,Michael,Costa,IT,20230422,18,Regular,1
U0002423,Maria,Garcia,GB,20230422,7,Regular,1
U0002424,John,Anderson,DE,20230422,9,Regular,1
U0002425,Maria,Moreau,US,20230423,5,Regular,1
U0002426,Noah,Miller,US,20230423,4,Regular,0
U0002427,David,Santos,IT,20230423,19,Gold,1
U0002428,Daniel,Schmidt,CA,20230423,23,Regular,1
U0002429,Liam,Smith,IN,20230424,28,Bronze,1
U0002430,David,Costa,IT,20230424,20,Silver,1
U0002431,Sophia,Garcia,GB,20230424,7,Regular,1
U0002432,Sophia,Costa,US,20230425,1,Regular,1
U0002433,Daniel,Miller,CA,20230426,24,Regular,1
U0002434,Sophia,Johnson,ES,20230426,16,Regular,1
U0002435,Sophia,Rossi,IT,20230427,18,Regular,1
U0002436,Sophia,Rossi,BR,20230427,21,Bronze,1
U0002437,John,Santos,BR,20230427,21,Regular,1
U0002438,James,Martinez,CA,20230429,23,Regular,1
U0002439,Lucas,Silva,US,20230429,4,Bronze,1
U0002440,Daniel,Rossi,BR,20230429,22,Silver,1
U0002441,Amelia,Bernard,CA,20230501,23,Regular,1
U0002442,Laura,Rossi,GB,20230501,8,Bronze,1
U0002443,Lucas,Rossi,IT,20230501,18,Regular,1
U0002444,Sophia,Smith,DE,20230502,9,Regular,1
U0002445,Emma,Bernard,IN,20230503,28,Regular,0
U0002446,Noah,Bernard,US,20230504,1,Regular,1
U0002447,Lucas,Smith,ES,20230505,16,Gold,1
U0002448,Liam,Dubois,US,20230505,4,Regular,1
U0002449,Michael,Dubois,BR,20230505,21,Regular,1
U0002450,Anna,Miller,US,20230507,2,Regular,1
U0002451,David,Anderson,GB,20230507,8,Regular,0
U0002452,Daniel,Costa,FR,20230508,14,Regular,1
U0002453,Daniel,Santos,AU,20230509,26,Regular,1
U0002454,Noah,Santos,GB,20230509,7,Silver,1
U0002455,Charlotte,Bernard,US,20230509,4,Regular,1
U0002456,Isabella,Bernard,BR,20230510,22,Regular,1
U0002457,Emma,Santos,ES,20230511,16,Regular,1
U0002458,Amelia,Moreau,AU,20230511,26,Regular,0
U0002459,Lucas,Miller,US,20230512,1,Regular,1
U0002460,Oliver,Martinez,IT,20230514,20,Silver,1
U0002461,Laura,Costa,GB,20230514,8,Gold,1
U0002462,Michael,Santos,US,20230514,5,Regular,1
U0002463,Sophia,Bernard,BR,20230515,21,Regular,1
U0002464,James,Martinez,ES,20230516,17,Silver,1
U0002465,Michael,Martinez,BR,20230516,22,Regular,1
U0002466,Lucas,Santos,DE,20230517,9,Regular,1
U0002467,Amelia,Silva,FR,20230517,12,Regular,0
U0002468,Isabella,Dubois,FR,20230517,14,Bronze,1
U0002469,Noah,Santos,IN,20230517,28,Regular,1
U0002470,Maria,Dubois,GB,20230518,8,Silver,1
U0002471,Noah,Miller,GB,20230519,6,Silver,0
U0002472,Ethan,Brown,DE,20230521,11,Regular,1
U0002473,Emma,Miller,ES,20230522,15,Bronze,1
U0002474,Isabella,Brown,GB,20230523,6,Silver,1
U0002475,Isabella,Smith,AU,20230523,25,Regular,1
U0002476,Noah,Santos,GB,20230523,7,Regular,1
U0002477,Sophia,Miller,AU,20230523,26,Regular,1
U0002478,Daniel,Anderson,US,20230523,5,Regular,1
U0002479,Liam,Miller,IT,20230523,19,Regular,0
U0002480,Charlotte,Costa,AU,20230524,26,Regular,1
U0002481,John,Johnson,US,20230525,2,Regular,1
U0002482,Maria,Dubois,IN,20230525,27,Silver,1
U0002483,Amelia,Santos,FR,20230525,13,Regular,1
U0002484,Isabella,Rossi,IN,20230527,28,Regular,1
U0002485,Anna,Müller,IT,20230527,18,Regular,1
U0002486,Liam,Costa,DE,20230528,10,Regular,1
U0002487,Michael,Silva,GB,20230530,6,Regular,1
U0002488,James,Miller,DE,20230602,11,Regular,1
U0002489,Ethan,Rossi,US,20230606,1,Regular,1
U0002490,Laura,Anderson,US,20230608,1,Bronze,1
U0002491,Charlotte,Miller,US,20230608,4,Bronze,1
U0002492,Sophia,Bernard,FR,20230608,14,Regular,1
U0002493,Anna,Costa,BR,20230610,21,Bronze,1
U0002494,Sophia,Santos,US,20230611,2,Bronze,1
U0002495,Sophia,Silva,US,20230611,2,Regular,0
U0002496,James,Smith,IT,20230613,18,Gold,0
U0002497,Sophia,Bernard,GB,20230613,6,Silver,0
U0002498,Isabella,Müller,US,20230614,5,Regular,1
U0002499,Amelia,Dubois,US,20230614,1,Regular,1
U0002500,Emma,Schmidt,AU,20230614,26,Regular,1
U0002501,Oliver,Schmidt,CA,20230614,23,Regular,1
U0002502,Liam,Dubois,DE,20230614,9,Bronze,1
U0002503,Anna,Santos,IT,20230615,20,Regular,0
U0002504,Lucas,Müller,ES,20230616,15,Silver,1
U0002505,Anna,Smith,IT,20230617,19,Bronze,1
U0002506,Ethan,Santos,BR,20230617,22,Bronze,1
U0002507,John,Johnson,IT,20230618,18,Bronze,1
U0002508,John,Smith,GB,20230618,8,Regular,1
U0002509,David,Smith,US,20230618,2,Regular,1
U0002510,John,Garcia,FR,20230618,12,Bronze,1
U0002511,Charlotte,Bernard,AU,20230618,25,Regular,1
U0002512,James,Moreau,ES,20230618,17,Regular,1
U0002513,Liam,Moreau,CA,20230619,24,Silver,1
U0002514,James,Martinez,IN,20230619,27,Bronze,1
U0002515,Amelia,Santos,US,20230620,5,Regular,1
U0002516,Laura,Müller,BR,20230620,22,Bronze,1
U0002517,Emma,Silva,IT,20230620,20,Silver,0
U0002518,Maria,Rossi,IN,20230622,28,Regular,1
U0002519,Sophia,Silva,IN,20230622,27,Regular,1
U0002520,Oliver,Johnson,BR,20230623,22,Gold,1
U0002521,Michael,Santos,GB,20230624,6,Regular,1
U0002522,John,Garcia,BR,20230624,21,Regular,1
U0002523,David,Silva,US,20230624,4,Regular,1
U0002524,Michael,Martinez,BR,20230625,22,Bronze,1
U0002525,Oliver,Silva,AU,20230625,26,Regular,1
U0002526,James,Moreau,DE,20230625,9,Regular,1
U0002527,James,Martinez,IT,20230625,20,Regular,1
U0002528,David,Santos,FR,20230625,14,VIP,1
U0002529,Daniel,Müller,FR,20230625,14,Regular,1
U0002530,Isabella,Miller,DE,20230626,9,Regular,1
U0002531,Lucas,Garcia,BR,20230626,22,Gold,1
U0002532,James,Miller,AU,20230627,26,Regular,1
U0002533,Lucas,Silva,IN,20230627,27,VIP,1
U0002534,Sophia,Schmidt,US,20230627,3,Gold,0
U0002535,Maria,Martinez,CA,20230628,24,Silver,1
U0002536,Amelia,Moreau,BR,20230628,22,Regular,1
U0002537,David,Rossi,GB,20230629,8,Bronze,1
U0002538,Amelia,Brown,US,20230629,4,Bronze,1
U0002539,Sophia,Brown,GB,20230630,7,VIP,1
U0002540,Charlotte,Smith,AU,20230701,25,Regular,1
U0002541,Anna,Santos,IT,20230701,19,Bronze,1
U0002542,Sophia,Smith,BR,20230701,22,Regular,1
U0002543,Lucas,Garcia,GB,20230701,6,Regular,1
U0002544,David,Smith,BR,20230702,22,Regular,1
U0002545,Sophia,Brown,US,20230703,2,Silver,1
U0002546,Michael,Silva,DE,20230704,9,Regular,0
U0002547,Isabella,Smith,IT,20230705,19,Regular,1
U0002548,Isabella,Garcia,US,20230705,2,VIP,1
U0002549,Anna,Costa,CA,20230705,24,Regular,1
U0002550,Michael,Bernard,GB,20230706,6,Bronze,1
U0002551,Sophia,Martinez,IT,20230707,20,Regular,0
U0002552,Sophia,Müller,FR,20230707,13,Regular,1
U0002553,Lucas,Müller,ES,20230708,16,Bronze,1
U0002554,Amelia,Dubois,US,20230708,5,Gold,1
U0002555,David,Rossi,US,20230710,5,Regular,1
U0002556,Noah,Müller,AU,20230712,25,Bronze,1
U0002557,Oliver,Silva,GB,20230713,7,Regular,1
U0002558,Isabella,Schmidt,CA,20230714,23,Regular,1
U0002559,Lucas,Johnson,IN,20230714,28,Regular,1
U0002560,Noah,Schmidt,GB,20230715,6,Regular,1
U0002561,James,Brown,GB,20230715,7,Regular,1
U0002562,Daniel,Garcia,IT,20230717,20,Regular,1
U0002563,Ethan,Smith,IN,20230717,27,Regular,1
U0002564,Charlotte,Miller,AU,20230718,26,Regular,1
U0002565,Oliver,Miller,ES,20230718,16,Regular,1
U0002566,James,Costa,BR,20230719,21,Regular,1
U0002567,Amelia,Miller,US,20230720,5,Gold,0
U0002568,Sophia,Miller,IN,20230720,27,Bronze,1
U0002569,James,Garcia,IN,20230720,27,Regular,1
U0002570,Michael,Dubois,US,20230722,3,Gold,1
U0002571,David,Schmidt,GB,20230722,7,Silver,1
U0002572,David,Martinez,US,20230723,5,Regular,1
U0002573,Sophia,Brown,GB,20230723,8,Regular,0
U0002574,Amelia,Brown,CA,20230726,23,Bronze,1
U0002575,John,Anderson,DE,20230727,9,Regular,1
U0002576,Noah,Bernard,US,20230727,2,Silver,1
U0002577,Daniel,Rossi,DE,20230727,11,Bronze,1
U0002578,John,Silva,IN,20230728,27,Bronze,1
U0002579,Michael,Miller,IT,20230730,19,VIP,1
U0002580,Isabella,Anderson,FR,20230801,12,Regular,1
U0002581,Sophia,Smith,US,20230801,3,Regular,1
U0002582,Daniel,Santos,IN,20230801,28,Silver,1
U0002583,Anna,Brown,CA,20230801,23,Regular,1
U0002584,Isabella,Anderson,GB,20230801,6,Bronze,1
U0002585,John,Brown,US,20230802,2,Gold,1
U0002586,Liam,Rossi,US,20230802,1,Bronze,1
U0002587,Noah,Santos,US,20230803,4,Regular,1
U0002588,Noah,Silva,ES,20230804,15,Regular,1
U0002589,Charlotte,Moreau,AU,20230804,25,Regular,1
U0002590,Isabella,Costa,FR,20230804,13,Regular,1
U0002591,David,Martinez,CA,20230805,23,Bronze,1
U0002592,Ethan,Martinez,FR,20230805,14,Bronze,1
U0002593,Emma,Dubois,BR,20230806,22,Bronze,0
U0002594,John,Smith,BR,20230806,22,Regular,1
U0002595,Isabella,Martinez,US,20230807,4,Regular,1
U0002596,Noah,Johnson,DE,20230807,10,Silver,1
U0002597,James,Miller,IT,20230808,20,Regular,1
U0002598,Ethan,Moreau,US,20230808,3,Regular,1
U0002599,Laura,Bernard,DE,20230808,10,Bronze,1
U0002600,Anna,Anderson,ES,20230809,16,Bronze,1
U0002601,Maria,Smith,IN,20230809,28,Regular,1
U0002602,Isabella,Martinez,FR,20230809,14,Silver,1
U0002603,Michael,Schmidt,CA,20230809,24,Regular,1
U0002604,David,Miller,FR,20230809,13,VIP,0
U0002605,Laura,Rossi,BR,20230810,21,Regular,1
U0002606,Ethan,Smith,ES,20230810,17,Regular,1
U0002607,Anna,Smith,AU,20230810,26,Silver,0
U0002608,David,Garcia,FR,20230810,13,Regular,1
U0002609,Amelia,Rossi,IT,20230810,18,Bronze,1
U0002610,Maria,Bernard,IT,20230811,19,Silver,1
U0002611,Oliver,Miller,FR,20230811,13,Silver,1
U0002612,Lucas,Rossi,US,20230811,4,VIP,1
U0002613,Ethan,Smith,US,20230813,1,Regular,1
U0002614,Michael,Moreau,US,20230814,5,Bronze,1
U0002615,Isabella,Garcia,CA,20230814,23,Regular,1
U0002616,Oliver,Müller,GB,20230815,8,Regular,1
U0002617,Maria,Brown,GB,20230815,6,Silver,1
U0002618,Isabella,Garcia,BR,20230815,21,Regular,1
U0002619,James,Schmidt,DE,20230815,10,Regular,1
U0002620,Laura,Schmidt,ES,20230816,17,Regular,1
U0002621,Noah,Anderson,US,20230816,5,Bronze,1
U0002622,David,Rossi,IN,20230817,28,VIP,1
U0002623,Amelia,Brown,CA,20230818,24,Regular,0
U0002624,Oliver,Bernard,CA,20230819,23,Regular,1
U0002625,Daniel,Dubois,FR,20230820,12,Silver,1
U0002626,Michael,Costa,BR,20230820,22,Regular,1
U0002627,Oliver,Anderson,US,20230820,2,Regular,1
U0002628,John,Santos,US,20230821,4,Regular,1
U0002629,Emma,Silva,US,20230821,5,Regular,1
U0002630,Noah,Rossi,ES,20230821,15,Regular,1
U0002631,Isabella,Schmidt,FR,20230821,13,Silver,1
U0002632,David,Martinez,ES,20230821,17,Regular,1
U0002633,Ethan,Rossi,US,20230823,3,Gold,1
U0002634,Maria,Schmidt,FR,20230823,13,Silver,1
U0002635,Noah,Silva,BR,20230824,22,Bronze,1
U0002636,Ethan,Miller,FR,20230824,14,Regular,1
U0002637,Amelia,Dubois,BR,20230825,22,Regular,1
U0002638,John,Martinez,GB,20230825,7,Regular,1
U0002639,Michael,Rossi,CA,20230826,23,Gold,1
U0002640,Anna,Anderson,ES,20230826,17,Regular,1
U0002641,Michael,Santos,GB,20230827,7,Regular,1
U0002642,Anna,Costa,GB,20230828,6,Regular,1
U0002643,Michael,Santos,IT,20230828,18,Regular,1
U0002644,Isabella,Schmidt,CA,20230829,24,Regular,1
U0002645,James,Moreau,FR,20230829,12,Regular,1
U0002646,Oliver,Miller,GB,20230829,8,Regular,1
U0002647,Liam,Silva,CA,20230901,23,Regular,1
U0002648,Amelia,Santos,IT,20230901,20,Regular,1
U0002649,Ethan,Rossi,FR,20230901,12,Bronze,1
U0002650,Daniel,Bernard,FR,20230902,12,Regular,0
U0002651,Emma,Bernard,GB,20230902,8,Regular,1
U0002652,David,Brown,IT,20230903,18,Regular,1
U0002653,Michael,Costa,DE,20230904,9,Regular,1
U0002654,Daniel,Martinez,IN,20230905,28,Gold,1
U0002655,Noah,Johnson,FR,20230905,12,Regular,1
U0002656,John,Schmidt,FR,20230905,14,Bronze,1
U0002657,Noah,Santos,ES,20230906,15,Silver,1
U0002658,Michael,Dubois,AU,20230906,25,Silver,1
U0002659,Emma,Bernard,CA,20230907,23,Regular,1
U0002660,Daniel,Silva,FR,20230907,12,Regular,1
U0002661,John,Smith,BR,20230907,21,Bronze,1
U0002662,Lucas,Miller,ES,20230908,17,Regular,1
U0002663,Michael,Martinez,FR,20230909,13,Silver,1
U0002664,Maria,Moreau,GB,20230909,7,Bronze,0
U0002665,James,Santos,FR,20230909,12,Bronze,1
U0002666,Amelia,Martinez,GB,20230910,8,Regular,1
U0002667,Lucas,Bernard,AU,20230911,26,Bronze,1
U0002668,David,Müller,DE,20230911,11,Bronze,1
U0002669,James,Brown,IN,20230912,28,Silver,0
U0002670,James,Rossi,ES,20230912,15,Regular,1
U0002671,Noah,Bernard,IT,20230912,18,Regular,1
U0002672,Emma,Bernard,ES,20230913,17,Regular,1
U0002673,David,Garcia,US,20230913,5,Regular,1
U0002674,Oliver,Moreau,DE,20230914,10,Regular,1
U0002675,Charlotte,Miller,US,20230916,1,Gold,1
U0002676,Anna,Smith,IT,20230916,18,Regular,1
U0002677,Isabella,Moreau,FR,20230919,14,Silver,0
U0002678,Anna,Smith,BR,20230919,22,Regular,1
U0002679,James,Moreau,GB,20230920,8,Regular,1
U0002680,Ethan,Rossi,US,20230921,3,Regular,1
U0002681,Daniel,Costa,FR,20230921,12,Regular,1
U0002682,Anna,Moreau,AU,20230921,26,Gold,1
U0002683,Oliver,Müller,BR,20230922,21,Regular,1
U0002684,Michael,Brown,FR,20230924,12,Bronze,1
U0002685,Lucas,Silva,ES,20230924,15,Regular,1
U0002686,Anna,Dubois,US,20230928,5,Gold,1
U0002687,David,Rossi,IN,20230928,27,Regular,1
U0002688,James,Rossi,IT,20230928,18,Regular,1
U0002689,Sophia,Miller,GB,20230930,6,Regular,0
U0002690,Daniel,Schmidt,ES,20230930,17,Regular,1
U0002691,Charlotte,Brown,US,20230930,5,Regular,1
U0002692,Lucas,Santos,IN,20231001,28,Silver,1
U0002693,Laura,Santos,US,20231002,3,Bronze,1
U0002694,Ethan,Moreau,IT,20231003,19,Bronze,1
U0002695,Lucas,Moreau,GB,20231004,7,Regular,1
U0002696,Amelia,Rossi,BR,20231006,21,Regular,1
U0002697,Emma,Rossi,BR,20231009,22,Regular,1
U0002698,Michael,Johnson,IT,20231009,19,VIP,1
U0002699,Daniel,Anderson,IT,20231013,19,Silver,1
U0002700,James,Anderson,AU,20231015,25,Silver,1
U0002701,Isabella,Johnson,US,20231015,2,Silver,1
U0002702,Lucas,Schmidt,DE,20231016,10,Regular,1
U0002703,John,Santos,GB,20231016,8,Regular,1
U0002704,Noah,Miller,IN,20231017,27,Regular,0
U0002705,David,Miller,DE,20231017,11,Regular,1
U0002706,John,Costa,BR,20231018,21,Regular,1
U0002707,John,Martinez,BR,20231018,21,Regular,1
U0002708,Lucas,Moreau,GB,20231018,7,Bronze,1
U0002709,David,Silva,GB,20231019,7,Silver,1
U0002710,Maria,Müller,GB,20231020,7,Bronze,1
U0002711,Charlotte,Smith,FR,20231020,14,Gold,1
U0002712,Noah,Dubois,GB,20231021,7,Regular,1
U0002713,Daniel,Smith,US,20231022,1,Regular,1
U0002714,Oliver,Smith,CA,20231024,23,Bronze,1
U0002715,Daniel,Costa,IN,20231024,27,Regular,1
U0002716,Sophia,Dubois,DE,20231024,9,Regular,1
U0002717,Liam,Garcia,DE,20231024,10,Regular,1
U0002718,Amelia,Silva,US,20231025,4,Regular,1
U0002719,Charlotte,Johnson,BR,20231025,22,Regular,1
U0002720,Emma,Johnson,CA,20231026,23,Regular,1
U0002721,Lucas,Moreau,US,20231026,5,Regular,0
U0002722,Michael,Smith,US,20231026,1,Bronze,1
U0002723,Lucas,Brown,BR,20231026,21,Regular,0
U0002724,Noah,Anderson,IT,20231028,18,Regular,1
U0002725,David,Miller,US,20231029,5,Regular,0
U0002726,Maria,Santos,IT,20231029,19,Regular,1
U0002727,Laura,Dubois,DE,20231030,10,Bronze,1
U0002728,Charlotte,Schmidt,DE,20231030,9,Bronze,1
U0002729,John,Moreau,BR,20231031,21,Bronze,1
U0002730,Ethan,Bernard,CA,20231031,24,Regular,1
U0002731,Emma,Silva,FR,20231102,14,Regular,1
U0002732,Oliver,Brown,IN,20231103,27,Regular,1
U0002733,James,Moreau,FR,20231104,12,Regular,0
U0002734,Liam,Anderson,BR,20231104,22,Regular,1
U0002735,James,Johnson,FR,20231104,12,Regular,1
U0002736,Laura,Silva,AU,20231104,25,Regular,1
U0002737,Ethan,Dubois,AU,20231107,25,Bronze,0
U0002738,Liam,Costa,US,20231107,4,Regular,0
U0002739,Emma,Anderson,AU,20231108,25,Bronze,1
U0002740,Amelia,Miller,CA,20231108,24,Regular,1
U0002741,Oliver,Bernard,BR,20231108,21,Regular,1
U0002742,Sophia,Miller,GB,20231108,8,VIP,1
U0002743,Michael,Smith,CA,20231108,23,Gold,1
U0002744,Oliver,Müller,CA,20231108,24,Regular,1
U0002745,James,Johnson,GB,20231109,8,Regular,1
U0002746,Daniel,Smith,IN,20231110,28,Regular,1
U0002747,Noah,Garcia,US,20231110,4,Regular,1
U0002748,Noah,Miller,US,20231111,2,Silver,1
U0002749,Lucas,Moreau,ES,20231112,17,Gold,1
U0002750,Lucas,Santos,ES,20231112,17,Bronze,1
U0002751,Michael,Müller,IT,20231113,18,Regular,1
U0002752,Michael,Martinez,US,20231114,5,Bronze,1
U0002753,Laura,Brown,IN,20231115,28,Regular,1
U0002754,Maria,Rossi,US,20231117,1,Gold,1
U0002755,Oliver,Bernard,US,20231117,1,Silver,0
U0002756,Charlotte,Smith,US,20231117,4,Regular,1
U0002757,Sophia,Johnson,ES,20231118,15,Regular,1
U0002758,Anna,Schmidt,AU,20231119,25,Regular,1
U0002759,Amelia,Johnson,IT,20231120,19,Regular,1
U0002760,Michael,Miller,CA,20231121,24,Silver,1
U0002761,James,Johnson,US,20231121,3,Regular,1
U0002762,Michael,Dubois,ES,20231123,15,Regular,1
U0002763,Ethan,Brown,FR,20231123,14,Regular,1
U0002764,Lucas,Schmidt,FR,20231123,13,Silver,1
U0002765,Lucas,Moreau,US,20231126,4,Regular,1
U0002766,John,Silva,BR,20231126,22,Silver,1
U0002767,Noah,Schmidt,ES,20231127,15,Silver,1
U0002768,Liam,Martinez,BR,20231128,22,Gold,1
U0002769,James,Garcia,FR,20231128,14,Regular,1
U0002770,David,Costa,US,20231128,4,Regular,1
U0002771,Emma,Miller,IT,20231128,19,Regular,1
U0002772,Amelia,Garcia,US,20231129,2,Regular,1
U0002773,Anna,Moreau,CA,20231130,24,Regular,1
U0002774,Charlotte,Garcia,IT,20231130,18,Bronze,1
U0002775,Oliver,Santos,US,20231201,5,Regular,1
U0002776,Anna,Costa,IN,20231201,28,Silver,1
U0002777,Emma,Miller,ES,20231202,15,Regular,1
U0002778,James,Müller,US,20231202,1,Bronze,1
U0002779,Anna,Anderson,IT,20231203,18,Bronze,1
U0002780,Emma,Anderson,GB,20231204,7,Bronze,0
U0002781,James,Schmidt,CA,20231205,23,Silver,1
U0002782,Emma,Moreau,CA,20231205,24,Bronze,1
U0002783,Charlotte,Anderson,IN,20231205,27,Gold,1
U0002784,Oliver,Müller,ES,20231205,17,Regular,1
U0002785,Isabella,Brown,FR,20231205,13,Regular,1
U0002786,Emma,Schmidt,BR,20231205,22,Regular,1
U0002787,David,Dubois,US,20231205,3,Regular,0
U0002788,Noah,Brown,ES,20231206,15,Regular,1
U0002789,Noah,Bernard,ES,20231207,15,Regular,0
U0002790,Michael,Müller,US,20231207,1,Regular,1
U0002791,Charlotte,Rossi,FR,20231208,13,Regular,1
U0002792,Daniel,Brown,CA,20231208,24,Regular,1
U0002793,Oliver,Brown,CA,20231210,24,Gold,1
U0002794,Amelia,Anderson,US,20231210,3,Regular,1
U0002795,Lucas,Johnson,US,20231211,1,Bronze,1
U0002796,Isabella,Rossi,GB,20231212,6,Regular,1
U0002797,Laura,Smith,CA,20231212,23,Gold,1
U0002798,Daniel,Rossi,US,20231214,2,Silver,1
U0002799,Amelia,Costa,BR,20231215,22,Bronze,1
U0002800,Oliver,Silva,US,20231215,4,Bronze,1
U0002801,Laura,Rossi,IT,20231216,20,Regular,1
U0002802,Sophia,Anderson,DE,20231216,11,VIP,1
U0002803,Oliver,Miller,BR,20231216,22,Silver,1
U0002804,Anna,Moreau,GB,20231216,6,Silver,1
U0002805,Daniel,Rossi,IT,20231216,18,Bronze,1
U0002806,Michael,Moreau,GB,20231217,6,Regular,1
U0002807,Michael,Dubois,BR,20231217,22,Silver,1
U0002808,Sophia,Costa,CA,20231218,23,Regular,1
U0002809,Daniel,Garcia,US,20231219,5,Regular,1
U0002810,James,Miller,CA,20231220,24,Regular,1
U0002811,Amelia,Garcia,ES,20231221,16,Gold,1
U0002812,Amelia,Müller,US,20231221,1,Regular,1
U0002813,Charlotte,Bernard,FR,20231222,13,Regular,1
U0002814,Lucas,Silva,US,20231223,4,Regular,1
U0002815,Anna,Costa,BR,20231224,22,Bronze,1
U0002816,Emma,Rossi,BR,20231225,21,Bronze,1
U0002817,Maria,Silva,US,20231225,5,Regular,1
U0002818,Lucas,Rossi,ES,20231225,15,Regular,1
U0002819,Lucas,Brown,CA,20231227,23,Bronze,1
U0002820,Ethan,Schmidt,AU,20231227,26,VIP,1
U0002821,Emma,Santos,ES,20231227,15,Silver,1
U0002822,David,Martinez,IN,20231228,27,Regular,1
U0002823,Charlotte,Dubois,ES,20231229,16,Gold,1
U0002824,Liam,Miller,DE,20231229,10,Regular,1
U0002825,Noah,Garcia,CA,20231229,24,Regular,1
U0002826,Oliver,Costa,FR,20231229,13,Regular,1
U0002827,Noah,Miller,FR,20231229,12,Regular,1
U0002828,Amelia,Miller,FR,20231230,12,Bronze,1
U0002829,Sophia,Müller,CA,20231230,23,Regular,1
U0002830,John,Smith,CA,20231231,24,Regular,0
U0002831,Charlotte,Costa,FR,20240101,13,Regular,1
U0002832,Emma,Martinez,DE,20240101,10,Regular,0
U0002833,Emma,Schmidt,FR,20240101,13,Regular,1
U0002834,Anna,Smith,ES,20240102,16,Regular,1
U0002835,Charlotte,Anderson,GB,20240102,6,Regular,1
U0002836,Emma,Costa,BR,20240102,22,Bronze,1
U0002837,Daniel,Bernard,FR,20240102,13,Bronze,0
U0002838,John,Schmidt,DE,20240103,9,Bronze,1
U0002839,Charlotte,Miller,US,20240103,4,Regular,1
U0002840,Michael,Brown,GB,20240103,8,Silver,1
U0002841,Michael,Bernard,IN,20240104,27,Gold,1
U0002842,Noah,Santos,DE,20240104,10,Silver,1
U0002843,Liam,Rossi,US,20240105,1,Bronze,1
U0002844,Michael,Garcia,FR,20240105,12,Regular,0
U0002845,Charlotte,Silva,DE,20240108,10,VIP,1
U0002846,Liam,Santos,US,20240109,1,Regular,1
U0002847,Isabella,Moreau,DE,20240109,10,Regular,1
U0002848,Noah,Johnson,ES,20240111,16,Regular,1
U0002849,James,Costa,ES,20240111,17,Regular,1
U0002850,Amelia,Schmidt,DE,20240111,10,VIP,1
U0002851,Noah,Bernard,FR,20240112,13,Regular,1
U0002852,Emma,Miller,IN,20240113,28,Regular,1
U0002853,David,Johnson,DE,20240113,10,Bronze,0
U0002854,Ethan,Silva,GB,20240113,7,Regular,1
U0002855,John,Santos,GB,20240113,8,Regular,1
U0002856,Charlotte,Rossi,FR,20240116,14,Bronze,1
U0002857,Oliver,Dubois,BR,20240116,21,Bronze,1
U0002858,Daniel,Rossi,GB,20240117,7,Regular,1
U0002859,Laura,Silva,BR,20240118,22,Bronze,1
U0002860,Maria,Martinez,US,20240118,5,Regular,1
U0002861,Emma,Schmidt,FR,20240120,14,Regular,0
U0002862,David,Anderson,BR,20240120,21,Regular,1
U0002863,John,Santos,DE,20240120,10,Regular,1
U0002864,Noah,Miller,ES,20240120,16,Silver,0
U0002865,Maria,Johnson,GB,20240121,6,Silver,1
U0002866,Lucas,Müller,BR,20240122,22,Regular,1
U0002867,Amelia,Miller,US,20240122,3,Regular,1
U0002868,John,Müller,CA,20240122,24,Bronze,0
U0002869,Amelia,Miller,GB,20240123,8,Regular,1
U0002870,Amelia,Johnson,CA,20240124,24,Regular,1
U0002871,Daniel,Johnson,DE,20240125,11,VIP,1
U0002872,Isabella,Schmidt,BR,20240125,21,Bronze,1
U0002873,Lucas,Müller,DE,20240126,10,VIP,1
U0002874,Laura,Brown,AU,20240126,26,Regular,1
U0002875,Amelia,Miller,US,20240126,3,Bronze,1
U0002876,John,Schmidt,US,20240126,4,Regular,1
U0002877,David,Müller,FR,20240127,13,Regular,1
U0002878,Isabella,Silva,US,20240127,1,Regular,1
U0002879,Anna,Silva,GB,20240128,8,Regular,1
U0002880,Liam,Silva,IN,20240128,27,Regular,1
U0002881,Michael,Miller,IN,20240129,27,Regular,1
U0002882,Maria,Müller,DE,20240129,11,Regular,1
U0002883,Charlotte,Schmidt,AU,20240130,25,Bronze,1
U0002884,Sophia,Anderson,ES,20240130,17,Regular,1
U0002885,Ethan,Rossi,GB,20240130,7,Regular,1
U0002886,Oliver,Martinez,BR,20240130,21,Regular,1
U0002887,David,Rossi,IT,20240130,19,Regular,1
U0002888,Anna,Bernard,IN,20240130,28,Bronze,1
U0002889,Michael,Dubois,GB,20240131,8,Regular,0
U0002890,Liam,Dubois,IT,20240131,18,Bronze,1
U0002891,Laura,Smith,US,20240131,4,Regular,1
U0002892,Michael,Miller,US,20240201,4,Regular,1
U0002893,James,Martinez,US,20240202,2,Silver,1
U0002894,Isabella,Anderson,IN,20240205,28,Bronze,1
U0002895,Laura,Dubois,CA,20240207,23,Regular,1
U0002896,Amelia,Müller,BR,20240207,22,Silver,1
U0002897,Michael,Martinez,ES,20240207,17,Regular,1
U0002898,Laura,Moreau,DE,20240207,9,Silver,1
U0002899,Laura,Brown,US,20240207,4,Bronze,1
U0002900,Lucas,Martinez,GB,20240209,7,Bronze,1
U0002901,Ethan,Martinez,DE,20240209,9,VIP,1
U0002902,David,Moreau,BR,20240210,22,Regular,1
U0002903,Ethan,Costa,ES,20240210,17,Bronze,1
U0002904,Oliver,Garcia,US,20240212,4,Regular,1
U0002905,Daniel,Smith,US,20240212,5,Regular,1
U0002906,Anna,Anderson,US,20240214,4,Regular,1
U0002907,Emma,Santos,FR,20240217,14,Regular,1
U0002908,Ethan,Moreau,AU,20240219,26,Bronze,1
U0002909,James,Smith,IT,20240219,20,Regular,1
U0002910,Noah,Martinez,CA,20240219,23,Regular,1
U0002911,Oliver,Schmidt,FR,20240219,13,Regular,1
U0002912,Emma,Brown,DE,20240221,11,Regular,1
U0002913,Anna,Martinez,US,20240222,5,Gold,1
U0002914,Laura,Smith,CA,20240223,23,Regular,1
U0002915,Sophia,Bernard,BR,20240224,21,Bronze,1
U0002916,Liam,Anderson,US,20240225,2,Bronze,1
U0002917,Charlotte,Smith,ES,20240225,17,Silver,1
U0002918,Sophia,Anderson,FR,20240226,14,Regular,1
U0002919,Michael,Müller,IT,20240227,19,Silver,1
U0002920,David,Anderson,IN,20240228,27,Regular,1
U0002921,Laura,Miller,ES,20240228,17,Silver,1
U0002922,Laura,Johnson,ES,20240228,17,Regular,1
U0002923,Amelia,Smith,US,20240229,1,Regular,1
U0002924,Noah,Dubois,US,20240302,5,Regular,1
U0002925,Liam,Müller,GB,20240302,8,Silver,1
U0002926,Liam,Martinez,US,20240303,4,Regular,1
U0002927,James,Garcia,BR,20240304,22,Regular,1
U0002928,Noah,Miller,BR,20240304,22,Regular,1
U0002929,Ethan,Miller,US,20240304,1,Gold,1
U0002930,Ethan,Dubois,CA,20240305,23,Silver,1
U0002931,Maria,Moreau,US,20240305,1,Regular,1
U0002932,Amelia,Costa,DE,20240305,10,Bronze,1
U0002933,Laura,Anderson,GB,20240305,6,Regular,1
U0002934,David,Bernard,DE,20240307,11,Regular,1
U0002935,Oliver,Schmidt,GB,20240308,8,Gold,1
U0002936,Amelia,Anderson,FR,20240310,14,Regular,1
U0002937,David,Schmidt,FR,20240310,14,Regular,1
U0002938,David,Bernard,IN,20240310,27,Regular,1
U0002939,Isabella,Costa,US,20240311,4,Regular,1
U0002940,Lucas,Smith,US,20240313,3,Regular,1
U0002941,Maria,Bernard,US,20240314,4,Regular,1
U0002942,David,Dubois,IT,20240314,19,Regular,1
U0002943,James,Moreau,US,20240314,5,Regular,1
U0002944,Lucas,Anderson,CA,20240315,23,Regular,1
U0002945,Sophia,Miller,ES,20240315,16,Regular,0
U0002946,James,Schmidt,ES,20240315,15,Regular,1
U0002947,Daniel,Smith,ES,20240315,16,Bronze,1
U0002948,Noah,Garcia,US,20240316,1,Regular,1
U0002949,Daniel,Santos,GB,20240316,7,Bronze,1
U0002950,Oliver,Müller,DE,20240316,10,Bronze,1
U0002951,Liam,Garcia,ES,20240316,15,Bronze,1
U0002952,John,Bernard,GB,20240318,6,Regular,1
U0002953,Maria,Anderson,US,20240318,2,Regular,1
U0002954,Charlotte,Smith,IN,20240318,28,Regular,1
U0002955,Ethan,Müller,US,20240319,3,Bronze,1
U0002956,Daniel,Santos,CA,20240321,24,Regular,1
U0002957,Noah,Bernard,BR,20240321,22,Silver,1
U0002958,Laura,Rossi,GB,20240321,6,Silver,0
U0002959,Charlotte,Brown,US,20240322,5,Regular,1
U0002960,Amelia,Rossi,US,20240323,4,Regular,1
U0002961,John,Silva,BR,20240324,22,Bronze,1
U0002962,Maria,Miller,IT,20240324,19,Regular,1
U0002963,Oliver,Schmidt,BR,20240325,21,Regular,1
U0002964,David,Costa,AU,20240326,26,Silver,1
U0002965,John,Martinez,BR,20240326,22,Regular,1
U0002966,Emma,Schmidt,US,20240326,3,Gold,1
U0002967,Liam,Bernard,GB,20240328,6,Bronze,1
U0002968,Anna,Moreau,CA,20240328,24,Bronze,1
U0002969,Charlotte,Silva,GB,20240328,6,Regular,1
U0002970,Anna,Santos,US,20240328,1,Regular,1
U0002971,Anna,Schmidt,BR,20240329,21,Regular,1
U0002972,Noah,Dubois,FR,20240329,13,Regular,1
U0002973,Liam,Rossi,AU,20240329,25,Regular,1
U0002974,Ethan,Johnson,IT,20240329,20,Regular,1
U0002975,Amelia,Moreau,US,20240330,2,Regular,1
U0002976,Amelia,Miller,IN,20240331,27,Regular,1
U0002977,Maria,Santos,GB,20240401,8,Silver,1
U0002978,Daniel,Costa,DE,20240403,9,Regular,1
U0002979,Maria,Bernard,FR,20240403,14,Regular,0
U0002980,Lucas,Dubois,US,20240404,2,Bronze,1
U0002981,Sophia,Miller,FR,20240404,13,VIP,1
U0002982,Emma,Smith,US,20240404,5,Regular,0
U0002983,Noah,Anderson,FR,20240404,13,Regular,1
U0002984,Laura,Garcia,DE,20240406,10,Regular,1
U0002985,Maria,Costa,BR,20240407,21,Gold,1
U0002986,Michael,Garcia,CA,20240407,24,Silver,1
U0002987,Daniel,Dubois,US,20240407,2,Bronze,1
U0002988,Laura,Martinez,DE,20240408,9,Regular,1
U0002989,Maria,Dubois,DE,20240408,11,Regular,1
U0002990,Amelia,Anderson,US,20240409,4,Regular,1
U0002991,Lucas,Dubois,BR,20240409,22,Bronze,1
U0002992,Lucas,Brown,BR,20240411,21,Bronze,0
U0002993,Ethan,Dubois,GB,20240411,8,Gold,1
U0002994,Maria,Smith,DE,20240412,11,Regular,1
U0002995,Lucas,Costa,US,20240412,2,Regular,1
U0002996,Lucas,Johnson,IT,20240413,19,Regular,1
U0002997,Daniel,Rossi,US,20240414,5,Bronze,1
U0002998,Lucas,Dubois,IN,20240414,28,Silver,1
U0002999,Emma,Miller,BR,20240415,22,Regular,1
U0003000,James,Johnson,DE,20240415,9,Regular,1
U0003001,Michael,Anderson,ES,20240415,17,Regular,1
U0003002,Anna,Dubois,AU,20240415,25,Regular,1
U0003003,Daniel,Smith,ES,20240416,15,Silver,1
U0003004,Amelia,Santos,US,20240416,3,Regular,1
U0003005,Sophia,Bernard,DE,20240416,11,Silver,0
U0003006,Laura,Smith,CA,20240416,23,Regular,0
U0003007,Lucas,Johnson,IT,20240417,20,Bronze,0
U0003008,Oliver,Schmidt,IT,20240418,18,Regular,1
U0003009,Ethan,Garcia,CA,20240419,23,Silver,1
U0003010,Michael,Bernard,AU,20240419,26,Regular,1
U0003011,Anna,Dubois,AU,20240420,26,Regular,1
U0003012,Laura,Garcia,US,20240420,2,Regular,1
U0003013,Daniel,Brown,ES,20240421,16,Regular,1
U0003014,Laura,Schmidt,BR,20240422,21,Regular,1
U0003015,Amelia,Garcia,BR,20240422,22,Regular,1
U0003016,Ethan,Rossi,IT,20240423,20,Gold,1
U0003017,Lucas,Santos,US,20240423,4,Regular,1
U0003018,Ethan,Brown,BR,20240423,22,Silver,1
U0003019,Maria,Dubois,BR,20240424,22,VIP,1
U0003020,James,Müller,US,20240426,5,Regular,0
U0003021,John,Johnson,FR,20240426,13,Bronze,1
U0003022,Isabella,Anderson,US,20240427,5,Regular,1
U0003023,Noah,Bernard,DE,20240427,9,Regular,1
U0003024,Daniel,Müller,US,20240428,3,Regular,1
U0003025,Amelia,Silva,FR,20240428,13,Gold,1
U0003026,Anna,Santos,ES,20240430,16,Regular,1
U0003027,Daniel,Silva,IT,20240430,20,Regular,1
U0003028,John,Miller,IT,20240430,18,Regular,0
U0003029,Ethan,Schmidt,CA,20240430,24,Silver,1
U0003030,Liam,Dubois,GB,20240501,8,Regular,1
U0003031,Anna,Dubois,US,20240501,5,Bronze,1
U0003032,Maria,Martinez,CA,20240502,23,Bronze,1
U0003033,Noah,Santos,US,20240502,2,Bronze,1
U0003034,Maria,Moreau,IN,20240503,28,Gold,1
U0003035,Daniel,Garcia,CA,20240504,23,Silver,1
U0003036,Amelia,Rossi,ES,20240504,15,Regular,1
U0003037,Anna,Schmidt,IN,20240504,28,Regular,0
U0003038,James,Garcia,US,20240504,1,Regular,1
U0003039,Noah,Santos,DE,20240505,9,Regular,1
U0003040,Michael,Rossi,IT,20240506,19,Regular,1
U0003041,Daniel,Dubois,DE,20240507,11,Regular,1
U0003042,Ethan,Dubois,AU,20240507,25,Regular,1
U0003043,James,Brown,US,20240509,5,VIP,1
U0003044,Maria,Dubois,ES,20240509,16,Regular,1
U0003045,John,Costa,ES,20240509,16,Gold,1
U0003046,Isabella,Martinez,IT,20240510,20,Regular,1
U0003047,Emma,Silva,GB,20240510,6,Bronze,1
U0003048,Amelia,Santos,DE,20240511,11,Silver,1
U0003049,Laura,Miller,CA,20240512,24,Regular,1
U0003050,David,Garcia,GB,20240512,7,Regular,1
U0003051,Anna,Costa,CA,20240513,23,Regular,1
U0003052,Michael,Moreau,ES,20240514,16,Regular,1
U0003053,Oliver,Bernard,BR,20240514,21,Gold,1
U0003054,Liam,Costa,BR,20240514,21,Silver,1
U0003055,Emma,Bernard,GB,20240514,7,Regular,1
U0003056,Sophia,Santos,ES,20240516,16,Regular,1
U0003057,Oliver,Costa,CA,20240517,23,Regular,1
U0003058,John,Santos,FR,20240517,12,Regular,1
U0003059,David,Santos,IN,20240521,28,Bronze,1
U0003060,Ethan,Costa,FR,20240521,13,Regular,1
U0003061,Amelia,Smith,US,20240522,5,Regular,1
U0003062,David,Smith,DE,20240522,9,Regular,1
U0003063,Liam,Santos,IN,20240522,28,Regular,1
U0003064,Isabella,Brown,DE,20240523,9,Bronze,1
U0003065,Oliver,Garcia,CA,20240523,24,Regular,1
U0003066,Noah,Dubois,AU,20240523,25,VIP,1
U0003067,Anna,Müller,DE,20240523,9,Silver,1
U0003068,Liam,Bernard,US,20240524,4,Regular,1
U0003069,Michael,Garcia,BR,20240524,22,Regular,1
U0003070,Laura,Dubois,DE,20240526,10,Silver,1
U0003071,Isabella,Johnson,BR,20240528,22,Gold,1
U0003072,Daniel,Silva,FR,20240528,13,Silver,1
U0003073,Charlotte,Garcia,FR,20240529,14,Regular,1
U0003074,Laura,Silva,BR,20240530,22,VIP,1
U0003075,Isabella,Smith,DE,20240530,10,Regular,1
U0003076,Laura,Costa,FR,20240531,12,Bronze,1
U0003077,John,Costa,DE,20240602,9,Gold,1
U0003078,Maria,Johnson,DE,20240602,11,Regular,1
U0003079,Laura,Brown,ES,20240603,15,Gold,1
U0003080,Laura,Johnson,CA,20240604,23,Regular,1
U0003081,Maria,Schmidt,DE,20240604,10,VIP,1
U0003082,Amelia,Miller,ES,20240604,15,Regular,1
U0003083,Ethan,Moreau,IT,20240605,19,Gold,1
U0003084,David,Miller,GB,20240605,6,Regular,1
U0003085,Oliver,Dubois,GB,20240605,8,Bronze,1
U0003086,Amelia,Anderson,AU,20240605,26,Regular,1
U0003087,Charlotte,Moreau,BR,20240607,21,Regular,1
U0003088,Amelia,Johnson,ES,20240608,16,Regular,1
U0003089,Maria,Miller,IT,20240608,20,Bronze,1
U0003090,Lucas,Johnson,US,20240609,4,Regular,1
U0003091,Charlotte,Rossi,IT,20240609,20,Regular,1
U0003092,Charlotte,Garcia,ES,20240609,17,Regular,1
U0003093,Daniel,Anderson,ES,20240610,15,Gold,1
U0003094,David,Garcia,DE,20240610,11,Regular,1
U0003095,Daniel,Müller,US,20240611,1,Regular,0
U0003096,Oliver,Garcia,GB,20240611,7,Regular,1
U0003097,Maria,Dubois,IN,20240612,28,Regular,1
U0003098,Noah,Dubois,FR,20240612,14,Regular,1
U0003099,Liam,Smith,FR,20240613,12,Regular,1
U0003100,Anna,Anderson,US,20240614,4,Silver,1
U0003101,David,Rossi,US,20240614,5,Bronze,1
U0003102,Isabella,Miller,BR,20240616,21,Regular,1
U0003103,David,Brown,ES,20240616,16,Regular,1
U0003104,John,Smith,ES,20240616,15,Bronze,1
U0003105,Charlotte,Garcia,GB,20240617,8,Regular,1
U0003106,Sophia,Miller,BR,20240617,21,Silver,0
U0003107,Charlotte,Miller,US,20240617,3,Regular,1
U0003108,Lucas,Müller,GB,20240617,6,Regular,0
U0003109,Ethan,Rossi,FR,20240618,13,Regular,1
U0003110,Amelia,Miller,GB,20240618,7,Silver,1
U0003111,Daniel,Anderson,GB,20240619,7,Regular,1
U0003112,Oliver,Smith,IT,20240619,18,Regular,1
U0003113,Lucas,Costa,IT,20240619,19,Regular,1
U0003114,Isabella,Silva,CA,20240620,23,Bronze,0
U0003115,Maria,Johnson,FR,20240620,12,Gold,0
U0003116,Ethan,Miller,US,20240620,2,Regular,1
U0003117,Noah,Dubois,GB,20240621,8,Regular,1
U0003118,Michael,Silva,IN,20240621,28,Gold,1
U0003119,Maria,Anderson,ES,20240621,17,Regular,1
U0003120,Maria,Martinez,BR,20240622,22,Regular,1
U0003121,Noah,Müller,US,20240622,2,Regular,1
U0003122,Ethan,Schmidt,ES,20240623,17,Bronze,1
U0003123,Amelia,Costa,US,20240623,2,Regular,1
U0003124,Emma,Miller,ES,20240624,15,Silver,1
U0003125,John,Santos,AU,20240624,25,Regular,1
U0003126,John,Garcia,IN,20240624,27,Regular,1
U0003127,Daniel,Smith,ES,20240624,17,Silver,0
U0003128,Sophia,Martinez,FR,20240626,13,Regular,1
U0003129,Maria,Garcia,IN,20240626,28,Regular,1
U0003130,Noah,Müller,IT,20240626,20,Bronze,1
U0003131,James,Martinez,US,20240626,5,Silver,0
U0003132,Maria,Rossi,FR,20240626,12,Silver,1
U0003133,Charlotte,Anderson,GB,20240628,7,Gold,1
U0003134,Lucas,Anderson,FR,20240628,14,Silver,1
U0003135,Noah,Dubois,FR,20240629,13,Regular,1
U0003136,Emma,Dubois,ES,20240629,16,Regular,1
U0003137,John,Miller,DE,20240629,11,Silver,0
U0003138,James,Anderson,US,20240629,3,Regular,1
U0003139,Sophia,Bernard,ES,20240630,17,Bronze,0
U0003140,Noah,Schmidt,CA,20240630,23,Bronze,1
U0003141,David,Silva,IT,20240701,18,Regular,1
U0003142,Laura,Silva,DE,20240701,10,Gold,1
U0003143,Noah,Miller,AU,20240702,25,Regular,1
U0003144,Charlotte,Costa,AU,20240702,26,Regular,1
U0003145,Sophia,Santos,GB,20240703,8,VIP,0
U0003146,Noah,Santos,US,20240703,2,Regular,1
U0003147,James,Garcia,BR,20240703,21,Regular,1
U0003148,Laura,Smith,CA,20240703,23,Regular,1
U0003149,Liam,Dubois,IN,20240704,27,Silver,1
U0003150,John,Costa,AU,20240705,26,Bronze,1
U0003151,Sophia,Miller,IT,20240705,18,Silver,0
U0003152,Lucas,Silva,ES,20240706,17,Bronze,1
U0003153,Michael,Smith,US,20240707,4,Regular,1
U0003154,Daniel,Dubois,GB,20240707,7,Silver,1
U0003155,Anna,Johnson,FR,20240708,12,Silver,1
U0003156,Amelia,Costa,IT,20240709,20,Regular,1
U0003157,Daniel,Johnson,ES,20240710,17,Regular,1
U0003158,Laura,Bernard,BR,20240712,22,VIP,1
U0003159,Lucas,Garcia,GB,20240712,8,Silver,1
U0003160,Michael,Costa,ES,20240713,16,Silver,1
U0003161,Sophia,Costa,US,20240713,4,Silver,1
U0003162,Laura,Schmidt,FR,20240714,13,Regular,1
U0003163,Charlotte,Smith,BR,20240714,21,Bronze,1
U0003164,Laura,Martinez,BR,20240716,21,Regular,1
U0003165,Michael,Bernard,IN,20240718,28,Regular,1
U0003166,Maria,Rossi,GB,20240719,8,Bronze,1
U0003167,Maria,Bernard,FR,20240719,14,Regular,0
U0003168,Liam,Silva,DE,20240720,10,Bronze,1
U0003169,David,Brown,FR,20240721,14,Regular,1
U0003170,Liam,Martinez,CA,20240721,24,Regular,1
U0003171,Oliver,Garcia,BR,20240723,22,Regular,1
U0003172,Lucas,Bernard,AU,20240723,26,Regular,1
U0003173,James,Moreau,GB,20240725,7,Regular,1
U0003174,Lucas,Costa,CA,20240725,23,Regular,1
U0003175,Ethan,Garcia,US,20240726,1,VIP,1
U0003176,Anna,Schmidt,AU,20240726,26,Regular,1
U0003177,Anna,Dubois,DE,20240728,11,Regular,1
U0003178,Maria,Silva,DE,20240728,11,Regular,1
U0003179,Sophia,Brown,ES,20240729,17,Bronze,1
U0003180,Laura,Anderson,IN,20240729,28,Regular,1
U0003181,James,Silva,US,20240730,1,Silver,1
U0003182,Ethan,Anderson,DE,20240730,11,Silver,1
U0003183,Laura,Martinez,CA,20240731,24,Regular,1
U0003184,Daniel,Schmidt,DE,20240731,9,Regular,1
U0003185,John,Garcia,GB,20240731,7,Gold,1
U0003186,Daniel,Moreau,FR,20240801,12,Silver,1
U0003187,Liam,Bernard,DE,20240802,10,Bronze,1
U0003188,Maria,Silva,AU,20240802,26,Regular,1
U0003189,Laura,Brown,BR,20240802,22,Regular,0
U0003190,Noah,Johnson,ES,20240803,16,Regular,1
U0003191,Charlotte,Smith,IN,20240803,28,Regular,0
U0003192,Anna,Martinez,FR,20240803,14,Regular,1
U0003193,Lucas,Müller,US,20240803,5,Bronze,1
U0003194,James,Miller,GB,20240805,6,Regular,1
U0003195,Oliver,Miller,FR,20240805,14,Silver,1
U0003196,Daniel,Anderson,US,20240805,4,Silver,1
U0003197,Liam,Anderson,IN,20240806,28,Regular,1
U0003198,Emma,Moreau,BR,20240806,21,Silver,1
U0003199,Oliver,Müller,GB,20240806,6,Regular,1
U0003200,Ethan,Müller,ES,20240808,15,Silver,1
U0003201,Liam,Miller,BR,20240808,22,Regular,0
U0003202,Ethan,Martinez,IN,20240808,27,Regular,1
U0003203,Ethan,Silva,AU,20240808,25,Bronze,1
U0003204,James,Santos,ES,20240809,15,Regular,1
U0003205,Charlotte,Brown,BR,20240810,22,Gold,1
U0003206,Amelia,Johnson,ES,20240810,16,Regular,1
U0003207,David,Schmidt,ES,20240810,15,Regular,1
U0003208,James,Miller,US,20240810,4,Regular,1
U0003209,Daniel,Johnson,US,20240811,2,Regular,1
U0003210,John,Brown,ES,20240812,17,Regular,1
U0003211,Noah,Costa,GB,20240812,6,Bronze,1
U0003212,Laura,Bernard,US,20240813,3,Bronze,1
U0003213,Maria,Smith,BR,20240814,21,Silver,1
U0003214,Laura,Martinez,US,20240814,3,VIP,1
U0003215,Daniel,Moreau,ES,20240816,15,Regular,1
U0003216,Amelia,Miller,ES,20240816,17,Bronze,1
U0003217,Liam,Costa,IN,20240816,28,Regular,1
U0003218,Anna,Silva,FR,20240817,13,Bronze,1
U0003219,Lucas,Garcia,US,20240818,1,Regular,1
U0003220,Maria,Rossi,ES,20240818,16,VIP,0
U0003221,John,Rossi,CA,20240820,23,Bronze,1
U0003222,James,Schmidt,IN,20240820,27,Gold,1
U0003223,Emma,Anderson,FR,20240821,13,Silver,1
U0003224,Daniel,Costa,DE,20240822,11,Gold,0
U0003225,Daniel,Dubois,AU,20240823,26,Silver,1
U0003226,Emma,Müller,GB,20240824,8,Regular,1
U0003227,Maria,Rossi,IT,20240824,20,Regular,1
U0003228,Daniel,Martinez,FR,20240824,12,Regular,1
U0003229,Oliver,Santos,US,20240826,4,Regular,1
U0003230,Daniel,Rossi,DE,20240826,11,Regular,1
U0003231,David,Brown,GB,20240826,6,Regular,0
U0003232,Charlotte,Smith,BR,20240827,21,Regular,1
U0003233,James,Miller,IN,20240827,27,VIP,1
U0003234,David,Rossi,GB,20240828,6,Gold,1
U0003235,John,Johnson,CA,20240828,24,Regular,0
U0003236,Noah,Garcia,US,20240829,1,Regular,1
U0003237,Charlotte,Smith,ES,20240830,15,Regular,1
U0003238,Michael,Bernard,US,20240830,5,Regular,1
U0003239,Oliver,Santos,AU,20240830,25,Silver,1
U0003240,James,Brown,BR,20240830,22,Regular,1
U0003241,Michael,Moreau,IT,20240830,18,Regular,1
U0003242,Liam,Martinez,CA,20240831,23,Silver,0
U0003243,Michael,Anderson,IT,20240901,20,Silver,1
U0003244,Noah,Rossi,IN,20240901,28,Regular,1
U0003245,James,Rossi,BR,20240901,21,Bronze,1
U0003246,Sophia,Anderson,AU,20240902,26,Regular,1
U0003247,Michael,Bernard,ES,20240903,17,Regular,1
U0003248,David,Bernard,US,20240904,2,Regular,0
U0003249,Maria,Garcia,ES,20240905,16,Regular,1
U0003250,John,Brown,US,20240905,1,Regular,1
U0003251,James,Costa,ES,20240906,15,Regular,1
U0003252,James,Santos,FR,20240906,13,Bronze,1
U0003253,Oliver,Silva,IT,20240907,18,Bronze,1
U0003254,Oliver,Brown,US,20240907,1,Regular,1
U0003255,Lucas,Brown,GB,20240907,6,Regular,1
U0003256,Laura,Garcia,FR,20240909,13,Silver,1
U0003257,John,Dubois,IN,20240909,28,Regular,1
U0003258,David,Miller,DE,20240910,10,Gold,1
U0003259,Daniel,Miller,FR,20240910,12,Bronze,1
U0003260,Sophia,Anderson,BR,20240910,22,Regular,1
U0003261,Laura,Müller,IT,20240912,18,Regular,1
U0003262,Laura,Johnson,GB,20240912,8,Regular,1
U0003263,Lucas,Moreau,FR,20240912,14,Regular,1
U0003264,Liam,Smith,GB,20240913,6,Regular,1
U0003265,Emma,Müller,IN,20240915,27,Bronze,1
U0003266,Liam,Dubois,US,20240916,5,Regular,1
U0003267,David,Schmidt,DE,20240916,11,Regular,1
U0003268,James,Silva,US,20240917,1,Regular,1
U0003269,John,Bernard,GB,20240918,8,Regular,1
U0003270,Liam,Brown,BR,20240919,21,Regular,1
U0003271,Oliver,Martinez,GB,20240919,7,Regular,1
U0003272,Oliver,Dubois,US,20240920,3,Regular,1
U0003273,Maria,Brown,FR,20240920,14,Bronze,1
U0003274,Lucas,Müller,US,20240921,2,Regular,1
U0003275,Ethan,Dubois,US,20240921,2,Silver,1
U0003276,John,Silva,CA,20240923,24,Regular,1
U0003277,James,Johnson,BR,20240924,22,Regular,1
U0003278,Oliver,Miller,AU,20240925,25,Regular,1
U0003279,Liam,Anderson,CA,20240925,23,Bronze,0
U0003280,Noah,Schmidt,BR,20240925,21,Regular,1
U0003281,Laura,Smith,US,20240927,2,Regular,0
U0003282,Lucas,Johnson,BR,20240927,21,Regular,1
U0003283,Amelia,Moreau,CA,20240927,24,Regular,1
U0003284,James,Santos,BR,20240928,22,Regular,1
U0003285,Lucas,Schmidt,ES,20240928,16,Bronze,1
U0003286,Laura,Rossi,GB,20240930,7,Regular,1
U0003287,Isabella,Moreau,CA,20241001,23,Bronze,1
U0003288,Charlotte,Johnson,BR,20241001,21,Regular,1
U0003289,Oliver,Garcia,IN,20241002,28,Bronze,0
U0003290,Liam,Rossi,US,20241002,1,Bronze,1
U0003291,Emma,Moreau,GB,20241002,6,Regular,1
U0003292,Charlotte,Johnson,GB,20241003,8,Bronze,0
U0003293,James,Müller,BR,20241003,22,Silver,1
U0003294,Anna,Anderson,GB,20241006,8,Regular,1
U0003295,James,Brown,US,20241006,1,Regular,1
U0003296,Amelia,Johnson,IN,20241007,28,Bronze,1
U0003297,James,Bernard,US,20241009,2,Regular,1
U0003298,Liam,Brown,CA,20241010,23,Regular,1
U0003299,Daniel,Santos,DE,20241010,11,Silver,1
U0003300,Noah,Brown,CA,20241012,24,Regular,1
U0003301,Laura,Anderson,ES,20241013,16,Bronze,1
U0003302,Maria,Garcia,AU,20241014,25,Bronze,0
U0003303,Ethan,Schmidt,AU,20241014,25,Gold,1
U0003304,Michael,Johnson,US,20241017,4,Regular,1
U0003305,David,Miller,US,20241017,4,Regular,1
U0003306,Anna,Johnson,GB,20241021,6,Regular,1
U0003307,Noah,Anderson,IT,20241021,18,Regular,1
U0003308,James,Müller,AU,20241021,26,Regular,1
U0003309,Isabella,Bernard,FR,20241022,14,Regular,1
U0003310,Maria,Santos,IT,20241023,20,Regular,1
U0003311,Amelia,Anderson,GB,20241023,6,Regular,1
U0003312,Maria,Dubois,CA,20241023,23,Bronze,1
U0003313,Amelia,Müller,IN,20241024,28,Bronze,1
U0003314,Emma,Smith,GB,20241024,7,Bronze,1
U0003315,Ethan,Johnson,FR,20241026,12,Gold,1
U0003316,Charlotte,Smith,US,20241026,4,Regular,1
U0003317,Maria,Rossi,ES,20241027,17,Gold,1
U0003318,Charlotte,Silva,ES,20241027,16,Silver,1
U0003319,Oliver,Smith,US,20241029,3,Regular,1
U0003320,David,Anderson,FR,20241030,14,Regular,1
U0003321,Noah,Johnson,DE,20241031,11,Regular,1
U0003322,Laura,Silva,ES,20241031,15,Regular,1
U0003323,Lucas,Silva,ES,20241102,16,Regular,1
U0003324,John,Garcia,US,20241103,1,Regular,1
U0003325,Noah,Santos,BR,20241104,21,Bronze,1
U0003326,James,Santos,BR,20241104,21,Regular,1
U0003327,Isabella,Garcia,DE,20241104,9,Regular,1
U0003328,Amelia,Miller,US,20241105,3,Silver,1
U0003329,Liam,Costa,BR,20241105,21,Regular,1
U0003330,David,Miller,IN,20241106,27,VIP,1
U0003331,James,Bernard,GB,20241106,6,Regular,1
U0003332,Daniel,Bernard,DE,20241107,10,Gold,1
U0003333,Isabella,Rossi,GB,20241107,8,Regular,1
U0003334,Isabella,Moreau,ES,20241109,16,Regular,1
U0003335,James,Santos,US,20241109,5,Regular,1
U0003336,Lucas,Johnson,DE,20241109,10,Bronze,1
U0003337,David,Müller,BR,20241109,22,Silver,0
U0003338,Laura,Müller,ES,20241109,17,Regular,1
U0003339,Oliver,Brown,DE,20241110,10,Gold,1
U0003340,Anna,Smith,FR,20241110,12,Regular,1
U0003341,Oliver,Müller,ES,20241110,17,Bronze,1
U0003342,Isabella,Santos,US,20241111,5,Silver,0
U0003343,James,Johnson,US,20241112,5,Regular,1
U0003344,Emma,Smith,AU,20241112,25,Regular,1
U0003345,Charlotte,Müller,US,20241113,3,Gold,1
U0003346,Noah,Johnson,BR,20241113,21,Gold,1
U0003347,Sophia,Brown,AU,20241114,26,VIP,0
U0003348,Sophia,Johnson,GB,20241115,6,Gold,1
U0003349,Isabella,Garcia,DE,20241115,11,Regular,1
U0003350,Laura,Costa,ES,20241116,15,Silver,1
U0003351,Noah,Martinez,AU,20241116,25,Regular,1
U0003352,Isabella,Dubois,IN,20241116,28,VIP,1
U0003353,Noah,Johnson,BR,20241117,22,Regular,1
U0003354,Liam,Moreau,US,20241118,5,Regular,1
U0003355,Sophia,Bernard,IT,20241118,20,Regular,1
U0003356,Daniel,Müller,FR,20241119,14,Regular,1
U0003357,Amelia,Dubois,FR,20241120,14,Regular,0
U0003358,James,Garcia,US,20241120,1,Silver,1
U0003359,James,Silva,GB,20241121,7,Silver,1
U0003360,Sophia,Anderson,BR,20241121,22,Regular,1
U0003361,Noah,Miller,FR,20241121,14,Bronze,1
U0003362,Noah,Brown,DE,20241122,9,Bronze,0
U0003363,Emma,Brown,DE,20241125,9,Regular,1
U0003364,Daniel,Schmidt,CA,20241126,23,Regular,1
U0003365,John,Rossi,BR,20241126,21,Silver,1
U0003366,James,Anderson,GB,20241126,7,Bronze,1
U0003367,Michael,Bernard,US,20241126,1,Regular,0
U0003368,David,Müller,GB,20241126,7,Bronze,0
U0003369,Noah,Costa,AU,20241128,25,Regular,1
U0003370,John,Dubois,ES,20241128,16,Regular,0
U0003371,Lucas,Bernard,ES,20241128,17,Regular,1
U0003372,Isabella,Dubois,ES,20241128,17,Regular,1
U0003373,Anna,Müller,DE,20241129,11,Bronze,1
U0003374,Daniel,Schmidt,CA,20241130,23,Gold,1
U0003375,Maria,Moreau,ES,20241130,15,Regular,1
U0003376,James,Miller,US,20241130,1,Regular,1
U0003377,David,Johnson,US,20241201,2,Bronze,1
U0003378,Liam,Bernard,ES,20241201,17,Silver,1
U0003379,Noah,Santos,AU,20241201,25,Bronze,1
U0003380,Amelia,Anderson,DE,20241201,9,Silver,1
U0003381,Oliver,Schmidt,CA,20241202,24,Regular,1
U0003382,Maria,Brown,BR,20241203,22,Bronze,1
U0003383,Noah,Rossi,GB,20241205,8,Regular,1
U0003384,Noah,Garcia,US,20241205,5,Regular,1
U0003385,Liam,Müller,US,20241206,3,Regular,1
U0003386,Sophia,Dubois,BR,20241209,21,Regular,1
U0003387,Ethan,Rossi,GB,20241209,7,Gold,1
U0003388,Anna,Miller,DE,20241209,9,Silver,1
U0003389,Ethan,Bernard,ES,20241209,17,Regular,1
U0003390,Ethan,Garcia,BR,20241209,22,Regular,1
U0003391,John,Johnson,US,20241210,1,Regular,1
U0003392,Michael,Müller,FR,20241211,12,Regular,1
U0003393,Charlotte,Costa,FR,20241211,13,Bronze,1
U0003394,James,Costa,ES,20241212,16,Gold,1
U0003395,Isabella,Miller,CA,20241212,24,Gold,1
U0003396,Amelia,Smith,US,20241212,5,Bronze,1
U0003397,Anna,Anderson,CA,20241213,23,Silver,1
U0003398,Isabella,Johnson,BR,20241214,22,Regular,1
U0003399,Amelia,Schmidt,ES,20241215,17,Regular,1
U0003400,Amelia,Schmidt,BR,20241216,21,Regular,1
U0003401,Michael,Silva,FR,20241216,13,Regular,1
U0003402,Michael,Dubois,US,20241216,4,Bronze,1
U0003403,Lucas,Brown,IT,20241218,20,Regular,1
U0003404,Ethan,Johnson,ES,20241219,16,Regular,1
U0003405,Maria,Schmidt,IT,20241219,18,Regular,1
U0003406,Lucas,Silva,DE,20241220,10,Gold,1
U0003407,Noah,Anderson,AU,20241220,25,Regular,1
U0003408,Charlotte,Smith,ES,20241220,16,Bronze,1
U0003409,Daniel,Silva,US,20241222,2,Bronze,1
U0003410,Maria,Silva,FR,20241223,13,Regular,1
U0003411,Isabella,Costa,BR,20241224,21,Regular,1
U0003412,Noah,Johnson,BR,20241225,21,Silver,1
U0003413,James,Müller,FR,20241226,12,Regular,1
U0003414,Noah,Rossi,AU,20241227,25,Gold,1
U0003415,Ethan,Silva,GB,20241227,6,Regular,1
U0003416,Ethan,Martinez,FR,20241228,12,Regular,1
U0003417,Noah,Santos,AU,20241228,25,Silver,1
U0003418,Noah,Johnson,AU,20241228,25,Silver,1
U0003419,Ethan,Dubois,BR,20241229,22,VIP,1
U0003420,Lucas,Johnson,CA,20241230,24,Bronze,1
U0003421,Liam,Bernard,US,20241230,4,Gold,1
U0003422,Michael,Smith,CA,20241230,23,Silver,1
U0003423,Isabella,Moreau,DE,20241230,9,Silver,1
U0003424,Sophia,Schmidt,US,20241231,1,Regular,1
U0003425,Noah,Rossi,GB,20241231,8,Regular,1
U0003426,Isabella,Smith,FR,20250101,14,Gold,1
U0003427,Laura,Moreau,GB,20250101,8,Regular,1
U0003428,Maria,Santos,DE,20250102,11,Regular,1
U0003429,Anna,Santos,US,20250103,4,Regular,1
U0003430,Michael,Johnson,GB,20250103,6,Regular,0
U0003431,John,Miller,ES,20250104,16,Regular,1
U0003432,Michael,Silva,FR,20250105,12,Regular,1
U0003433,Daniel,Dubois,DE,20250105,10,Silver,1
U0003434,Laura,Costa,BR,20250105,22,Regular,1
U0003435,Laura,Santos,AU,20250106,26,Regular,1
U0003436,John,Schmidt,BR,20250107,21,Regular,1
U0003437,Anna,Martinez,DE,20250107,11,Regular,1
U0003438,Isabella,Silva,BR,20250107,22,Regular,1
U0003439,James,Costa,US,20250108,1,Bronze,1
U0003440,Charlotte,Müller,US,20250108,5,Regular,1
U0003441,Laura,Garcia,DE,20250108,11,Gold,1
U0003442,Laura,Smith,CA,20250109,23,Regular,1
U0003443,Charlotte,Schmidt,GB,20250109,6,Regular,1
U0003444,Laura,Schmidt,US,20250110,2,Regular,1
U0003445,Michael,Brown,US,20250110,5,Regular,1
U0003446,Emma,Müller,CA,20250110,23,Bronze,1
U0003447,Emma,Dubois,IT,20250111,19,Silver,1
U0003448,Emma,Moreau,GB,20250112,6,Bronze,1
U0003449,Maria,Silva,ES,20250112,16,Regular,1
U0003450,David,Johnson,ES,20250112,16,Regular,1
U0003451,David,Schmidt,IT,20250113,19,Regular,1
U0003452,Maria,Bernard,GB,20250113,7,Gold,1
U0003453,James,Schmidt,CA,20250113,23,Regular,1
U0003454,Anna,Schmidt,DE,20250114,11,Bronze,1
U0003455,Lucas,Smith,BR,20250115,22,Regular,1
U0003456,John,Miller,US,20250115,1,Regular,1
U0003457,Ethan,Dubois,DE,20250116,10,Regular,1
U0003458,Anna,Moreau,DE,20250116,9,Regular,1
U0003459,Michael,Schmidt,ES,20250116,16,Silver,0
U0003460,Amelia,Martinez,US,20250117,5,Regular,1
U0003461,Charlotte,Costa,BR,20250118,22,Bronze,1
U0003462,Liam,Costa,GB,20250118,8,Regular,1
U0003463,Charlotte,Smith,IT,20250120,20,Gold,1
U0003464,Sophia,Costa,CA,20250120,23,Regular,1
U0003465,John,Smith,ES,20250121,16,Silver,1
U0003466,Noah,Costa,BR,20250122,22,Silver,1
U0003467,John,Johnson,IT,20250123,20,Gold,1
U0003468,Anna,Bernard,DE,20250123,10,Regular,1
U0003469,Isabella,Anderson,CA,20250125,23,Bronze,1
U0003470,Isabella,Rossi,GB,20250126,8,Regular,1
U0003471,Anna,Santos,ES,20250126,17,Regular,0
U0003472,James,Johnson,BR,20250126,21,Regular,1
U0003473,Noah,Brown,DE,20250126,9,Regular,1
U0003474,James,Schmidt,DE,20250127,9,VIP,1
U0003475,Oliver,Moreau,FR,20250128,13,Regular,1
U0003476,Anna,Brown,CA,20250129,23,Regular,1
U0003477,Noah,Costa,AU,20250129,25,Bronze,1
U0003478,Liam,Martinez,ES,20250129,17,Regular,1
U0003479,Anna,Schmidt,IT,20250130,19,Bronze,1
U0003480,Lucas,Schmidt,AU,20250131,25,Regular,1
U0003481,Maria,Schmidt,US,20250131,3,Regular,1
U0003482,Laura,Anderson,GB,20250202,6,Regular,1
U0003483,Charlotte,Garcia,BR,20250202,22,Gold,1
U0003484,Oliver,Müller,CA,20250202,24,Bronze,1
U0003485,Noah,Martinez,CA,20250202,23,VIP,1
U0003486,David,Garcia,FR,20250208,12,Regular,1
U0003487,Ethan,Johnson,US,20250208,5,Regular,0
U0003488,Oliver,Müller,FR,20250209,12,Regular,1
U0003489,Maria,Miller,GB,20250209,7,Regular,1
U0003490,Sophia,Johnson,GB,20250212,7,Regular,1
U0003491,Michael,Martinez,BR,20250213,21,Bronze,1
U0003492,Maria,Costa,US,20250213,2,Regular,1
U0003493,Isabella,Moreau,CA,20250213,24,Regular,1
U0003494,Emma,Johnson,FR,20250214,12,Silver,1
U0003495,David,Müller,ES,20250215,15,Bronze,1
U0003496,James,Johnson,US,20250216,2,Regular,1
U0003497,Anna,Schmidt,DE,20250217,11,Regular,1
U0003498,Sophia,Schmidt,US,20250217,4,Regular,1
U0003499,David,Smith,IN,20250217,28,Regular,0
U0003500,Liam,Bernard,CA,20250218,24,Bronze,0
U0003501,Noah,Johnson,FR,20250219,14,Regular,0
U0003502,Charlotte,Müller,GB,20250219,6,Silver,1
U0003503,Oliver,Bernard,AU,20250219,25,Bronze,1
U0003504,Laura,Miller,DE,20250220,11,Bronze,1
U0003505,David,Brown,US,20250221,2,Regular,1
U0003506,Maria,Costa,ES,20250221,17,Regular,1
U0003507,Liam,Miller,IN,20250221,28,Bronze,1
U0003508,Maria,Brown,US,20250222,1,Regular,1
U0003509,Charlotte,Müller,GB,20250224,8,Regular,1
U0003510,Ethan,Rossi,AU,20250224,25,Regular,1
U0003511,Anna,Moreau,US,20250224,4,Regular,1
U0003512,Oliver,Bernard,US,20250225,2,Bronze,1
U0003513,Charlotte,Santos,ES,20250226,15,Regular,1
U0003514,Isabella,Brown,CA,20250226,24,Regular,1
U0003515,Sophia,Santos,FR,20250226,13,Regular,1
U0003516,Liam,Dubois,IN,20250227,28,Regular,1
U0003517,Amelia,Garcia,IT,20250228,19,Silver,1
U0003518,Ethan,Smith,US,20250228,3,Silver,1
U0003519,Lucas,Moreau,IN,20250303,28,Regular,1
U0003520,John,Bernard,FR,20250303,13,Regular,0
U0003521,Liam,Moreau,GB,20250305,7,Regular,1
U0003522,Lucas,Santos,ES,20250305,15,Bronze,1
U0003523,Noah,Bernard,DE,20250306,9,Regular,1
U0003524,Oliver,Anderson,US,20250306,2,Bronze,1
U0003525,Amelia,Dubois,US,20250307,2,Regular,1
U0003526,Sophia,Smith,FR,20250307,14,Bronze,1
U0003527,Ethan,Martinez,CA,20250307,23,Regular,1
U0003528,Charlotte,Bernard,ES,20250307,15,Bronze,1
U0003529,Michael,Johnson,IN,20250308,27,Regular,1
U0003530,Liam,Dubois,GB,20250308,6,Bronze,1
U0003531,Oliver,Garcia,GB,20250309,7,Regular,1
U0003532,Laura,Smith,US,20250310,4,Regular,1
U0003533,Amelia,Miller,US,20250310,3,Bronze,1
U0003534,Daniel,Rossi,GB,20250311,7,Regular,1
U0003535,Emma,Moreau,BR,20250311,21,Silver,0
U0003536,Daniel,Bernard,AU,20250311,26,Bronze,1
U0003537,Maria,Rossi,IN,20250312,27,Regular,1
U0003538,Charlotte,Silva,GB,20250312,7,Regular,0
U0003539,Charlotte,Johnson,AU,20250313,26,Regular,1
U0003540,Anna,Garcia,DE,20250313,10,Regular,1
U0003541,David,Silva,US,20250314,3,Regular,1
U0003542,Oliver,Brown,CA,20250314,23,Bronze,1
U0003543,Charlotte,Brown,IT,20250315,18,Regular,1
U0003544,Sophia,Müller,US,20250315,2,Regular,1
U0003545,Maria,Santos,FR,20250315,14,Regular,1
U0003546,Lucas,Miller,GB,20250315,7,Regular,1
U0003547,Sophia,Johnson,BR,20250315,21,Regular,1
U0003548,Emma,Anderson,FR,20250316,12,Bronze,1
U0003549,Isabella,Costa,IN,20250317,28,Silver,1
U0003550,Emma,Moreau,US,20250317,2,Regular,1
U0003551,James,Schmidt,DE,20250319,9,Gold,1
U0003552,Daniel,Rossi,FR,20250320,14,Regular,0
U0003553,Oliver,Dubois,ES,20250321,15,Gold,1
U0003554,John,Müller,DE,20250322,10,Bronze,1
U0003555,Emma,Moreau,BR,20250323,22,Bronze,1
U0003556,Maria,Müller,CA,20250324,23,Regular,1
U0003557,Amelia,Bernard,AU,20250324,26,Regular,1
U0003558,Noah,Müller,CA,20250324,24,Regular,1
U0003559,Ethan,Costa,CA,20250325,23,Bronze,1
U0003560,Charlotte,Moreau,ES,20250325,15,Regular,0
U0003561,Charlotte,Miller,CA,20250327,24,Silver,1
U0003562,Michael,Müller,DE,20250327,10,Regular,1
U0003563,Oliver,Costa,DE,20250327,11,Silver,1
U0003564,Lucas,Santos,DE,20250328,11,Regular,1
U0003565,Sophia,Bernard,FR,20250328,14,Regular,1
U0003566,Daniel,Brown,GB,20250328,6,Regular,1
U0003567,John,Bernard,IN,20250328,27,Regular,1
U0003568,Sophia,Brown,DE,20250329,10,Regular,1
U0003569,Sophia,Bernard,US,20250329,1,Bronze,1
U0003570,Ethan,Anderson,ES,20250330,15,Regular,1
U0003571,Lucas,Müller,US,20250330,1,Regular,0
U0003572,Michael,Costa,US,20250331,1,Silver,1
U0003573,Noah,Santos,GB,20250401,6,Regular,0
U0003574,John,Müller,FR,20250401,12,Gold,1
U0003575,Michael,Garcia,FR,20250402,12,VIP,1
U0003576,David,Müller,BR,20250404,21,Regular,1
U0003577,Anna,Santos,BR,20250404,22,Regular,1
U0003578,Maria,Garcia,FR,20250405,13,Regular,1
U0003579,David,Schmidt,DE,20250408,11,Bronze,1
U0003580,Charlotte,Dubois,DE,20250408,11,Regular,0
U0003581,Laura,Moreau,BR,20250409,21,Bronze,1
U0003582,David,Moreau,US,20250410,5,Bronze,1
U0003583,Isabella,Miller,US,20250411,5,Regular,1
U0003584,Daniel,Brown,BR,20250412,22,Silver,1
U0003585,Emma,Santos,FR,20250412,12,Bronze,1
U0003586,James,Santos,US,20250413,1,Regular,1
U0003587,Liam,Garcia,GB,20250413,6,Silver,1
U0003588,James,Anderson,AU,20250414,25,Bronze,1
U0003589,Liam,Rossi,CA,20250414,24,Regular,1
U0003590,Liam,Martinez,BR,20250415,21,Regular,1
U0003591,Sophia,Costa,FR,20250416,12,Regular,1
U0003592,Noah,Smith,ES,20250419,16,Regular,1
U0003593,David,Martinez,IN,20250419,27,Gold,1
U0003594,Emma,Miller,IN,20250419,27,Regular,1
U0003595,James,Santos,GB,20250420,7,Bronze,1
U0003596,Anna,Schmidt,CA,20250420,23,Regular,1
U0003597,Anna,Anderson,GB,20250424,6,Regular,1
U0003598,Isabella,Miller,GB,20250424,8,Gold,1
U0003599,Emma,Garcia,IT,20250424,19,Silver,1
U0003600,Charlotte,Johnson,FR,20250425,14,Regular,1
U0003601,Oliver,Santos,AU,20250425,26,Regular,1
U0003602,Daniel,Smith,US,20250426,4,Regular,1
U0003603,James,Martinez,ES,20250426,15,Regular,1
U0003604,Lucas,Brown,AU,20250427,26,Regular,1
U0003605,Oliver,Garcia,AU,20250427,26,Regular,1
U0003606,Sophia,Silva,US,20250427,2,Gold,1
U0003607,Amelia,Santos,DE,20250428,10,Regular,1
U0003608,Charlotte,Bernard,IT,20250428,18,Silver,1
U0003609,Sophia,Garcia,US,20250429,2,Bronze,1
U0003610,Michael,Silva,IN,20250430,28,Regular,1
U0003611,Noah,Müller,AU,20250430,26,Silver,1
U0003612,Ethan,Dubois,US,20250502,4,Regular,1
U0003613,Laura,Miller,US,20250503,2,Silver,1
U0003614,James,Moreau,US,20250504,1,Regular,1
U0003615,Anna,Moreau,AU,20250504,25,Regular,1
U0003616,Ethan,Miller,GB,20250504,8,Silver,1
U0003617,Charlotte,Johnson,FR,20250506,13,Regular,1
U0003618,Noah,Brown,FR,20250506,13,Silver,0
U0003619,Emma,Bernard,ES,20250508,16,Gold,1
U0003620,Sophia,Costa,US,20250508,5,Regular,1
U0003621,Daniel,Santos,GB,20250509,7,Regular,1
U0003622,Laura,Costa,AU,20250509,25,Regular,1
U0003623,Noah,Santos,AU,20250509,25,Bronze,1
U0003624,Laura,Dubois,BR,20250509,22,Silver,1
U0003625,Maria,Anderson,US,20250510,4,Regular,1
U0003626,John,Garcia,DE,20250510,9,Regular,1
U0003627,Michael,Martinez,IT,20250511,19,Bronze,1
U0003628,Michael,Brown,GB,20250513,6,Regular,1
U0003629,Emma,Garcia,AU,20250513,25,Silver,1
U0003630,Sophia,Smith,IT,20250513,20,Bronze,1
U0003631,Ethan,Bernard,US,20250513,5,Gold,1
U0003632,Isabella,Costa,AU,20250513,25,Regular,1
U0003633,Maria,Silva,IN,20250513,28,Regular,1
U0003634,Laura,Moreau,US,20250514,3,Regular,1
U0003635,James,Costa,ES,20250515,16,Regular,1
U0003636,Ethan,Martinez,DE,20250515,11,Gold,1
U0003637,Emma,Schmidt,DE,20250516,10,Regular,1
U0003638,Amelia,Miller,US,20250516,3,Bronze,1
U0003639,Isabella,Müller,ES,20250518,17,Regular,1
U0003640,John,Dubois,IN,20250519,28,Regular,1
U0003641,Isabella,Anderson,ES,20250519,16,Regular,1
U0003642,Sophia,Moreau,US,20250520,3,Bronze,1
U0003643,Maria,Johnson,IT,20250520,18,Regular,1
U0003644,David,Santos,DE,20250521,9,Regular,1
U0003645,Emma,Dubois,CA,20250523,24,Gold,1
U0003646,Maria,Moreau,FR,20250523,14,Regular,1
U0003647,Oliver,Silva,GB,20250523,6,Regular,1
U0003648,Lucas,Moreau,GB,20250523,6,Regular,0
U0003649,Amelia,Martinez,BR,20250524,22,Regular,1
U0003650,Anna,Garcia,GB,20250524,6,Gold,1
U0003651,Charlotte,Johnson,BR,20250525,22,Regular,1
U0003652,Michael,Rossi,GB,20250525,8,Regular,1
U0003653,Sophia,Santos,DE,20250525,10,Regular,1
U0003654,David,Schmidt,FR,20250525,14,Bronze,1
U0003655,Noah,Moreau,IN,20250527,27,Regular,1
U0003656,Noah,Miller,AU,20250527,25,Bronze,1
U0003657,Charlotte,Bernard,GB,20250529,6,Regular,1
U0003658,Anna,Dubois,DE,20250530,9,Regular,1
U0003659,Charlotte,Martinez,US,20250531,2,Silver,0
U0003660,James,Miller,ES,20250601,16,Regular,0
U0003661,Lucas,Dubois,FR,20250601,14,Silver,1
U0003662,Sophia,Schmidt,AU,20250601,25,Regular,1
U0003663,Liam,Anderson,AU,20250601,25,Silver,1
U0003664,David,Costa,DE,20250601,11,Regular,1
U0003665,Laura,Müller,FR,20250603,13,Bronze,1
U0003666,Charlotte,Martinez,AU,20250604,26,Regular,1
U0003667,Ethan,Dubois,CA,20250607,23,Regular,1
U0003668,Anna,Schmidt,US,20250607,2,Regular,1
U0003669,Amelia,Miller,DE,20250607,9,Regular,1
U0003670,John,Müller,FR,20250607,14,Regular,1
U0003671,Michael,Schmidt,GB,20250608,7,Regular,1
U0003672,Lucas,Garcia,GB,20250608,8,Regular,1
U0003673,Amelia,Miller,US,20250610,3,Silver,1
U0003674,Daniel,Rossi,IT,20250610,20,Bronze,1
U0003675,John,Martinez,GB,20250610,6,Bronze,1
U0003676,Isabella,Smith,US,20250610,3,Regular,1
U0003677,Oliver,Johnson,GB,20250611,8,Regular,1
U0003678,Maria,Rossi,CA,20250612,23,Regular,1
U0003679,Anna,Smith,CA,20250613,23,Silver,1
U0003680,David,Anderson,FR,20250614,13,Regular,1
U0003681,James,Smith,FR,20250616,14,Regular,1
U0003682,Lucas,Bernard,IN,20250616,28,Bronze,1
U0003683,Emma,Rossi,GB,20250617,6,Regular,1
U0003684,Liam,Dubois,GB,20250617,7,Silver,1
U0003685,Daniel,Santos,GB,20250618,6,Silver,1
U0003686,Charlotte,Costa,US,20250618,1,Regular,1
U0003687,Anna,Garcia,DE,20250618,9,Regular,1
U0003688,Amelia,Costa,AU,20250619,25,Regular,1
U0003689,Noah,Dubois,IT,20250619,20,Bronze,1
U0003690,Daniel,Miller,FR,20250620,12,Regular,1
U0003691,Sophia,Miller,AU,20250621,25,Bronze,1
U0003692,Lucas,Costa,US,20250623,5,Regular,1
U0003693,Anna,Santos,GB,20250623,7,Regular,0
U0003694,Maria,Anderson,ES,20250624,15,Regular,1
U0003695,Oliver,Schmidt,IT,20250625,19,Bronze,1
U0003696,David,Brown,US,20250625,5,Regular,1
U0003697,Charlotte,Garcia,FR,20250626,12,Silver,0
U0003698,Laura,Schmidt,IT,20250626,18,Regular,1
U0003699,Lucas,Miller,BR,20250626,22,Regular,1
U0003700,Isabella,Bernard,IT,20250627,20,Silver,1
U0003701,Isabella,Brown,DE,20250627,9,Silver,1
U0003702,Emma,Müller,US,20250627,3,Regular,1
U0003703,John,Brown,FR,20250629,12,Regular,1
U0003704,John,Moreau,US,20250629,1,Bronze,1
U0003705,Ethan,Martinez,IN,20250629,27,Regular,1
U0003706,Emma,Moreau,FR,20250630,14,Regular,0
U0003707,David,Schmidt,DE,20250630,11,Gold,1
U0003708,Amelia,Costa,BR,20250701,21,Regular,1
U0003709,Oliver,Brown,FR,20250701,12,Regular,1
U0003710,Sophia,Moreau,DE,20250702,11,Regular,1
U0003711,Lucas,Johnson,CA,20250702,24,Bronze,1
U0003712,Michael,Santos,CA,20250703,23,Bronze,1
U0003713,Isabella,Miller,IT,20250703,19,Regular,1
U0003714,Charlotte,Moreau,US,20250704,4,Regular,1
U0003715,Sophia,Rossi,ES,20250704,17,Regular,1
U0003716,Daniel,Johnson,BR,20250704,21,Bronze,0
U0003717,David,Smith,US,20250706,3,Regular,1
U0003718,Laura,Müller,GB,20250706,7,Gold,1
U0003719,Lucas,Garcia,AU,20250707,26,Regular,1
U0003720,James,Silva,US,20250708,2,VIP,1
U0003721,John,Müller,BR,20250709,21,Regular,1
U0003722,Liam,Rossi,FR,20250709,14,Bronze,1
U0003723,Charlotte,Schmidt,FR,20250709,13,Regular,1
U0003724,Amelia,Anderson,US,20250710,4,Regular,1
U0003725,Noah,Garcia,CA,20250710,24,Silver,1
U0003726,James,Anderson,DE,20250711,9,Silver,1
U0003727,Emma,Martinez,ES,20250711,17,Regular,1
U0003728,Oliver,Anderson,IT,20250712,20,Bronze,1
U0003729,Oliver,Dubois,BR,20250712,22,Regular,1
U0003730,Sophia,Garcia,IN,20250713,27,Silver,1
U0003731,Maria,Rossi,ES,20250713,17,Regular,1
U0003732,Noah,Brown,DE,20250713,11,Regular,1
U0003733,Isabella,Rossi,IN,20250714,27,Regular,1
U0003734,Daniel,Smith,IT,20250714,19,Regular,1
U0003735,Charlotte,Santos,GB,20250716,7,Silver,1
U0003736,Oliver,Brown,US,20250718,3,Regular,1
U0003737,Oliver,Anderson,CA,20250718,23,Regular,1
U0003738,Maria,Rossi,DE,20250719,9,Regular,1
U0003739,Oliver,Martinez,IT,20250720,20,Bronze,1
U0003740,Charlotte,Johnson,FR,20250721,12,Regular,1
U0003741,Lucas,Santos,GB,20250721,8,Regular,0
U0003742,Charlotte,Schmidt,IT,20250722,20,Gold,1
U0003743,Daniel,Silva,US,20250722,4,Regular,1
U0003744,John,Müller,FR,20250723,14,Bronze,1
U0003745,Maria,Bernard,ES,20250723,15,Bronze,1
U0003746,Sophia,Anderson,FR,20250724,12,Regular,1
U0003747,Emma,Martinez,BR,20250725,22,Gold,1
U0003748,Amelia,Dubois,CA,20250725,23,Bronze,1
U0003749,Emma,Müller,BR,20250725,21,Regular,1
U0003750,Laura,Dubois,US,20250726,4,Regular,1
U0003751,Amelia,Anderson,GB,20250728,6,Bronze,1
U0003752,David,Anderson,ES,20250728,16,Regular,1
U0003753,John,Silva,AU,20250729,25,Silver,0
U0003754,Noah,Bernard,CA,20250729,23,Regular,1
U0003755,Daniel,Anderson,CA,20250731,24,Regular,1
U0003756,Anna,Dubois,DE,20250731,10,Regular,1
U0003757,Isabella,Miller,FR,20250805,12,Regular,1
U0003758,Oliver,Müller,FR,20250805,14,Regular,1
U0003759,Isabella,Miller,US,20250805,1,Silver,1
U0003760,Charlotte,Dubois,US,20250806,3,Bronze,1
U0003761,Sophia,Santos,IN,20250806,28,Bronze,0
U0003762,David,Costa,GB,20250807,6,Bronze,1
U0003763,James,Moreau,GB,20250807,7,Silver,1
U0003764,Ethan,Müller,US,20250808,2,Regular,1
U0003765,Michael,Santos,AU,20250809,25,Silver,1
U0003766,Michael,Miller,ES,20250810,17,Regular,1
U0003767,Anna,Martinez,IT,20250811,18,Gold,1
U0003768,Emma,Costa,AU,20250812,26,Bronze,1
U0003769,Noah,Moreau,DE,20250813,10,Regular,1
U0003770,Laura,Miller,IT,20250815,18,Regular,1
U0003771,Michael,Bernard,US,20250816,1,Regular,1
U0003772,John,Silva,GB,20250817,6,Regular,1
U0003773,Sophia,Garcia,CA,20250818,24,Regular,1
U0003774,Liam,Anderson,BR,20250818,22,Regular,1
U0003775,Isabella,Anderson,DE,20250819,11,Regular,1
U0003776,Maria,Santos,DE,20250820,10,Gold,1
U0003777,Isabella,Müller,ES,20250821,15,Bronze,1
U0003778,Laura,Smith,US,20250821,4,Silver,1
U0003779,Daniel,Dubois,GB,20250822,7,Bronze,1
U0003780,Ethan,Schmidt,GB,20250823,7,Regular,1
U0003781,Michael,Rossi,GB,20250823,7,Regular,1
U0003782,Lucas,Santos,CA,20250824,24,Bronze,1
U0003783,Sophia,Johnson,GB,20250825,6,Gold,0
U0003784,Lucas,Moreau,GB,20250825,7,Regular,1
U0003785,Liam,Schmidt,ES,20250825,17,Silver,1
U0003786,Noah,Moreau,CA,20250826,23,Gold,1
U0003787,Anna,Santos,GB,20250826,6,Bronze,1
U0003788,Amelia,Silva,US,20250827,4,Gold,1
U0003789,Daniel,Costa,DE,20250827,9,Regular,1
U0003790,David,Santos,BR,20250828,21,Gold,1
U0003791,Anna,Silva,ES,20250829,16,Bronze,1
U0003792,Liam,Schmidt,CA,20250830,23,Regular,1
U0003793,Charlotte,Johnson,IN,20250830,28,Gold,1
U0003794,Daniel,Schmidt,BR,20250830,22,Regular,1
U0003795,Sophia,Anderson,IT,20250831,18,Regular,1
U0003796,James,Müller,FR,20250831,12,Regular,1
U0003797,Anna,Moreau,US,20250831,3,Regular,1
U0003798,Michael,Johnson,IN,20250831,27,Regular,1
U0003799,Daniel,Dubois,DE,20250831,10,Silver,1
U0003800,Noah,Costa,US,20250901,2,Regular,1
U0003801,Sophia,Santos,IT,20250903,20,Regular,1
U0003802,Laura,Müller,GB,20250904,6,Regular,0
U0003803,Charlotte,Martinez,ES,20250904,17,Regular,1
U0003804,Maria,Rossi,ES,20250904,15,Bronze,1
U0003805,Sophia,Miller,FR,20250904,13,Silver,1
U0003806,Sophia,Moreau,CA,20250908,24,Gold,1
U0003807,Liam,Garcia,GB,20250908,8,Bronze,1
U0003808,Anna,Smith,FR,20250908,12,Regular,1
U0003809,Charlotte,Smith,ES,20250909,16,Gold,1
U0003810,Lucas,Silva,IT,20250910,20,Bronze,1
U0003811,Anna,Brown,BR,20250910,21,Regular,1
U0003812,Noah,Moreau,DE,20250910,11,Bronze,1
U0003813,Daniel,Bernard,IT,20250910,19,Gold,1
U0003814,Ethan,Brown,US,20250911,2,Bronze,1
U0003815,Amelia,Johnson,AU,20250912,25,Regular,1
U0003816,Michael,Rossi,DE,20250914,9,Bronze,1
U0003817,Oliver,Bernard,BR,20250914,22,Regular,1
U0003818,Daniel,Rossi,US,20250914,2,Regular,1
U0003819,Michael,Martinez,GB,20250914,6,Regular,1
U0003820,Emma,Silva,FR,20250914,13,Regular,1
U0003821,Lucas,Müller,CA,20250915,24,Regular,1
U0003822,Michael,Dubois,ES,20250915,17,Regular,1
U0003823,Noah,Martinez,AU,20250916,26,Bronze,1
U0003824,Sophia,Bernard,FR,20250916,13,Silver,1
U0003825,Lucas,Moreau,FR,20250917,12,VIP,1
U0003826,Amelia,Santos,US,20250917,1,Regular,1
U0003827,Charlotte,Rossi,CA,20250918,23,Regular,1
U0003828,James,Müller,GB,20250918,7,Gold,1
U0003829,Noah,Smith,AU,20250919,26,Regular,1
U0003830,Michael,Johnson,AU,20250920,25,Bronze,1
U0003831,Amelia,Smith,IN,20250920,27,Bronze,1
U0003832,Laura,Miller,ES,20250920,16,Regular,1
U0003833,Ethan,Silva,IT,20250921,18,Silver,1
U0003834,Noah,Anderson,BR,20250921,22,Silver,1
U0003835,Amelia,Johnson,US,20250922,1,Regular,1
U0003836,Noah,Martinez,IT,20250925,19,Regular,1
U0003837,James,Dubois,US,20250925,5,Regular,1
U0003838,Daniel,Dubois,FR,20250925,13,Regular,1
U0003839,James,Smith,US,20250926,2,Regular,1
U0003840,Laura,Müller,GB,20250927,6,Regular,0
U0003841,David,Müller,DE,20250927,9,Regular,0
U0003842,Oliver,Johnson,FR,20250927,12,Gold,1
U0003843,Maria,Schmidt,IT,20250927,18,Regular,1
U0003844,Lucas,Miller,US,20250927,3,Regular,1
U0003845,Lucas,Silva,ES,20250927,15,Regular,0
U0003846,Liam,Silva,GB,20250929,7,Regular,1
U0003847,Sophia,Garcia,ES,20251002,15,Regular,1
U0003848,Oliver,Schmidt,IT,20251002,19,Regular,1
U0003849,John,Brown,ES,20251002,16,Regular,1
U0003850,Liam,Brown,BR,20251003,22,Silver,1
U0003851,Lucas,Brown,DE,20251003,10,VIP,1
U0003852,Charlotte,Santos,BR,20251003,22,Regular,1
U0003853,David,Smith,FR,20251003,12,Regular,1
U0003854,Emma,Smith,FR,20251004,14,Bronze,1
U0003855,Noah,Garcia,IT,20251004,20,Bronze,1
U0003856,James,Miller,US,20251004,4,Regular,1
U0003857,Anna,Silva,IT,20251004,18,Gold,1
U0003858,John,Rossi,IT,20251005,19,Regular,1
U0003859,Maria,Dubois,DE,20251005,10,Regular,1
U0003860,James,Moreau,US,20251005,3,Bronze,1
U0003861,Isabella,Santos,US,20251006,2,Gold,1
U0003862,Laura,Smith,AU,20251008,26,Silver,1
U0003863,James,Dubois,BR,20251008,21,Regular,1
U0003864,Anna,Schmidt,US,20251008,3,Regular,1
U0003865,Daniel,Costa,DE,20251010,10,Regular,1
U0003866,John,Rossi,ES,20251010,16,Regular,1
U0003867,David,Miller,CA,20251010,24,Bronze,1
U0003868,Amelia,Schmidt,US,20251011,2,Silver,1
U0003869,Noah,Anderson,GB,20251011,7,Bronze,1
U0003870,Amelia,Silva,AU,20251013,25,VIP,1
U0003871,Sophia,Dubois,US,20251014,2,Regular,1
U0003872,John,Santos,GB,20251014,8,Silver,1
U0003873,Anna,Brown,IN,20251015,27,Bronze,1
U0003874,Michael,Müller,IT,20251015,18,Regular,1
U0003875,Amelia,Santos,GB,20251016,8,Bronze,1
U0003876,Anna,Schmidt,US,20251018,3,Regular,1
U0003877,Daniel,Anderson,US,20251018,5,Silver,1
U0003878,Oliver,Dubois,GB,20251018,7,Regular,1
U0003879,Michael,Müller,AU,20251019,25,Regular,1
U0003880,Maria,Silva,FR,20251019,14,Bronze,1
U0003881,Anna,Smith,BR,20251021,21,Bronze,1
U0003882,Michael,Anderson,AU,20251021,26,Regular,1
U0003883,David,Silva,FR,20251023,14,Regular,1
U0003884,Ethan,Bernard,GB,20251025,7,Regular,1
U0003885,Isabella,Miller,ES,20251025,17,Regular,1
U0003886,David,Costa,AU,20251025,26,Silver,1
U0003887,Isabella,Müller,CA,20251026,23,Gold,1
U0003888,Sophia,Smith,US,20251026,4,Regular,1
U0003889,Lucas,Silva,BR,20251027,22,Bronze,1
U0003890,Emma,Müller,ES,20251028,15,Regular,1
U0003891,Isabella,Costa,AU,20251028,26,Bronze,1
U0003892,David,Bernard,US,20251028,1,Regular,1
U0003893,John,Anderson,ES,20251028,17,Regular,1
U0003894,Oliver,Miller,CA,20251029,23,Bronze,1
U0003895,Lucas,Dubois,FR,20251029,12,Regular,1
U0003896,Isabella,Moreau,FR,20251029,13,Bronze,1
U0003897,Isabella,Garcia,US,20251030,2,Silver,1
U0003898,Maria,Brown,GB,20251031,6,Regular,1
U0003899,Daniel,Miller,DE,20251101,9,Regular,1
U0003900,James,Martinez,IN,20251101,27,Silver,1
U0003901,Maria,Rossi,GB,20251102,6,Bronze,1
U0003902,Noah,Anderson,FR,20251102,12,Regular,0
U0003903,Charlotte,Müller,IT,20251102,19,Regular,1
U0003904,Maria,Brown,US,20251105,1,Bronze,1
U0003905,Daniel,Garcia,FR,20251105,14,Regular,1
U0003906,Laura,Silva,BR,20251106,22,Regular,1
U0003907,James,Anderson,CA,20251106,23,Regular,1
U0003908,Laura,Müller,IT,20251106,20,Silver,1
U0003909,Liam,Johnson,IT,20251107,18,Bronze,1
U0003910,Oliver,Anderson,US,20251107,5,VIP,1
U0003911,Noah,Schmidt,IN,20251107,28,Bronze,1
U0003912,Amelia,Santos,US,20251107,3,Gold,0
U0003913,Isabella,Dubois,BR,20251108,21,Regular,1
U0003914,Noah,Moreau,GB,20251108,6,Bronze,1
U0003915,Sophia,Garcia,AU,20251109,26,Regular,1
U0003916,Charlotte,Johnson,BR,20251109,22,Bronze,0
U0003917,David,Moreau,BR,20251109,22,Regular,1
U0003918,Charlotte,Santos,GB,20251109,7,Regular,1
U0003919,Laura,Smith,FR,20251111,14,Silver,0
U0003920,Lucas,Schmidt,IT,20251111,19,Silver,1
U0003921,Charlotte,Rossi,BR,20251111,21,Regular,1
U0003922,Charlotte,Anderson,US,20251112,5,Bronze,1
U0003923,David,Anderson,IN,20251112,28,Regular,0
U0003924,Michael,Moreau,AU,20251113,25,Regular,1
U0003925,Liam,Müller,GB,20251115,7,Silver,1
U0003926,Anna,Moreau,CA,20251116,23,Regular,1
U0003927,Amelia,Costa,ES,20251117,15,Gold,1
U0003928,Emma,Anderson,FR,20251117,14,Regular,1
U0003929,Daniel,Brown,DE,20251117,11,Bronze,1
U0003930,Noah,Miller,ES,20251118,17,Bronze,1
U0003931,Liam,Santos,BR,20251119,21,Regular,1
U0003932,Liam,Brown,FR,20251119,12,Regular,1
U0003933,David,Silva,IT,20251119,20,Silver,1
U0003934,Maria,Garcia,BR,20251121,21,Bronze,1
U0003935,Amelia,Smith,BR,20251123,22,Regular,1
U0003936,Charlotte,Martinez,US,20251123,5,Regular,1
U0003937,David,Miller,CA,20251123,24,Regular,1
U0003938,Noah,Martinez,FR,20251123,13,Regular,1
U0003939,Maria,Rossi,GB,20251125,7,Regular,1
U0003940,Daniel,Costa,GB,20251125,7,Regular,1
U0003941,Daniel,Miller,FR,20251126,14,Silver,1
U0003942,Maria,Johnson,AU,20251128,26,Bronze,1
U0003943,Emma,Santos,DE,20251128,11,Gold,1
U0003944,Liam,Anderson,BR,20251129,22,Bronze,1
U0003945,Charlotte,Martinez,US,20251129,1,Gold,0
U0003946,Maria,Anderson,FR,20251129,12,Regular,1
U0003947,Michael,Garcia,IN,20251130,28,Bronze,1
U0003948,Ethan,Santos,BR,20251202,22,VIP,1
U0003949,David,Silva,GB,20251202,6,Bronze,1
U0003950,Michael,Smith,ES,20251203,17,Regular,1
U0003951,Liam,Dubois,GB,20251204,8,Bronze,1
U0003952,James,Miller,FR,20251205,14,Gold,1
U0003953,Liam,Santos,BR,20251205,22,Silver,1
U0003954,Charlotte,Dubois,BR,20251205,21,Regular,1
U0003955,Charlotte,Schmidt,GB,20251207,7,Bronze,1
U0003956,James,Moreau,AU,20251207,26,VIP,1
U0003957,Amelia,Bernard,ES,20251207,17,Regular,1
U0003958,Sophia,Martinez,DE,20251207,9,Bronze,1
U0003959,Laura,Garcia,ES,20251208,15,Regular,1
U0003960,Sophia,Dubois,IT,20251210,20,Bronze,1
U0003961,David,Rossi,ES,20251210,16,Bronze,0
U0003962,Liam,Bernard,FR,20251211,13,Regular,1
U0003963,John,Schmidt,ES,20251211,16,Regular,1
U0003964,James,Anderson,US,20251212,1,Bronze,1
U0003965,Amelia,Costa,CA,20251212,24,Regular,1
U0003966,Lucas,Rossi,ES,20251213,16,Regular,1
U0003967,Lucas,Moreau,US,20251214,3,Silver,1
U0003968,Isabella,Garcia,BR,20251214,22,Regular,1
U0003969,Michael,Martinez,AU,20251214,26,Regular,1
U0003970,David,Anderson,IN,20251215,27,Gold,1
U0003971,Charlotte,Smith,DE,20251216,9,Regular,1
U0003972,Maria,Moreau,US,20251216,2,Regular,1
U0003973,Anna,Santos,ES,20251217,16,Bronze,1
U0003974,Amelia,Martinez,US,20251219,4,Bronze,1
U0003975,Amelia,Garcia,AU,20251219,26,Gold,1
U0003976,Sophia,Anderson,GB,20251219,7,Gold,1
U0003977,Anna,Brown,GB,20251220,8,Bronze,1
U0003978,Lucas,Smith,FR,20251221,13,Regular,1
U0003979,Oliver,Dubois,DE,20251221,11,Regular,1
U0003980,Lucas,Rossi,BR,20251221,21,Regular,1
U0003981,David,Rossi,FR,20251222,12,Regular,1
U0003982,Sophia,Miller,US,20251222,4,Bronze,1
U0003983,James,Costa,GB,20251223,6,Bronze,1
U0003984,Charlotte,Moreau,ES,20251224,16,Regular,1
U0003985,Ethan,Miller,US,20251224,4,Silver,1
U0003986,John,Johnson,IT,20251226,20,Regular,1
U0003987,John,Costa,ES,20251226,16,Regular,1
U0003988,Isabella,Martinez,BR,20251226,21,Bronze,1
U0003989,James,Brown,AU,20251226,25,Regular,1
U0003990,John,Bernard,AU,20251227,25,Regular,1
U0003991,Lucas,Müller,IN,20251228,28,Regular,1
U0003992,Noah,Bernard,GB,20251229,8,Regular,0
U0003993,Amelia,Smith,US,20251230,5,Bronze,0
U0003994,Isabella,Rossi,DE,20251230,10,Gold,0
U0003995,Noah,Schmidt,AU,20251230,25,Regular,1
U0003996,Maria,Dubois,IN,20251231,27,Regular,1
U0003997,Laura,Santos,CA,20251231,23,Bronze,1
U0003998,Isabella,Dubois,US,20251231,2,Gold,1
U0003999,Maria,Bernard,IN,20251231,27,Regular,1
U0004000,David,Silva,FR,20251231,12,Regular,1
